animeTitle	animeType	animeNumEpisode	releaseDate	endDate	animeNumMembers	animeScore	animeUsers	animeRank	animePopularity	animeDescription	animeRelated	animeCharacters	animeVoices	animeStaff
Haikyuu!!: Karasuno Koukou vs. Shiratorizawa Gakuen Koukou	TV	10	2016-10-08	2016-12-10	939490	8.81	611499	26	114	"After the victory against Aoba Jousai High, Karasuno High School, once called “a fallen powerhouse, a crow that can’t fly,” has finally reached the climax of the heated Spring tournament. Now, to advance to nationals, the Karasuno team has to defeat the powerhouse Shiratorizawa Academy. Karasuno’s greatest hurdle is their adversary’s ace, Wakatoshi Ushijima, the number one player in the Miyagi Prefecture, and one of the country’s top three aces.


Only the strongest team will make it to the national tournament. Since this match is the third-year players’ last chance to qualify for nationals, Karasuno has to use everything they learned during the training camp and prior matches to attain victory. Filled with restlessness and excitement, both teams are determined to come out on top in the third season of Haikyuu!!.


[Written by MAL Rewrite] "	['Haikyuu!!', 'Haikyuu!! Second Season', 'Haikyuu!! Movie 4: Concept no Tatakai', 'Haikyuu!!: Tokushuu! Haru-kou Volley ni Kaketa Seishun', 'Haikyuu!!: Riku vs. Kuu']	['Hinata, Shouyou', 'Kageyama, Tobio', 'Nishinoya, Yuu', 'Oikawa, Tooru', 'Tsukishima, Kei', 'Bokuto, Koutarou', 'Kuroo, Tetsurou', 'Sugawara, Koushi', 'Akaashi, Keiji', 'Tanaka, Ryuunosuke']	['Murase, Ayumu', 'Ishikawa, Kaito', 'Okamoto, Nobuhiko', 'Namikawa, Daisuke', 'Uchiyama, Kouki', 'Kimura, Ryouhei', 'Nakamura, Yuuichi', 'Irino, Miyu', 'Oosaka, Ryouta', 'Hayashi, Yuu']	[['Morihiro, Fumi', 'Producer'], ['Matsushita, Keiko', 'Producer'], ['Mitsunaka, Susumu', 'Director'], ['Kikuta, Hiromi', 'Sound Director']]
