animeTitle	animeType	animeNumEpisode	releaseDate	endDate	animeNumMembers	animeScore	animeUsers	animeRank	animePopularity	animeDescription	animeRelated	animeCharacters	animeVoices	animeStaff
Violet Evergarden Movie	Movie	1	2020-09-18		338259	8.94	84883	17	523	"Several years have passed since the end of The Great War. As the radio tower in Leidenschaftlich continues to be built, telephones will soon become more relevant, leading to a decline in demand for ""Auto Memory Dolls."" Even so, Violet Evergarden continues to rise in fame after her constant success with writing letters. However, sometimes the one thing you long for is the one thing that does not appear.

Violet Evergarden Movie follows Violet as she continues to comprehend the concept of emotion and the meaning of love. At the same time, she pursues a glimmer of hope that the man who once told her, ""I love you,"" may still be alive even after the many years that have passed.


[Written by MAL Rewrite]"	['Violet Evergarden']	['Evergarden, Violet', 'Bougainvillea, Gilbert', 'Blue, Benedict', 'Baudelaire, Cattleya', 'Hodgins, Claudia', 'Bougainvillea, Dietfried', 'Cannary, Iris', 'Brown, Erica', 'Magnolia, Daisy', 'Yuris']	['Ishikawa, Yui']	[['Karasawa, Miho', 'Theme Song Performance'], ['Call, Evan', 'Music'], ['Akatsuki, Kana', 'Original Creator']]
