animeTitle	animeType	animeNumEpisode	releaseDate	endDate	animeNumMembers	animeScore	animeUsers	animeRank	animePopularity	animeDescription	animeRelated	animeCharacters	animeVoices	animeStaff
Cowboy Bebop	TV	26	1998-04-03	1999-04-24	1480371	8.77	713379	32	44	"In the year 2071, humanity has colonized several of the planets and moons of the solar system leaving the now uninhabitable surface of planet Earth behind. The Inter Solar System Police attempts to keep peace in the galaxy, aided in part by outlaw bounty hunters, referred to as ""Cowboys."" The ragtag team aboard the spaceship Bebop are two such individuals.


Mellow and carefree Spike Spiegel is balanced by his boisterous, pragmatic partner Jet Black as the pair makes a living chasing bounties and collecting rewards. Thrown off course by the addition of new members that they meet in their travels—Ein, a genetically engineered, highly intelligent Welsh Corgi; femme fatale Faye Valentine, an enigmatic trickster with memory loss; and the strange computer whiz kid Edward Wong—the crew embarks on thrilling adventures that unravel each member's dark and mysterious past little by little.


Well-balanced with high density action and light-hearted comedy, Cowboy Bebop is a space Western classic and an homage to the smooth and improvised music it is named after.


[Written by MAL Rewrite]"	['Cowboy Bebop', 'Shooting Star Bebop: Cowboy Bebop', 'Cowboy Bebop: Tengoku no Tobira', 'Cowboy Bebop: Ein no Natsuyasumi', 'Cowboy Bebop: Yose Atsume Blues']	['Spiegel, Spike', 'Valentine, Faye', 'Wong Hau Pepelu Tivrusky IV, Edward', 'Black, Jet', 'Ein', 'Vicious', 'Eckener, Grencia Mars Elijah Guo', 'Von de Oniyate, Andy', 'Julia', 'Mad Pierrot']	['Yamadera, Kouichi', 'Hayashibara, Megumi', 'Tada, Aoi', 'Ishizuka, Unshou', 'Wakamoto, Norio', 'Horiuchi, Kenyuu', 'Ebara, Masashi', 'Takashima, Gara', 'Ginga, Banjou']	[['Maseba, Yutaka', 'Producer'], ['Minami, Masahiko', 'Producer'], ['Watanabe, Shinichiro', 'Director, Script, Storyboard'], ['Kobayashi, Katsuyoshi', 'Sound Director']]
