animeTitle	animeType	animeNumEpisode	releaseDate	endDate	animeNumMembers	animeScore	animeUsers	animeRank	animePopularity	animeDescription	animeRelated	animeCharacters	animeVoices	animeStaff
Made in Abyss Movie 3: Fukaki Tamashii no Reimei	Movie	1	2020-01-17		283673	8.7	116351	47	615	"Continuing their perilous descent down the Abyss, Riko, Regu, and newfound friend Nanachi reach the Abyss' fifth layer, The Sea of Corpses. Upon arriving at the research station known as Idofront, the main trio encounter the mysterious Prushka, the alleged daughter of Bondrewd, who leads them to the White Whistle responsible for Nanachi's dark past. Despite the welcoming appearances of Idofront's residents, Nanachi warns the young adventurers that things are not always what they seem. With the only route to the sixth layer shrouded in mystery and Bonedrewd's schemes awaiting them, what sacrifices must be made in order to continue the journey down to the bottom of the Abyss?


[Written by MAL Rewrite]"	['Made in Abyss', 'Made in Abyss Movie 2: Hourou Suru Tasogare', 'Marulk-chan no Nichijou', 'Made in Abyss: Retsujitsu no Ougonkyou']	['Nanachi', 'Reg', 'Riko', 'Bondrewd', 'Prushka']	['Izawa, Shiori', 'Ise, Mariya', 'Tomita, Miyu', 'Morikawa, Toshiyuki']	[['Kojima, Masayuki', 'Director'], ['MYTH & ROID', 'Theme Song Performance'], ['Penkin, Kevin', 'Music'], ['Tsukushi, Akihito', 'Original Creator']]
