animeTitle	animeType	animeNumEpisode	releaseDate	endDate	animeNumMembers	animeScore	animeUsers	animeRank	animePopularity	animeDescription	animeRelated	animeCharacters	animeVoices	animeStaff
Shingeki no Kyojin Season 3 Part 2	TV	10	2019-04-29	2019-07-01	1594011	9.09	1087519	3	33	"Seeking to restore humanity's diminishing hope, the Survey Corps embark on a mission to retake Wall Maria, where the battle against the merciless ""Titans"" takes the stage once again.


Returning to the tattered Shiganshina District that was once his home, Eren Yeager and the Corps find the town oddly unoccupied by Titans. Even after the outer gate is plugged, they strangely encounter no opposition. The mission progresses smoothly until Armin Arlert, highly suspicious of the enemy's absence, discovers distressing signs of a potential scheme against them. 

Shingeki no Kyojin Season 3 Part 2 follows Eren as he vows to take back everything that was once his. Alongside him, the Survey Corps strive—through countless sacrifices—to carve a path towards victory and uncover the secrets locked away in the Yeager family's basement.


[Written by MAL Rewrite]"	['Shingeki no Kyojin', 'Shingeki no Kyojin Season 3', 'Shingeki no Kyojin: The Final Season', 'Shingeki no Kyojin: Chronicle']	['Levi', 'Ackerman, Mikasa', 'Yeager, Eren', 'Arlert, Armin', 'Smith, Erwin', 'Zoë, Hange', 'Blouse, Sasha', 'Braun, Reiner', 'Kirstein, Jean', 'Leonhart, Annie']	['Kamiya, Hiroshi', 'Ishikawa, Yui', 'Kaji, Yuki', 'Inoue, Marina', 'Ono, Daisuke', 'Park, Romi', 'Kobayashi, Yuu', 'Hosoya, Yoshimasa', 'Taniyama, Kishou', 'Shimamura, Yuu']	[['Yabuta, Shuuhei', 'Producer'], ['Wada, Jouji', 'Producer'], ['Morishita, Katsuji', 'Producer, Planning'], ['Nakatake, Tetsuya', 'Producer']]
