animeTitle	animeType	animeNumEpisode	releaseDate	endDate	animeNumMembers	animeScore	animeUsers	animeRank	animePopularity	animeDescription	animeRelated	animeCharacters	animeVoices	animeStaff
Gintama'	TV	51	2011-04-04	2012-03-26	428620	9.06	178766	6	379	"After a one-year hiatus, Shinpachi Shimura returns to Edo, only to stumble upon a shocking surprise: Gintoki and Kagura, his fellow Yorozuya members, have become completely different characters! Fleeing from the Yorozuya headquarters in confusion, Shinpachi finds that all the denizens of Edo have undergone impossibly extreme changes, in both appearance and personality. Most unbelievably, his sister Otae has married the Shinsengumi chief and shameless stalker Isao Kondou and is pregnant with their first child.


Bewildered, Shinpachi agrees to join the Shinsengumi at Otae and Kondou's request and finds even more startling transformations afoot both in and out of the ranks of the the organization. However, discovering that Vice Chief Toushirou Hijikata has remained unchanged, Shinpachi and his unlikely Shinsengumi ally set out to return the city of Edo to how they remember it.


With even more dirty jokes, tongue-in-cheek parodies, and shameless references, Gintama' follows the Yorozuya team through more of their misadventures in the vibrant, alien-filled world of Edo.


[Written by MAL Rewrite]
"	"['Gintama', 'SKET Dance', ""Gintama': Enchousen"", 'Gintama: Yorinuki Gintama-san on Theater 2D']"	['Sakata, Gintoki', 'Kagura', 'Shimura, Shinpachi', 'Katsura, Kotarou', 'Hijikata, Toushirou', 'Okita, Sougo', 'Takasugi, Shinsuke', 'Tsukuyo', 'Hasegawa, Taizou', 'Kamui']	['Sugita, Tomokazu', 'Kugimiya, Rie', 'Sakaguchi, Daisuke', 'Ishida, Akira', 'Nakai, Kazuya', 'Suzumura, Kenichi', 'Koyasu, Takehito', 'Kaida, Yuuko', 'Tachiki, Fumihiko', 'Hino, Satoshi']	[['Fujita, Youichi', 'Director, Episode Director, Storyboard'], ['Kobayashi, Katsuyoshi', 'Sound Director'], ['Yoshimura, Ai', 'Episode Director, Storyboard'], ['Miyawaki, Chizuru', 'Episode Director, Storyboard, Key Animation, 2nd Key Animation']]
