animeTitle	animeType	animeNumEpisode	releaseDate	endDate	animeNumMembers	animeScore	animeUsers	animeRank	animePopularity	animeDescription	animeRelated	animeCharacters	animeVoices	animeStaff
Fullmetal Alchemist: Brotherhood	TV	64	2009-04-05	2010-07-04	2673753	9.16	1622384	1	3	"After a horrific alchemy experiment goes wrong in the Elric household, brothers Edward and Alphonse are left in a catastrophic new reality. Ignoring the alchemical principle banning human transmutation, the boys attempted to bring their recently deceased mother back to life. Instead, they suffered brutal personal loss: Alphonse's body disintegrated while Edward lost a leg and then sacrificed an arm to keep Alphonse's soul in the physical realm by binding it to a hulking suit of armor.


The brothers are rescued by their neighbor Pinako Rockbell and her granddaughter Winry. Known as a bio-mechanical engineering prodigy, Winry creates prosthetic limbs for Edward by utilizing ""automail,"" a tough, versatile metal used in robots and combat armor. After years of training, the Elric brothers set off on a quest to restore their bodies by locating the Philosopher's Stone—a powerful gem that allows an alchemist to defy the traditional laws of Equivalent Exchange.


As Edward becomes an infamous alchemist and gains the nickname ""Fullmetal,"" the boys' journey embroils them in a growing conspiracy that threatens the fate of the world.


[Written by MAL Rewrite]"	['Fullmetal Alchemist', 'Fullmetal Alchemist: Brotherhood Specials', 'Fullmetal Alchemist: The Sacred Star of Milos', 'Fullmetal Alchemist: Brotherhood - 4-Koma Theater']	['Elric, Edward', 'Elric, Alphonse', 'Mustang, Roy', 'Hughes, Maes', 'Greed', 'Hawkeye, Riza', 'Yao, Ling', 'Armstrong, Alex Louis', 'Rockbell, Winry', 'Armstrong, Olivier Mira']	['Park, Romi', 'Kugimiya, Rie', 'Miki, Shinichiro', 'Fujiwara, Keiji', 'Nakamura, Yuuichi', 'Orikasa, Fumiko', 'Miyano, Mamoru', 'Utsumi, Kenji', 'Takamoto, Megumi', 'Soumi, Youko']	[['Cook, Justin', 'Producer'], ['Yonai, Noritomo', 'Producer'], ['Irie, Yasuhiro', 'Director, Episode Director, Storyboard'], ['Mima, Masafumi', 'Sound Director']]
