animeTitle	animeType	animeNumEpisode	releaseDate	endDate	animeNumMembers	animeScore	animeUsers	animeRank	animePopularity	animeDescription	animeRelated	animeCharacters	animeVoices	animeStaff
Sen to Chihiro no Kamikakushi	Movie	1	2001-07-20		1489418	8.79	1040305	30	43	"Stubborn, spoiled, and naïve, 10-year-old Chihiro Ogino is less than pleased when she and her parents discover an abandoned amusement park on the way to their new house. Cautiously venturing inside, she realizes that there is more to this place than meets the eye, as strange things begin to happen once dusk falls. Ghostly apparitions and food that turns her parents into pigs are just the start—Chihiro has unwittingly crossed over into the spirit world. Now trapped, she must summon the courage to live and work amongst spirits, with the help of the enigmatic Haku and the cast of unique characters she meets along the way.


Vivid and intriguing, Sen to Chihiro no Kamikakushi tells the story of Chihiro's journey through an unfamiliar world as she strives to save her parents and return home.


[Written by MAL Rewrite]"		['Haku', 'Ogino, Chihiro', 'Kaonashi', 'Makkuro-Kurosuke', 'Kamajii', 'Lin', 'Yubaba', 'Oshira-sama', 'Ootori-sama', 'Zeniba']	['Irino, Miyu', 'Hiiragi, Rumi', 'Nakamura, Akio', 'Sugawara, Bunta', 'Tamai, Yumi', 'Natsuki, Mari', 'Yasuda, Ken']	[['Suzuki, Toshio', 'Producer'], ['Ishii, Tomohiko', 'Assistant Producer'], ['Miyazaki, Hayao', 'Director, Script, Storyboard'], ['Kimura, Youmi', 'Theme Song Composition, Theme Song Performance']]
