animeTitle	animeType	animeNumEpisode	releaseDate	endDate	animeNumMembers	animeScore	animeUsers	animeRank	animePopularity	animeDescription	animeRelated	animeCharacters	animeVoices	animeStaff
Ginga Eiyuu Densetsu	OVA	110	1988-01-08	1997-03-17	262816	9.04	58459	8	674	"The 150-year-long stalemate between the two interstellar superpowers, the Galactic Empire and the Free Planets Alliance, comes to an end when a new generation of leaders arises: the idealistic military genius Reinhard von Lohengramm, and the FPA's reserved historian, Yang Wenli.


While Reinhard climbs the ranks of the Empire with the aid of his childhood friend, Siegfried Kircheis, he must fight not only the war, but also the remnants of the crumbling Goldenbaum Dynasty in order to free his sister from the Kaiser and unify humanity under one genuine ruler. Meanwhile, on the other side of the galaxy, Yang—a strong supporter of democratic ideals—has to stand firm in his beliefs, despite the struggles of the FPA, and show his pupil, Julian Mintz, that autocracy is not the solution.


As ideologies clash amidst the war's many casualties, the two strategic masterminds must ask themselves what the real reason behind their battle is.


[Written by MAL Rewrite]"	['Ginga Eiyuu Densetsu', 'Ginga Eiyuu Densetsu: Arata Naru Tatakai no Overture', 'Ginga Eiyuu Densetsu Gaiden', 'Ginga Eiyuu Densetsu Gaiden (1999)', 'Ginga Eiyuu Densetsu: Die Neue These - Kaikou', 'Ginga Eiyuu Densetsu: Die Neue These - Seiran 1', 'Ginga Eiyuu Densetsu: Die Neue These - Seiran 2', 'Ginga Eiyuu Densetsu: Die Neue These - Seiran 3', 'Ginga Eiyuu Densetsu: Die Neue These - Gaikotsu']	['Yang, Wen-li', 'von Lohengramm, Reinhard', 'von Reuenthal, Oskar', 'von Oberstein, Paul', 'Kircheis, Siegfried', 'von Schönkopf, Walter', 'Mittermeyer, Wolfgang', 'Minci, Julian', 'von Mariendorf, Hildegard', 'Attenborough, Dusty']	['Tomiyama, Kei', 'Horikawa, Ryo', 'Wakamoto, Norio', 'Shiozawa, Kaneto', 'Hironaka, Masashi', 'Hazama, Michio', 'Mori, Katsuji', 'Sasaki, Nozomu', 'Katsuki, Masako', 'Inoue, Kazuhiko']	[['Ishiguro, Noboru', 'Director, Episode Director, Storyboard'], ['Aketagawa, Susumu', 'Sound Director'], ['Motonaga, Keitarou', 'Episode Director, Storyboard'], ['Imaizumi, Kenichi', 'Episode Director, Animation Director, Key Animation, In-Between Animation']]
