animeTitle	animeType	animeNumEpisode	releaseDate	endDate	animeNumMembers	animeScore	animeUsers	animeRank	animePopularity	animeDescription	animeRelated	animeCharacters	animeVoices	animeStaff
Shiguang Dailiren	ONA	11	2021-04-30	2021-07-09	130869	8.86	33258	23	1361	"It is said that a picture is worth a thousand words. In this case, it holds an infinite amount of secrets. These are secrets that only Cheng Xiaoshi and Lu Guang are able to find. In a small shop called ""Time Photo Studio,"" the two friends provide a special service: using their extraordinary powers that let them enter photographs, they jump into pictures brought to them by clients in order to grant their wishes. Through the eyes of the photographer, they live through the events surrounding the picture and try to decipher how to solve their client's request.


But every time they jump into a picture, they take a great risk. One wrong move and they could alter the future of the person who took the picture... and possibly countless other events too. So when the events they are forced to live through in these pictures start to become personal, it will take the utmost strength to push their feelings aside and focus on accomplishing the task they were paid to do.


[Written by MAL Rewrite]"	['Shiguang Dailiren Fan Wai Pian: Biwu Zhaoqin', 'Shiguang Dailiren 2nd Season', 'Shiguang Dailiren Specials']	['Cheng, Xiaoshi', 'Lu, Guang', 'Qiao, Ling', 'Liu, Min', 'Yu, Xia', 'Lin, Zhen']		[['Cheng, Xiaoshi', 'Main'], ['Lu, Guang', 'Main'], ['Qiao, Ling', 'Supporting'], ['Liu, Min', 'Supporting'], ['Yu, Xia', 'Supporting'], ['Lin, Zhen', 'Supporting']]
