animeTitle	animeType	animeNumEpisode	releaseDate	endDate	animeNumMembers	animeScore	animeUsers	animeRank	animePopularity	animeDescription	animeRelated	animeCharacters	animeVoices	animeStaff
Kingdom 3rd Season	TV	26	2020-04-06	2021-10-17	56489	8.77	9547	33	2339	"Following the successful Sanyou campaign, the Qin army, including 1,000-Man Commander Li Xin, inches ever closer to fulfilling King Ying Zheng's dream of unifying China. With a major geographical foothold in the state of Wei now under its control, Qin sets its sights eastward toward the remaining warring states.


Meanwhile Li Mu—an unparalleled strategist and the newly appointed prime minister of the state of Zhao—has taken advantage of Zhao's temporary truce with Qin to negotiate with the other states without interruption. Seemingly without warning, Ying Zheng receives news that armies from the states of Chu, Zhao, Wei, Han, Yan, and Qi have crossed into Qin territory. Realizing too late the purpose behind Li Mu's truce with Qin, Zheng quickly gathers his advisors to devise a plan to address the six-state coalition army on their doorstep. For the first time in history, the state of Qin faces complete destruction and must use every resource and strategy at their disposal to prevent themselves from being wiped off the map.


[Written by MAL Rewrite]
"	['Kingdom', 'Kingdom 2nd Season', '5-fun de Wakaru! Kingdom: Gasshougun-hen', 'Kingdom 4th Season']	['Li, Xin', 'Lei, Qiang', 'Ying, Zheng', 'He Liao, Diao', 'Huan, Yi', 'Wang, Jian', 'Gong, Biao', 'Meng, Tian', 'Li, Mu', 'Teng']	['Morita, Masakazu', 'Hikasa, Youko', 'Fukuyama, Jun', 'Kugimiya, Rie', 'Itou, Kentarou', 'Horiuchi, Kenyuu', 'Saitou, Shirou', 'Nojima, Hirofumi', 'Morikawa, Toshiyuki', 'Katou, Akio']	[['Imaizumi, Kenichi', 'Director'], ['Monma, Kazuya', 'Director, Episode Director, Storyboard'], ['Sawano, Hiroyuki', 'Theme Song Lyrics, Theme Song Arrangement, Theme Song Composition, Music'], ['BiSH', 'Theme Song Performance']]
