animeTitle	animeType	animeNumEpisode	releaseDate	endDate	animeNumMembers	animeScore	animeUsers	animeRank	animePopularity	animeDescription	animeRelated	animeCharacters	animeVoices	animeStaff
Shouwa Genroku Rakugo Shinjuu: Sukeroku Futatabi-hen	TV	12	2017-01-07	2017-03-25	159391	8.76	53698	35	1115	"Even after having risen to the utmost rank of shun'ichi, Yotarou struggles to find his own identity in the world of rakugo. Caught between his master's teachings and the late Sukeroku's unique style, his performance lacks an important ingredient—ego. And while his popularity packs the theaters, he is but one of the few; rakugo is under threat of being eclipsed.


Meanwhile Yakumo, regarded by many as the last bastion of preserving the popularity of rakugo, struggles to cope with his elderly state. Even though his performances are still stellar, he fears that he is nearing his limits. His doubts grow stronger as an old friend creeps ever closer. Konatsu, for her part, attempts to raise her son as a single mother, which Yotarou is heavily opposed to. Instead, he seeks to persuade her to marry him and in turn raise her son as his own.


In Shouwa Genroku Rakugo Shinjuu: Sukeroku Futatabi-hen, the curtains fall on Yotarou and Yakumo's story, tasked with restoring the near-obsolete art form as well as overcoming their internal conflicts.


[Written by MAL Rewrite]"	['Shouwa Genroku Rakugo Shinjuu']	['Yuurakutei, Yakumo', 'Yotarou', 'Yuurakutei, Sukeroku', 'Konatsu', 'Miyokichi', 'Matsuda', 'Shinnosuke', 'Tsuburaya, Mangetsu', 'Higuchi, Eisuke', 'Koyuki']	['Ishida, Akira', 'Seki, Tomokazu', 'Yamadera, Kouichi', 'Kobayashi, Yuu', 'Hayashibara, Megumi', 'Ushiyama, Shigeru', 'Komatsu, Mikako', 'Yusa, Kouji', 'Seki, Toshihiko', 'Asai, Ayaka']	[['Omata, Shinichi', 'Director, Episode Director, Storyboard'], ['Andou, Takashi', 'Episode Director'], ['Kimura, Nobukage', 'Episode Director, Storyboard'], ['Nakanishi, Yasuhiro', 'Script']]
