animeTitle	animeType	animeNumEpisode	releaseDate	endDate	animeNumMembers	animeScore	animeUsers	animeRank	animePopularity	animeDescription	animeRelated	animeCharacters	animeVoices	animeStaff
Kimi no Na wa.	Movie	1	2016-08-26		2159457	8.89	1479424	21	9	"Mitsuha Miyamizu, a high school girl, yearns to live the life of a boy in the bustling city of Tokyo—a dream that stands in stark contrast to her present life in the countryside. Meanwhile in the city, Taki Tachibana lives a busy life as a high school student while juggling his part-time job and hopes for a future in architecture.


One day, Mitsuha awakens in a room that is not her own and suddenly finds herself living the dream life in Tokyo—but in Taki's body! Elsewhere, Taki finds himself living Mitsuha's life in the humble countryside. In pursuit of an answer to this strange phenomenon, they begin to search for one another.

Kimi no Na wa. revolves around Mitsuha and Taki's actions, which begin to have a dramatic impact on each other's lives, weaving them into a fabric held together by fate and circumstance.


[Written by MAL Rewrite]"	['Kimi no Na wa.', 'Shousetsu Kimi no Na Wa.', 'Suntory Minami Alps no Tennensui', 'Tenki no Ko CMs']	['Miyamizu, Mitsuha', 'Tachibana, Taki', 'Yukino, Yukari', 'Okudera, Miki', 'Miyamizu, Yotsuha', 'Teshigawara, Katsuhiko', 'Miyamizu, Hitoha', 'Natori, Sayaka', 'Fujii, Tsukasa', 'Takagi, Shinta']	['Kamishiraishi, Mone', 'Kamiki, Ryunosuke', 'Hanazawa, Kana', 'Nagasawa, Masami', 'Tani, Kanon', 'Narita, Ryou', 'Ichihara, Etsuko', 'Yuuki, Aoi', 'Shimazaki, Nobunaga', 'Ishikawa, Kaito']	[['Kawamura, Genki', 'Producer, Planning'], ['Shinkai, Makoto', 'Director, Script, Storyboard, Original Creator, Editing'], ['Yamada, Haru', 'Sound Director'], ['Shinomiya, Yoshitoshi', 'Episode Director, Key Animation']]
