animeTitle	animeType	animeNumEpisode	releaseDate	endDate	animeNumMembers	animeScore	animeUsers	animeRank	animePopularity	animeDescription	animeRelated	animeCharacters	animeVoices	animeStaff
Vinland Saga	TV	24	2019-07-08	2019-12-30	952296	8.73	482029	40	112	"Young Thorfinn grew up listening to the stories of old sailors that had traveled the ocean and reached the place of legend, Vinland. It's said to be warm and fertile, a place where there would be no need for fighting—not at all like the frozen village in Iceland where he was born, and certainly not like his current life as a mercenary. War is his home now. Though his father once told him, ""You have no enemies, nobody does. There is nobody who it's okay to hurt,"" as he grew, Thorfinn knew that nothing was further from the truth.


The war between England and the Danes grows worse with each passing year. Death has become commonplace, and the viking mercenaries are loving every moment of it. Allying with either side will cause a massive swing in the balance of power, and the vikings are happy to make names for themselves and take any spoils they earn along the way. Among the chaos, Thorfinn must take his revenge and kill Askeladd, the man who murdered his father. The only paradise for the vikings, it seems, is the era of war and death that rages on.


[Written by MAL Rewrite]"	['Vinland Saga', 'Ponkotsuland Saga', 'Vinland Saga Season 2']	['Askeladd', 'Thorfinn', 'Canute', 'Thorkell', 'Thors', 'Hild', 'Gudrid', 'Björn', 'Ylva', 'Willibald']	['Uchida, Naoya', 'Uemura, Yuuto', 'Ono, Kensho', 'Ootsuka, Akio', 'Matsuda, Kenichirou', 'Yasumoto, Hiroki', 'Nabatame, Hitomi', 'Hino, Satoshi']	[['Ueda, Youko', 'Producer'], ['Yabuta, Shuuhei', 'Director, Episode Director, Storyboard'], ['Hata, Shouji', 'Sound Director'], ['Matsubayashi, Tadahito', 'Episode Director, Storyboard, Key Animation']]
