animeTitle	animeType	animeNumEpisode	releaseDate	endDate	animeNumMembers	animeScore	animeUsers	animeRank	animePopularity	animeDescription	animeRelated	animeCharacters	animeVoices	animeStaff
Made in Abyss	TV	13	2017-07-07	2017-09-29	1037942	8.7	540647	46	96	"The Abyss—a gaping chasm stretching down into the depths of the earth, filled with mysterious creatures and relics from a time long past. How did it come to be? What lies at the bottom? Countless brave individuals, known as Divers, have sought to solve these mysteries of the Abyss, fearlessly descending into its darkest realms. The best and bravest of the Divers, the White Whistles, are hailed as legends by those who remain on the surface.


Riko, daughter of the missing White Whistle Lyza the Annihilator, aspires to become like her mother and explore the furthest reaches of the Abyss. However, just a novice Red Whistle herself, she is only permitted to roam its most upper layer. Even so, Riko has a chance encounter with a mysterious robot with the appearance of an ordinary young boy. She comes to name him Reg, and he has no recollection of the events preceding his discovery. Certain that the technology to create Reg must come from deep within the Abyss, the two decide to venture forth into the chasm to recover his memories and see the bottom of the great pit with their own eyes. However, they know not of the harsh reality that is the true existence of the Abyss.


[Written by MAL Rewrite]"	['Made in Abyss', 'Made in Abyss Movie 3: Fukaki Tamashii no Reimei', 'Made in Abyss Movie 1: Tabidachi no Yoake', 'Made in Abyss Movie 2: Hourou Suru Tasogare']	['Reg', 'Riko', 'Nanachi', 'Ouzen', 'Bondrewd', 'Mitty', 'Lyza', 'Marulk', 'Jiruo', 'Kiwi']	['Ise, Mariya', 'Tomita, Miyu', 'Izawa, Shiori', 'Ohara, Sayaka', 'Morikawa, Toshiyuki', 'Kitamura, Eri', 'Sakamoto, Maaya', 'Toyosaki, Aki', 'Murata, Taishi', 'Hanawa, Manami']	[['Kojima, Masayuki', 'Director, Storyboard'], ['Yamada, Haru', 'Sound Director'], ['Nakamura, Ryousuke', 'Episode Director, Storyboard'], ['Iino, Shinya', 'Episode Director, Storyboard, Assistant Director']]
