animeTitle	animeType	animeNumEpisode	releaseDate	endDate	animeNumMembers	animeScore	animeUsers	animeRank	animePopularity	animeDescription	animeRelated	animeCharacters	animeVoices	animeStaff
Evangelion: 3.0+1.0 Thrice Upon a Time	Movie	1	2021-03-08		244169	8.69	65586	49	734	"Shinji Ikari is still adrift after losing his will to live, but the place he arrives at teaches him what it means to hope. Finally, the Instrumentality Project is set in motion and Wille make one last grueling stand to prevent the Final Impact.


(Source: IMDB)"	['Neon Genesis Evangelion', 'Evangelion: 3.0 You Can (Not) Redo', 'Evangelion Shito, Hakata Shuurai']	['Souryuu, Asuka Langley', 'Ikari, Shinji', 'Ayanami (tentative), Rei', 'Katsuragi, Misato', 'Nagisa, Kaworu', 'Ikari, Gendou', 'Makinami, Mari Illustrious', 'Kaji, Ryouji', 'Akagi, Ritsuko', 'Suzuhara, Touji']	['Miyamura, Yuko', 'Ogata, Megumi']	[['Anno, Hideaki', 'Director, Planning, Creator, Key Animation'], ['Tsurumaki, Kazuya', 'Director'], ['Nakayama, Katsuichi', 'Director'], ['Utada, Hikaru', 'Theme Song Performance']]
