animeTitle	animeType	animeNumEpisode	releaseDate	endDate	animeNumMembers	animeScore	animeUsers	animeRank	animePopularity	animeDescription	animeRelated	animeCharacters	animeVoices	animeStaff
Gintama	TV	201	2006-04-04	2010-03-25	886043	8.95	264481	15	122	"The Amanto, aliens from outer space, have invaded Earth and taken over feudal Japan. As a result, a prohibition on swords has been established, and the samurai of Japan are treated with disregard as a consequence.


However one man, Gintoki Sakata, still possesses the heart of the samurai, although from his love of sweets and work as a yorozuya, one might not expect it. Accompanying him in his jack-of-all-trades line of work are Shinpachi Shimura, a boy with glasses and a strong heart, Kagura with her umbrella and seemingly bottomless stomach, as well as Sadaharu, their oversized pet dog. Of course, these odd jobs are not always simple, as they frequently have run-ins with the police, ragtag rebels, and assassins, oftentimes leading to humorous but unfortunate consequences.


Who said life as an errand boy was easy?


[Written by MAL Rewrite]"	"['Gintama', 'Gintama: Nanigoto mo Saiyo ga Kanjin nano de Tasho Senobisuru Kurai ga Choudoyoi', 'Gintama: Shiroyasha Koutan', 'Gintama: Dai Hanseikai', ""Gintama': Futon ni Haitte kara Buki Nokoshi ni Kizuite Neru ni Nerenai Toki mo Aru"", 'Gintama°: Umai-mono wa Atomawashi ni Suru to Yokodorisareru kara Yappari Saki ni Kue', 'Gintama Movie 1: Shinyaku Benizakura-hen', 'Gintama: Yorinuki Gintama-san on Theater 2D', '', ""Gintama'"", 'Gintama Movie 2: Kanketsu-hen - Yorozuya yo Eien Nare', 'Gintama x Mameshiba', 'Yinhun x KFC', 'Gintama: Monster Strike-hen']"	['Sakata, Gintoki', 'Kagura', 'Shimura, Shinpachi', 'Katsura, Kotarou', 'Hijikata, Toushirou', 'Okita, Sougo', 'Takasugi, Shinsuke', 'Tsukuyo', 'Hasegawa, Taizou', 'Kamui']	['Sugita, Tomokazu', 'Kugimiya, Rie', 'Sakaguchi, Daisuke', 'Ishida, Akira', 'Nakai, Kazuya', 'Suzumura, Kenichi', 'Koyasu, Takehito', 'Kaida, Yuuko', 'Tachiki, Fumihiko', 'Hino, Satoshi']	[['Takamatsu, Shinji', 'Co-Director, Director, Storyboard, Animation Director'], ['Kobayashi, Noriko', 'Producer'], ['Fujita, Youichi', 'Director, Episode Director, Storyboard, Assistant Director'], ['Kobayashi, Katsuyoshi', 'Sound Director']]
