animeTitle	animeType	animeNumEpisode	releaseDate	endDate	animeNumMembers	animeScore	animeUsers	animeRank	animePopularity	animeDescription	animeRelated	animeCharacters	animeVoices	animeStaff
Kimetsu no Yaiba Movie: Mugen Ressha-hen	Movie	1	2020-10-16		882511	8.71	504037	45	126	"After a string of mysterious disappearances begin to plague a train, the Demon Slayer Corps' multiple attempts to remedy the problem prove fruitless. To prevent further casualties, the flame pillar, Kyoujurou Rengoku, takes it upon himself to eliminate the threat. Accompanying him are some of the Corps' most promising new blood: Tanjirou Kamado, Zenitsu Agatsuma, and Inosuke Hashibira, who all hope to witness the fiery feats of this model demon slayer firsthand.


Unbeknownst to them, the demonic forces responsible for the disappearances have already put their sinister plan in motion. Under this demonic presence, the group must muster every ounce of their willpower and draw their swords to save all two hundred passengers onboard. Kimetsu no Yaiba Movie: Mugen Ressha-hen delves into the deepest corners of Tanjirou's mind, putting his resolve and commitment to duty to the test.


[Written by MAL Rewrite]"	['Kimetsu no Yaiba', 'Kimetsu no Yaiba: Yuukaku-hen', 'Kimetsu no Yaiba: Mugen Ressha-hen']	['Kamado, Tanjirou', 'Agatsuma, Zenitsu', 'Kamado, Nezuko', 'Hashibira, Inosuke', 'Rengoku, Kyoujurou', 'Kochou, Shinobu', 'Tomioka, Giyuu', 'Kanroji, Mitsuri', 'Tokitou, Muichirou', 'Akaza']	['Hanae, Natsuki', 'Shimono, Hiro', 'Kitou, Akari', 'Matsuoka, Yoshitsugu', 'Hino, Satoshi', 'Hayami, Saori', 'Sakurai, Takahiro', 'Ishida, Akira']	[['Sotozaki, Haruo', 'Director'], ['Zeiger, Christian', 'Script, ADR Director'], ['LiSA', 'Theme Song Lyrics, Theme Song Performance'], ['Kajiura, Yuki', 'Theme Song Lyrics, Theme Song Arrangement, Theme Song Composition, Music']]
