animeTitle	animeType	animeNumEpisode	releaseDate	endDate	animeNumMembers	animeScore	animeUsers	animeRank	animePopularity	animeDescription	animeRelated	animeCharacters	animeVoices	animeStaff
Owarimonogatari 2nd Season	TV	7	2017-08-12	2017-08-13	322891	8.91	150320	18	529	"Following an encounter with oddity specialist Izuko Gaen, third-year high school student Koyomi Araragi wakes up in a strange, deserted void only to be greeted by a joyfully familiar face in an alarmingly unfamiliar place.  


Araragi, with the help of his girlfriend Hitagi Senjougahara, maneuvers through the webs of his past and the perplexities of the present in search of answers. However, fate once again delivers him to the eccentric transfer student Ougi Oshino, who brings forth an unexpected proposal that may unearth the very foundation to which he is anchored. As Araragi peels back the layers of mystery surrounding an apparition, he discovers a truth not meant to be revealed.


[Written by MAL Rewrite]"	['Monogatari Series: Final Season', 'Owarimonogatari', 'Koyomimonogatari', 'Owarimonogatari 2nd Season Recaps', 'Zoku Owarimonogatari']	['Senjougahara, Hitagi', 'Araragi, Koyomi', 'Hachikuji, Mayoi', 'Oshino, Ougi', 'Oshino, Shinobu', 'Hanekawa, Tsubasa', 'Kanbaru, Suruga', 'Sengoku, Nadeko', 'Ononoki, Yotsugi', 'Oshino, Meme']	['Saitou, Chiwa', 'Kamiya, Hiroshi', 'Katou, Emiri', 'Mizuhashi, Kaori', 'Sakamoto, Maaya', 'Horie, Yui', 'Hanazawa, Kana', 'Hayami, Saori', 'Sakurai, Takahiro']	[['Shinbou, Akiyuki', 'Director, Series Composition'], ['Itamura, Tomoyuki', 'Director, Episode Director, Storyboard'], ['Kizawa, Yukito', 'Script'], ['Nakamoto, Munemasa', 'Script']]
