animeTitle	animeType	animeNumEpisode	releaseDate	endDate	animeNumMembers	animeScore	animeUsers	animeRank	animePopularity	animeDescription	animeRelated	animeCharacters	animeVoices	animeStaff
Rurouni Kenshin: Meiji Kenkaku Romantan - Tsuioku-hen	OVA	4	1999-02-20	1999-09-22	245878	8.72	122653	42	722	"When mankind's savagery surpasses his fear of death, there is little hope for those who wish to live honest lives. Beneath a full moon, a young boy witnesses the murder of the bandits who had enslaved him, and is then christened with a new name by the man who rescued him. This boy is Shinta, now known as Kenshin Himura, and he is destined to become a swordsman. The softness of his heart does not befit the occupation, but his desire to protect the innocent is absolute.

Rurouni Kenshin: Meiji Kenkaku Romantan - Tsuioku-hen details the origins of the man who would bear the name of Hitokiri Battousai long before he swore his oath not to kill and before he earned his reputation as an assassin. The young man's heart is divided between justice and corruption, while the fate of a nation rests on his actions.


[Written by MAL Rewrite]"	['Rurouni Kenshin: Meiji Kenkaku Romantan']	['Himura, Kenshin', 'Saitou, Hajime', 'Shishio, Makoto', 'Hiko, Seijuurou', 'Yukishiro, Tomoe', 'Yukishiro, Enishi', 'Okita, Souji', 'Takasugi, Shinsaku', 'Tatsumi', 'Katsura, Kogoro']	['Suzukaze, Mayo', 'Suzuoki, Hirotaka', 'Ikeda, Shuuichi', 'Iwao, Junko', 'Sasaki, Nozomu', 'Hibino, Akari', 'Takagi, Wataru', 'Uchida, Minoru', 'Seki, Tomokazu']	[['Campbell, Charles', 'Producer, ADR Director, Recording Engineer'], ['Furuhashi, Kazuhiro', 'Director'], ['Hata, Shouji', 'Sound Director'], ['Matsumoto, Atsushi', 'Storyboard']]
