animeTitle	animeType	animeNumEpisode	releaseDate	endDate	animeNumMembers	animeScore	animeUsers	animeRank	animePopularity	animeDescription	animeRelated	animeCharacters	animeVoices	animeStaff
Gintama.: Shirogane no Tamashii-hen	TV	12	2018-01-08	2018-03-26	159819	8.82	74240	25	1118	"After the fierce battle on Rakuyou, the untold past and true goal of the immortal Naraku leader, Utsuro, are finally revealed. By corrupting the Altana reserves of several planets, Utsuro has successfully triggered the intervention of the Tendoshuu’s greatest enemy: the Altana Liberation Army. With Earth as the main battleground in this interplanetary war, Utsuro's master plan to destroy the planet—and himself—is nearly complete. 


An attack on the O-Edo Central Terminal marks the beginning of the final battle to take back the land of the samurai. With the Yorozuya nowhere in sight, the bakufu all but collapsed, and the Shogun missing, the people are left completely helpless as the Liberation Army begins pillaging Edo in the name of freeing them from the Tendoshuu's rule. 


Caught in the crossfire between two equally imposing forces, can Gintoki, Kagura, Shinpachi, and the former students of Shouyou Yoshida put aside their differences and unite their allies to protect what they hold dear?


[Written by MAL Rewrite]"	['Gintama', 'Gintama.: Porori-hen', 'Gintama.: Shirogane no Tamashii-hen - Kouhan-sen']	['Sakata, Gintoki', 'Kagura', 'Shimura, Shinpachi', 'Katsura, Kotarou', 'Hijikata, Toushirou', 'Okita, Sougo', 'Takasugi, Shinsuke', 'Tsukuyo', 'Hasegawa, Taizou', 'Elizabeth']	['Sugita, Tomokazu', 'Kugimiya, Rie', 'Sakaguchi, Daisuke', 'Ishida, Akira', 'Nakai, Kazuya', 'Suzumura, Kenichi', 'Koyasu, Takehito', 'Kaida, Yuuko', 'Tachiki, Fumihiko']	[['Fujita, Youichi', 'Director'], ['Miyawaki, Chizuru', 'Director'], ['BURNOUT SYNDROMES', 'Theme Song Performance'], ['DISH//', 'Theme Song Performance']]
