animeTitle	animeType	animeNumEpisode	releaseDate	endDate	animeNumMembers	animeScore	animeUsers	animeRank	animePopularity	animeDescription	animeRelated	animeCharacters	animeVoices	animeStaff
Monster	TV	74	2004-04-07	2005-09-28	763196	8.8	243125	28	158	"Dr. Kenzou Tenma, an elite neurosurgeon recently engaged to his hospital director's daughter, is well on his way to ascending the hospital hierarchy. That is until one night, a seemingly small event changes Dr. Tenma's life forever. While preparing to perform surgery on someone, he gets a call from the hospital director telling him to switch patients and instead perform life-saving brain surgery on a famous performer. His fellow doctors, fiancée, and the hospital director applaud his accomplishment; but because of the switch, a poor immigrant worker is dead, causing Dr. Tenma to have a crisis of conscience.


So when a similar situation arises, Dr. Tenma stands his ground and chooses to perform surgery on the young boy Johan Liebert instead of the town's mayor. Unfortunately, this choice leads to serious ramifications for Dr. Tenma—losing his social standing being one of them. However, with the mysterious death of the director and two other doctors, Dr. Tenma's position is restored. With no evidence to convict him, he is released and goes on to attain the position of hospital director. 


Nine years later when Dr. Tenma saves the life of a criminal, his past comes back to haunt him—once again, he comes face to face with the monster he operated on. He must now embark on a quest of pursuit to make amends for the havoc spread by the one he saved.


[Written by MAL Rewrite]"	['Monster', 'Monster Extra: Hottan', 'Monster Special Edition']	['Liebert, Johan', 'Tenma, Kenzou', 'Liebert, Anna', 'Grimmer, Wolfgang', 'Lunge, Heinrich', 'Heinemann, Eva', 'Dieter', 'Reest, Martin', 'Reichwein, Julius', 'Roberto']	['Sasaki, Nozomu', 'Kiuchi, Hidenobu', 'Noto, Mamiko', 'Tanaka, Hideyuki', 'Isobe, Tsutomu', 'Koyama, Mami', 'Takeuchi, Junko', 'Ikeda, Shuuichi', 'Nagai, Ichiro', 'Katsube, Nobuyuki']	[['Maruyama, Masao', 'Producer'], ['Tamura, Manabu', 'Producer'], ['Kojima, Masayuki', 'Director'], ['Honda, Yasunori', 'Sound Director']]
