animeTitle	animeType	animeNumEpisode	releaseDate	endDate	animeNumMembers	animeScore	animeUsers	animeRank	animePopularity	animeDescription	animeRelated	animeCharacters	animeVoices	animeStaff
Hunter x Hunter (2011)	TV	148	2011-10-02	2014-09-24	2147991	9.06	1252938	7	10	"Hunter x Hunter is set in a world where Hunters exist to perform all manner of dangerous tasks like capturing criminals and bravely searching for lost treasures in uncharted territories. Twelve-year-old Gon Freecss is determined to become the best Hunter possible in hopes of finding his father, who was a Hunter himself and had long ago abandoned his young son. However, Gon soon realizes the path to achieving his goals is far more challenging than he could have ever imagined.


Along the way to becoming an official Hunter, Gon befriends the lively doctor-in-training Leorio, vengeful Kurapika, and rebellious ex-assassin Killua. To attain their own goals and desires, together the four of them take the Hunter Exam, notorious for its low success rate and high probability of death. Throughout their journey, Gon and his friends embark on an adventure that puts them through many hardships and struggles. They will meet a plethora of monsters, creatures, and characters—all while learning what being a Hunter truly means.


[Written by MAL Rewrite]"	['Hunter x Hunter', 'Hunter x Hunter: Original Video Animation', 'Hunter x Hunter: Greed Island', 'Hunter x Hunter: Greed Island Final', 'Hunter x Hunter Movie 1: Phantom Rouge', 'Hunter x Hunter Movie 2: The Last Mission']	['Zoldyck, Killua', 'Kurapika', 'Freecss, Gon', 'Paladiknight, Leorio', 'Morow, Hisoka', 'Meruem', 'Lucilfer, Chrollo', 'Netero, Isaac', 'Neferpitou', 'Portor, Feitan']	['Ise, Mariya', 'Sawashiro, Miyuki', 'Han, Megumi', 'Fujiwara, Keiji', 'Namikawa, Daisuke', 'Uchiyama, Kouki', 'Miyano, Mamoru', 'Ginga, Banjou', 'Fujimura, Ayumi', 'Yamaguchi, Kappei']	[['Maruyama, Masao', 'Producer'], ['Nakatani, Toshio', 'Producer'], ['Koujina, Hiroshi', 'Director'], ['Yamada, Chiaki', 'Sound Director']]
