animeTitle	animeType	animeNumEpisode	releaseDate	endDate	animeNumMembers	animeScore	animeUsers	animeRank	animePopularity	animeDescription	animeRelated	animeCharacters	animeVoices	animeStaff
Gintama.	TV	12	2017-01-09	2017-03-27	246019	8.98	108581	11	726	"After joining the resistance against the bakufu, Gintoki and the gang are in hiding, along with Katsura and his Joui rebels. The Yorozuya is soon approached by Nobume Imai and two members of the Kiheitai, who explain that the Harusame pirates have turned against 7th Division Captain Kamui and their former ally Takasugi. The Kiheitai present Gintoki with a job: find Takasugi, who has been missing since his ship was ambushed in a Harusame raid. Nobume also makes a stunning revelation regarding the Tendoushuu, a secret organization pulling the strings of numerous factions, and their leader Utsuro, the shadowy figure with an uncanny resemblance to Gintoki's former teacher.


Hitching a ride on Sakamoto's space ship, the Yorozuya and Katsura set out for Rakuyou, Kagura's home planet, where the various factions have gathered and tensions are brewing. Long-held grudges, political infighting, and the Tendoushuu's sinister overarching plan finally culminate into a massive, decisive battle on Rakuyou.


[Written by MAL Rewrite]"	['Gintama', 'Gintama°', 'Gintama.: Porori-hen']	['Sakata, Gintoki', 'Kagura', 'Katsura, Kotarou', 'Takasugi, Shinsuke', 'Shimura, Shinpachi', 'Kamui', 'Elizabeth', 'Imai, Nobume', 'Sadaharu', 'Sakamoto, Tatsuma']	['Sugita, Tomokazu', 'Kugimiya, Rie', 'Ishida, Akira', 'Koyasu, Takehito', 'Sakaguchi, Daisuke', 'Hino, Satoshi', 'Hirano, Aya', 'Takahashi, Mikako', 'Miki, Shinichiro']	[['Fujita, Youichi', 'Director'], ['Miyawaki, Chizuru', 'Director'], ['Takamatsu, Shinji', 'Sound Director'], ['Kobayashi, Katsuyoshi', 'Sound Director, Sound Supervisor']]
