animeTitle	animeType	animeNumEpisode	releaseDate	endDate	animeNumMembers	animeScore	animeUsers	animeRank	animePopularity	animeDescription	animeRelated	animeCharacters	animeVoices	animeStaff
Jujutsu Kaisen (TV)	TV	24	2020-10-03	2021-03-27	1529260	8.73	889441	41	40	"Idly indulging in baseless paranormal activities with the Occult Club, high schooler Yuuji Itadori spends his days at either the clubroom or the hospital, where he visits his bedridden grandfather. However, this leisurely lifestyle soon takes a turn for the strange when he unknowingly encounters a cursed item. Triggering a chain of supernatural occurrences, Yuuji finds himself suddenly thrust into the world of Curses—dreadful beings formed from human malice and negativity—after swallowing the said item, revealed to be a finger belonging to the demon Sukuna Ryoumen, the ""King of Curses.""


Yuuji experiences first-hand the threat these Curses pose to society as he discovers his own newfound powers. Introduced to the Tokyo Metropolitan Jujutsu Technical High School, he begins to walk down a path from which he cannot return—the path of a Jujutsu sorcerer.


[Written by MAL Rewrite]"	['Jujutsu Kaisen', 'Kaikai Kitan', 'Jujutsu Kaisen 0 Movie']	['Gojou, Satoru', 'Itadori, Yuuji', 'Kugisaki, Nobara', 'Fushiguro, Megumi', 'Ryoumen, Sukuna', 'Inumaki, Toge', 'Nanami, Kento', 'Zenin, Maki', 'Toudou, Aoi', 'Panda']	['Nakamura, Yuuichi', 'Enoki, Junya', 'Seto, Asami', 'Uchida, Yuuma', 'Suwabe, Junichi', 'Uchiyama, Kouki', 'Tsuda, Kenjirou', 'Komatsu, Mikako', 'Kimura, Subaru', 'Seki, Tomokazu']	[['Seshita, Keisuke', 'Producer'], ['Park, Seong-Hu', 'Director, Episode Director, Key Animation'], ['Fujita, Akiko', 'Sound Director'], ['Umemoto, Yui', 'Episode Director, Assistant Director']]
