animeTitle	animeType	animeNumEpisode	releaseDate	endDate	animeNumMembers	animeScore	animeUsers	animeRank	animePopularity	animeDescription	animeRelated	animeCharacters	animeVoices	animeStaff
Code Geass: Hangyaku no Lelouch R2	TV	25	2008-04-06	2008-09-28	1467252	8.91	983102	20	46	"One year has passed since the Black Rebellion, a failed uprising against the Holy Britannian Empire led by the masked vigilante Zero, who is now missing. At a loss without their revolutionary leader, Area 11's resistance group—the Black Knights—find themselves too powerless to combat the brutality inflicted upon the Elevens by Britannia, which has increased significantly in order to crush any hope of a future revolt. 


Lelouch Lamperouge, having lost all memory of his double life, is living peacefully alongside his friends as a high school student at Ashford Academy. His former partner C.C., unable to accept this turn of events, takes it upon herself to remind him of his past purpose, hoping that the mastermind Zero will rise once again to finish what he started, in this thrilling conclusion to the series.


[Written by MAL Rewrite]
"	['Code Geass: Hangyaku no Lelouch', 'Code Geass: Hangyaku no Lelouch R2', 'Code Geass: Hangyaku no Lelouch R2 Picture Drama', 'Code Geass: Hangyaku no Lelouch - Kiseki no Birthday', 'Code Geass: Hangyaku no Lelouch R2 Omake Flash', 'Code Geass: Hangyaku no Lelouch R2 Picture Drama - Last Moratorium', 'Code Geass: Hangyaku no Lelouch R2 Special Edition - Zero Requiem', 'Code Geass: Hangyaku no Lelouch II - Handou', 'Code Geass: Hangyaku no Lelouch III - Oudou']	['Lamperouge, Lelouch', 'C.C.', 'Stadtfeld, Kallen', 'Kururugi, Suzaku', 'Gottwald, Jeremiah', 'Fenette, Shirley', 'Asplund, Lloyd', 'Lamperouge, Rolo', 'Lamperouge, Nunnally', 'li Britannia, Cornelia']	['Fukuyama, Jun', 'Yukana', 'Koshimizu, Ami', 'Sakurai, Takahiro', 'Narita, Ken', 'Orikasa, Fumiko', 'Shiratori, Tetsu', 'Mizushima, Takahiro', 'Nazuka, Kaori', 'Minagawa, Junko']	[['Maseba, Yutaka', 'Producer'], ['Taniguchi, Gorou', 'Director, Storyboard, Original Creator'], ['Urakami, Yasuo', 'Sound Director'], ['Izawa, Motoi', 'Sound Director']]
