animeTitle	animeType	animeNumEpisode	releaseDate	endDate	animeNumMembers	animeScore	animeUsers	animeRank	animePopularity	animeDescription	animeRelated	animeCharacters	animeVoices	animeStaff
Mushishi Zoku Shou 2nd Season	TV	10	2014-10-19	2014-12-21	223764	8.75	86019	36	796	"Ghostly, primordial beings known as Mushi continue to cause mysterious changes in the lives of humans. The travelling Mushishi, Ginko, persists in trying to set right the strange and unsettling situations he encounters. Time loops, living shadows, and telepathy are among the overt effects of interference from Mushi, but more subtle symptoms that take years to be noticed also rouse Ginko's concern as he passes from village to village.


Through circumstance, Ginko has become an arbiter, determining which Mushi are blessings and which are curses. But the lines that he seeks to draw are subjective. Some of his patients would rather exercise their new powers until they are utterly consumed by them; others desperately strive to rid themselves of afflictions which are in fact protecting their lives from devastation. Those who cross paths with Mushi must learn to accept seemingly impossible consequences for their actions, and heal wounds they did not know they had. Otherwise, they risk meeting with fates beyond their comprehension.


[Written by MAL Rewrite]"	['Mushishi', 'Mushishi Zoku Shou', 'Mushishi Zoku Shou: Odoro no Michi', 'Mushishi Zoku Shou: Suzu no Shizuku']	['Ginko', 'Narrator', 'Shino', 'Kaoru', 'Akane', 'Izumi', 'Mikage', 'Youkichi', 'Suguro', 'Gen']	['Nakano, Yuto', 'Doi, Mika', 'Kobashi, Megumi', 'Furukawa, Toshio', 'Matsuura, Ayu', 'Suzuki, Reiko', 'Nishimura, Tomomichi', 'Nakao, Ryusei']	[['Nagahama, Hiroshi', 'Director, Script, Storyboard'], ['Rose, Lucy', 'Theme Song Performance'], ['Urushibara, Yuki', 'Original Creator'], ['Masuda, Toshio', 'Music']]
