animeTitle	animeType	animeNumEpisode	releaseDate	endDate	animeNumMembers	animeScore	animeUsers	animeRank	animePopularity	animeDescription	animeRelated	animeCharacters	animeVoices	animeStaff
3-gatsu no Lion 2nd Season	TV	22	2017-10-14	2018-03-31	324027	8.97	155163	12	528	"Now in his second year of high school, Rei Kiriyama continues pushing through his struggles in the professional shogi world as well as his personal life. Surrounded by vibrant personalities at the shogi hall, the school club, and in the local community, his solitary shell slowly begins to crack. Among them are the three Kawamoto sisters—Akari, Hinata, and Momo—who forge an affectionate and familial bond with Rei. Through these ties, he realizes that everyone is burdened by their own emotional hardships and begins learning how to rely on others while supporting them in return. 


Nonetheless, the life of a professional is not easy. Between tournaments, championships, and title matches, the pressure mounts as Rei advances through the ranks and encounters incredibly skilled opponents. As he manages his relationships with those who have grown close to him, the shogi player continues to search for the reason he plays the game that defines his career.


[Written by MAL Rewrite]"	['3-gatsu no Lion', 'Lion meets HachiClo']	['Kiriyama, Rei', 'Kawamoto, Hinata', 'Kawamoto, Akari', 'Kawamoto, Momo', 'Shimada, Kai', 'Nikaidou, Harunobu', 'Hayashida, Takashi', 'Kouda, Kyouko', 'Souya, Touji', 'Yanagihara, Sakutarou']	['Kawanishi, Kengo', 'Hanazawa, Kana', 'Kayano, Ai', 'Kuno, Misaki', 'Miki, Shinichiro', 'Okamoto, Nobuhiko', 'Sakurai, Takahiro', 'Inoue, Marina', 'Ishida, Akira', 'Ootsuka, Houchuu']	[['Shinbou, Akiyuki', 'Director, Series Composition'], ['Okada, Kenjirou', 'Director, Episode Director, Storyboard'], ['Nakamura, Ryousuke', 'Episode Director, Storyboard'], ['Takatsu, Yukio', 'Episode Director, Storyboard, Key Animation']]
