animeTitle	animeType	animeNumEpisode	releaseDate	endDate	animeNumMembers	animeScore	animeUsers	animeRank	animePopularity	animeDescription	animeRelated	animeCharacters	animeVoices	animeStaff
Gintama Movie 2: Kanketsu-hen - Yorozuya yo Eien Nare	Movie	1	2013-07-06		195809	8.94	110231	16	922	"When Gintoki apprehends a movie pirate at a premiere, he checks the camera's footage and finds himself transported to a bleak, post-apocalyptic version of Edo, where a mysterious epidemic called the ""White Plague"" has ravished the world's population. It turns out that the movie pirate wasn't a pirate after all—it was an android time machine, and Gintoki has been hurtled five years into the future! Shinpachi and Kagura, his Yorozuya cohorts, have had a falling out and are now battle-hardened solo vigilantes and he himself has been missing for years, disappearing without a trace after scribbling a strange message in his journal.


Setting out in the disguise given to him by the android time machine, Gintoki haphazardly reunites the Yorozuya team to investigate the White Plague, and soon discovers that the key to saving the future lies in the darkness of his own past. Determined to confront a powerful foe, he makes an important discovery—with a ragtag band of friends and allies at his side, he doesn't have to fight alone.


[Written by MAL Rewrite]"	['Gekijouban Gintama: Kanketsu-hen - Yorozuya yo Eien Nare', 'Gintama', 'Gintama x Mameshiba', 'Gintama°']	['Sakata, Gintoki', 'Kagura', 'Shimura, Shinpachi', 'Katsura, Kotarou', 'Hijikata, Toushirou', 'Okita, Sougo', 'Takasugi, Shinsuke', 'Tsukuyo', 'Hasegawa, Taizou', 'Elizabeth']	['Sugita, Tomokazu', 'Kugimiya, Rie', 'Sakaguchi, Daisuke', 'Ishida, Akira', 'Nakai, Kazuya', 'Suzumura, Kenichi', 'Koyasu, Takehito', 'Kaida, Yuuko', 'Tachiki, Fumihiko', 'Kamiya, Akira']	[['Fujita, Youichi', 'Director, Episode Director, Storyboard'], ['Kobayashi, Katsuyoshi', 'Sound Director'], ['Miyawaki, Chizuru', 'Episode Director, Storyboard'], ['Kawamura, Tomoyuki', 'Episode Director, Storyboard']]
