animeTitle	animeType	animeNumEpisode	releaseDate	endDate	animeNumMembers	animeScore	animeUsers	animeRank	animePopularity	animeDescription	animeRelated	animeCharacters	animeVoices	animeStaff
Steins;Gate	TV	24	2011-04-06	2011-09-14	2089561	9.09	1109700	4	11	"The self-proclaimed mad scientist Rintarou Okabe rents out a room in a rickety old building in Akihabara, where he indulges himself in his hobby of inventing prospective ""future gadgets"" with fellow lab members: Mayuri Shiina, his air-headed childhood friend, and Hashida Itaru, a perverted hacker nicknamed ""Daru."" The three pass the time by tinkering with their most promising contraption yet, a machine dubbed the ""Phone Microwave,"" which performs the strange function of morphing bananas into piles of green gel.


Though miraculous in itself, the phenomenon doesn't provide anything concrete in Okabe's search for a scientific breakthrough; that is, until the lab members are spurred into action by a string of mysterious happenings before stumbling upon an unexpected success—the Phone Microwave can send emails to the past, altering the flow of history.


Adapted from the critically acclaimed visual novel by 5pb. and Nitroplus, Steins;Gate takes Okabe through the depths of scientific theory and practicality. Forced across the diverging threads of past and present, Okabe must shoulder the burdens that come with holding the key to the realm of time.


[Written by MAL Rewrite]"	['Steins;Gate', 'ChäoS;HEAd', 'Robotics;Notes', 'ChäoS;Child', 'Occultic;Nine', 'Steins;Gate: Oukoubakko no Poriomania', 'Steins;Gate: Soumei Eichi no Cognitive Computing', 'Steins;Gate: Kyoukaimenjou no Missing Link - Divide By Zero']	['Okabe, Rintarou', 'Makise, Kurisu', 'Shiina, Mayuri', 'Hashida, Itaru', 'Amane, Suzuha', 'Urushibara, Ruka', 'Akiha, Rumiho', 'Kiryuu, Moeka', 'Tennouji, Yuugo', 'Tennouji, Nae']	['Miyano, Mamoru', 'Imai, Asami', 'Hanazawa, Kana', 'Seki, Tomokazu', 'Tamura, Yukari', 'Kobayashi, Yuu', 'Momoi, Haruko', 'Gotou, Saori', 'Terasoma, Masaki', 'Yamamoto, Ayano']	[['Iwasa, Gaku', 'Producer'], ['Yasuda, Takeshi', 'Producer, Planning'], ['Hamasaki, Hiroshi', 'Director, Episode Director, Storyboard, Key Animation'], ['Satou, Takuya', 'Director, Episode Director, Storyboard']]
