animeTitle	animeType	animeNumEpisode	releaseDate	endDate	animeNumMembers	animeScore	animeUsers	animeRank	animePopularity	animeDescription	animeRelated	animeCharacters	animeVoices	animeStaff
Hajime no Ippo	TV	75	2000-10-04	2002-03-27	443756	8.74	208748	38	364	"Makunouchi Ippo has been bullied his entire life. Constantly running errands and being beaten up by his classmates, Ippo has always dreamed of changing himself, but never has the passion to act upon it. One day, in the midst of yet another bullying, Ippo is saved by Takamura Mamoru, who happens to be a boxer. Ippo faints from his injuries and is brought to the Kamogawa boxing gym to recover. As he regains consciousness, he is awed and amazed at his new surroundings in the gym, though lacks confidence to attempt anything. Takamura places a photo of Ippo's classmate on a punching bag and forces him to punch it. It is only then that Ippo feels something stir inside him and eventually asks Takamura to train him in boxing. Thinking that Ippo does not have what it takes, Takamura gives him a task deemed impossible and gives him a one week time limit. With a sudden desire to get stronger, for himself and his hard working mother, Ippo trains relentlessly to accomplish the task within the time limit. Thus Ippo's journey to the top of the boxing world begins.


[Written by MAL Rewrite]"	['Hajime no Ippo', 'Hajime no Ippo: Champion Road', 'Hajime no Ippo: Boxer no Kobushi']	['Takamura, Mamoru', 'Makunouchi, Ippo', 'Aoki, Masaru', 'Kamogawa, Genji', 'Kimura, Tatsuya', 'Sendo, Takeshi', 'Zangief, Alexander Volg', 'Miyata, Ichirou', 'Mashiba, Ryo', 'Date, Eiji']	['Koyama, Rikiya', 'Kiyasu, Kohei', 'Takagi, Wataru', 'Utsumi, Kenji', 'Fujiwara, Keiji', 'Onosaka, Masaya', 'Morikawa, Toshiyuki', 'Seki, Tomokazu', 'Tanaka, Masahiko', 'Aizawa, Masaki']	[['Nishimura, Satoshi', 'Director'], ['Mima, Masafumi', 'Sound Director'], ['Kojima, Masayuki', 'Episode Director, Storyboard'], ['Nanba, Hitoshi', 'Episode Director']]
