animeTitle	animeType	animeNumEpisode	releaseDate	endDate	animeNumMembers	animeScore	animeUsers	animeRank	animePopularity	animeDescription	animeRelated	animeCharacters	animeVoices	animeStaff
Odd Taxi	TV	13	2021-04-06	2021-06-29	206693	8.79	87609	29	897	"Eccentric and blunt, the walrus Hiroshi Odokawa lives a relatively normal life. He drives a taxi for a living, and there he meets several unique individuals: the jobless Taichi Kabasawa who is dead-set on going viral, the mysterious nurse Miho Shirakawa, the struggling comedic duo ""Homo Sapiens,"" and Dobu, a well-known delinquent.


But Odokawa's simple way of life is about to be turned upside-down. The case of a missing girl the police have been tracking leads back to him, and now both the yakuza and a duo of corrupt cops are on his tail. Set in a strangely familiar city filled with unusual individuals, Odd Taxi is a bizarre story about a humble taxi driver and the mystery of a lost high schooler.


[Written by MAL Rewrite]"	['Odd Taxi']	['Odokawa, Hiroshi', 'Yano', 'Tanaka, Hajime', 'Shirakawa, Miho', 'Imai, Shun', 'Dobu', 'Gouriki, Ayumu', 'Daimon, Koushirou', 'Yamamoto, Fuyuki', 'Kakihana, Eiji']	['Hanae, Natsuki', 'METEOR', 'Saitou, Souma', 'Iida, Riho', 'Sakai, Koudai', 'Hamada, Kenji', 'Kimura, Ryouhei', 'Asei', 'Furukawa, Makoto', 'Yamaguchi, Kappei']	[['Kinoshita, Baku', 'Director, Character Design'], ['Yoshida, Kouhei', 'Sound Director'], ['Yamai, Sayaka', 'Episode Director'], ['Konomoto, Kazuya', 'Script']]
