animeTitle	animeType	animeNumEpisode	releaseDate	endDate	animeNumMembers	animeScore	animeUsers	animeRank	animePopularity	animeDescription	animeRelated	animeCharacters	animeVoices	animeStaff
Mushishi Zoku Shou	TV	10	2014-04-05	2014-06-21	254683	8.71	98642	43	695	"Perceived as strange and feared by man, over time the misshapen ones came to be known as Mushi. Although they harbor no ill intentions towards humans, many suffer from the side effects of their existence and strange nature; exploiting the Mushi without understanding them, even unintentionally, can lead to disaster and strife for any involved. Mushishi Zoku Shou continues the story of Mushishi Ginko on his journey to help the visible world to coexist with the Mushi.


During his travels, Ginko discovers various gifted individuals—those cursed by circumstance and those maintaining a fragile symbiosis with the Mushi—inevitably confronting the question of whether humanity, talented and tortured alike, can manage the responsibility of the unseen. Moreover, as a Mushishi, Ginko must learn more about these strange beings and decide if he has the right to interfere with the complex relationships between Mushi and mankind.


[Written by MAL Rewrite]"	['Mushishi', 'Mushishi: Hihamukage', 'Mushishi Zoku Shou: Odoro no Michi', 'Mushishi Zoku Shou 2nd Season']	['Ginko', 'Adashino', 'Narrator', 'Toki', 'Tatsu', 'Mina', 'Teru', 'Rokusuke', 'Masumi', 'Musume']	['Nakano, Yuto', 'Ueda, Yuuji', 'Doi, Mika', 'Ueda, Shinichirou', 'Uchiyama, Kouki', 'Tsuda, Ayaka', 'Hikasa, Youko', 'Uemura, Yuuto', 'Shiraishi, Haruka', 'Ishikawa, Yui']	[['Nagahama, Hiroshi', 'Director, Episode Director, Script, Storyboard'], ['Tanaka, Kazuya', 'Sound Director'], ['Kimura, Nobukage', 'Episode Director'], ['Soutome, Kouichirou', 'Episode Director, Storyboard']]
