animeTitle	animeType	animeNumEpisode	releaseDate	endDate	animeNumMembers	animeScore	animeUsers	animeRank	animePopularity	animeDescription	animeRelated	animeCharacters	animeVoices	animeStaff
Gintama°	TV	51	2015-04-08	2016-03-30	483414	9.09	169476	2	337	"Gintoki, Shinpachi, and Kagura return as the fun-loving but broke members of the Yorozuya team! Living in an alternate-reality Edo, where swords are prohibited and alien overlords have conquered Japan, they try to thrive on doing whatever work they can get their hands on. However, Shinpachi and Kagura still haven't been paid... Does Gin-chan really spend all that cash playing pachinko?


Meanwhile, when Gintoki drunkenly staggers home one night, an alien spaceship crashes nearby. A fatally injured crew member emerges from the ship and gives Gintoki a strange, clock-shaped device, warning him that it is incredibly powerful and must be safeguarded. Mistaking it for his alarm clock, Gintoki proceeds to smash the device the next morning and suddenly discovers that the world outside his apartment has come to a standstill. With Kagura and Shinpachi at his side, he sets off to get the device fixed; though, as usual, nothing is ever that simple for the Yorozuya team.


Filled with tongue-in-cheek humor and moments of heartfelt emotion, Gintama's fourth season finds Gintoki and his friends facing both their most hilarious misadventures and most dangerous crises yet.


[Written by MAL Rewrite]"	"['Gintama', 'Gintama Movie 2: Kanketsu-hen - Yorozuya yo Eien Nare', ""Gintama': Enchousen"", 'Gintama°: Umai-mono wa Atomawashi ni Suru to Yokodorisareru kara Yappari Saki ni Kue', 'Gintama°: Aizome Kaori-hen', 'Gintama.']"	['Sakata, Gintoki', 'Kagura', 'Shimura, Shinpachi', 'Katsura, Kotarou', 'Hijikata, Toushirou', 'Okita, Sougo', 'Takasugi, Shinsuke', 'Tsukuyo', 'Hasegawa, Taizou', 'Kamui']	['Sugita, Tomokazu', 'Kugimiya, Rie', 'Sakaguchi, Daisuke', 'Ishida, Akira', 'Nakai, Kazuya', 'Suzumura, Kenichi', 'Koyasu, Takehito', 'Kaida, Yuuko', 'Tachiki, Fumihiko', 'Hino, Satoshi']	[['Fujita, Youichi', 'Director, Storyboard, Planning'], ['Miyawaki, Chizuru', 'Director, Storyboard, Key Animation'], ['Takamatsu, Shinji', 'Sound Director'], ['Yoshimura, Ai', 'Episode Director']]
