animeTitle	animeType	animeNumEpisode	releaseDate	endDate	animeNumMembers	animeScore	animeUsers	animeRank	animePopularity	animeDescription	animeRelated	animeCharacters	animeVoices	animeStaff
Clannad: After Story	TV	24	2008-10-03	2009-03-27	1024776	8.95	568746	14	98	"Clannad: After Story, the sequel to the critically acclaimed slice-of-life series Clannad, begins after Tomoya Okazaki and Nagisa Furukawa graduate from high school. Together, they experience the emotional rollercoaster of growing up. Unable to decide on a course for his future, Tomoya learns the value of a strong work ethic and discovers the strength of Nagisa's support. Through the couple's dedication and unity of purpose, they push forward to confront their personal problems, deepen their old relationships, and create new bonds.


Time also moves on in the Illusionary World. As the plains grow cold with the approach of winter, the Illusionary Girl and the Garbage Doll are presented with a difficult situation that reveals the World's true purpose.


Based on the visual novel by Key and produced by Kyoto Animation, Clannad: After Story is an impactful drama highlighting the importance of family and the struggles of adulthood.


[Written by MAL Rewrite]"	['Clannad Movie', 'Clannad', 'Clannad: After Story - Mou Hitotsu no Sekai, Kyou-hen']	['Okazaki, Tomoya', 'Furukawa, Nagisa', 'Okazaki, Ushio', 'Sakagami, Tomoyo', 'Fujibayashi, Kyou', 'Ibuki, Fuuko', 'Furukawa, Akio', 'Ichinose, Kotomi', 'Sunohara, Youhei', 'Furukawa, Sanae']	['Nakamura, Yuuichi', 'Nakahara, Mai', 'Koorogi, Satomi', 'Kuwashima, Houko', 'Hirohashi, Ryou', 'Nonaka, Ai', 'Okiayu, Ryoutarou', 'Noto, Mamiko', 'Sakaguchi, Daisuke', 'Inoue, Kikuko']	[['Hatta, Youko', 'Producer'], ['Nakamura, Shinichi', 'Producer'], ['Ishihara, Tatsuya', 'Director, Episode Director, Storyboard'], ['Tsuruoka, Youta', 'Sound Director']]
