animeTitle	animeType	animeNumEpisode	releaseDate	endDate	animeNumMembers	animeScore	animeUsers	animeRank	animePopularity	animeDescription	animeRelated	animeCharacters	animeVoices	animeStaff
Kizumonogatari III: Reiketsu-hen	Movie	1	2017-01-06		370760	8.81	209770	27	448	"After helping revive the legendary vampire Kiss-shot Acerola-orion Heart-under-blade, Koyomi Araragi has become a vampire himself and her servant. Kiss-shot is certain she can turn him back into a human, but only once regaining her full power. 


Araragi has hunted down the three vampire hunters that defeated Kiss-shot and retrieved her limbs to return her to full strength. However, now that Araragi has almost accomplished what he’s been fighting for this whole time, he has to consider if this is what he really wants. Once he revives this powerful immortal vampire, there is no telling what she might do, and there would be no way of stopping her.


But there is more to the story that Araragi doesn’t understand. If a newborn vampire like him could defeat the hunters, how did they overpower Kiss-shot? Can he trust her to turn him back to a human? And how is that even possible in the first place?


Araragi is at his limit but he must come to a decision, and it may not be possible to resolve this situation without doing something he’ll regret…


[Written by MAL Rewrite]"	['Monogatari Series: First Season', 'Nekomonogatari: Kuro', 'Kizumonogatari II: Nekketsu-hen']	['Oshino, Shinobu', 'Araragi, Koyomi', 'Hanekawa, Tsubasa', 'Oshino, Meme', 'Guillotinecutter', 'Shishirui, Seishirou']	['Sakamoto, Maaya', 'Kamiya, Hiroshi', 'Horie, Yui', 'Sakurai, Takahiro']	[['Shinbou, Akiyuki', 'Director'], ['Oishi, Tatsuya', 'Director, Storyboard'], ['Miyamoto, Yukihiro', 'Episode Director'], ['Suzuki, Toshimasa', 'Episode Director']]
