animeTitle	animeType	animeNumEpisode	releaseDate	endDate	animeNumMembers	animeScore	animeUsers	animeRank	animePopularity	animeDescription	animeRelated	animeCharacters	animeVoices	animeStaff
Mob Psycho 100 II	TV	13	2019-01-07	2019-04-01	1099479	8.82	663472	24	87	"Shigeo ""Mob"" Kageyama is now maturing and understanding his role as a supernatural psychic that has the power to drastically affect the livelihood of others. He and his mentor Reigen Arataka continue to deal with supernatural requests from clients, whether it be exorcizing evil spirits or tackling urban legends that haunt the citizens.


While the workflow remains the same, Mob isn't just blindly following Reigen around anymore. With all his experiences as a ridiculously strong psychic, Mob's supernatural adventures now have more weight to them. Things take on a serious and darker tone as the dangers Mob and Reigen face are much more tangible and unsettling than ever before.


[Written by MAL Rewrite]"	['Mob Psycho 100', 'Mob Psycho 100: Dai Ikkai Rei toka Soudansho Ian Ryokou - Kokoro Mitasu Iyashi no Tabi', 'Mob Psycho 100 III']	['Reigen, Arataka', 'Kageyama, Shigeo', 'Ekubo', 'Hanazawa, Teruki', 'Kageyama, Ritsu', 'Gouda, Musashi', 'Kurata, Tome', 'Serizawa, Katsuya', 'Suzuki, Shou', 'Shimazaki, Ryou']	['Sakurai, Takahiro', 'Itou, Setsuo', 'Ootsuka, Akio', 'Matsuoka, Yoshitsugu', 'Irino, Miyu', 'Seki, Toshihiko', 'Tanezaki, Atsumi', 'Hoshino, Takanori', 'Kokuryu, Sachi', 'Sugiyama, Noriaki']	[['Minami, Masahiko', 'Producer, Planning'], ['Tachikawa, Yuzuru', 'Director, Episode Director, Storyboard'], ['Wakabayashi, Kazuhiro', 'Sound Director'], ['Fujisawa, Kenichi', 'Episode Director, Storyboard']]
