animeTitle	animeType	animeNumEpisode	releaseDate	endDate	animeNumMembers	animeScore	animeUsers	animeRank	animePopularity	animeDescription	animeRelated	animeCharacters	animeVoices	animeStaff
Kakurenbo	Movie	1	2004-09-01		34569	6.71	18209	5065	3053	"Among the high rises of steel pipes, meshed power lines, and faded neon lights, exists a game that children dare to play within the ruins of the old city.


""Otokoyo,"" a secret game of hide-and-seek, one where all who play wear fox masks and only begins when seven have gathered. But it is no normal game, as all who have played it have gone missing. Many whisper it is the work of demons, but that is just a rumor... or is it?

Kakurenbo follows the story of seven children as they play Otokoyo for the first time and discover why if you play, you never return.


[Written by MAL Rewrite]"		['Sorincha', 'Yanku', 'Hikora', 'Inmu', 'Suku', 'Tachiji', 'Yaimao', 'Noshiga', 'Chitori', 'Kotori']	['Suzuki, Masami', 'Takeuchi, Junko', 'Kobayashi, Akiko', 'Ishibashi, Mika', 'Ueki, Makoto', 'Naitou, Ryou']	[['Morita, Shuuhei', 'Producer, Director, Storyboard, Editing'], ['Sajiki, Daisuke', 'Background Art, Character Design'], ['Wayland, Tom', 'ADR Director'], ['Takeuchi, Hiroaki', 'Planning']]
