animeTitle	animeType	animeNumEpisode	releaseDate	endDate	animeNumMembers	animeScore	animeUsers	animeRank	animePopularity	animeDescription	animeRelated	animeCharacters	animeVoices	animeStaff
Future Card Buddyfight	TV	64	2014-01-04	2015-04-04	9165	6.71	3714	5056	5497	"An adaptation of the Future Card Buddyfight card game.


Future Card Buddyfight takes place in a more futuristic version of today. The card game connects to a parallel universe through special cards (Buddy Rare Cards) that act as portals. They bring monsters to Earth in order for them to become buddies with humans. Through friendship and courage, they take on and fight challenges, known as Buddyfights, where people of all ages have friendly non-hurtful competitions. The main character, Gaou Mikado has just started Buddyfighting. As the story progresses, Buddyfights are seeming to become a little too real..."	['Future Card Buddyfight', 'Future Card Buddyfight Recap', 'Future Card Buddyfight Hundred', '40 Shuunen Da yo!! CoroCoro All-Star Shougakkou']	['Mikado, Gaou', 'Drumbunker Dragon', 'Ryuuenji, Tasuku', 'Kurodake, Tetsuya', 'Aragami, Rouga', 'Gaen, Kyouya', 'Hyouryuu, Kiri', 'Demon Lord Asumodai', 'Jackknife Dragon', 'Kisaragi, Zanya']	['Mizuno, Marie', 'Oohata, Shintarou', 'Saitou, Souma', 'Yamamoto, Kazutomi', 'Hirota, Minoru', 'Hino, Satoshi', 'Terakawa, Aimi', 'Ota, Tetsuji', 'Yasumoto, Hiroki', 'Saiga, Mitsuki']	[['Ikeda, Shigetaka', 'Director'], ['Ebina, Yasunori', 'Sound Director'], ['Takahashi, Hideya', 'Episode Director, Storyboard'], ['Nakajuu, Shunsuke', 'Episode Director']]
