animeTitle	animeType	animeNumEpisode	releaseDate	endDate	animeNumMembers	animeScore	animeUsers	animeRank	animePopularity	animeDescription	animeRelated	animeCharacters	animeVoices	animeStaff
Godzilla: S.P	TV	13	2021-04-01	2021-06-24	51644	6.7	17014	5086	2474	"This series features an original story, which depicts the young geniuses Mei Kamino, a female researcher, and Yun Arikawa, a male engineer, as they take on an unprecedented threat with their companions. When danger comes up from the depths, only young geniuses Mei, Yun, and their team can face the threat in Godzilla Singular Point! 


(Source: Netflix)"		['Kamino, Mei', 'Arikawa, Yun', 'Godzilla', 'Pelops II', 'Rodan', 'Kanahara, Satomi', 'Satou, Shunya', 'Katou, Haberu', 'Byrne, Lina', 'Yung']	['Miyamoto, Yume', 'Ishige, Shouya', 'Kuno, Misaki', 'Takeuchi, Ayako', 'Azakami, Youhei', 'Kiuchi, Tarou', 'Onodera, Runa', 'Kugimiya, Rie']	[['Takahashi, Atsushi', 'Director'], ['Wakabayashi, Kazuhiro', 'Sound Director'], ['EnJoe, Toh', 'Script, Series Composition'], ['POLKADOT STINGRAY', 'Theme Song Performance']]
