animeTitle	animeType	animeNumEpisode	releaseDate	endDate	animeNumMembers	animeScore	animeUsers	animeRank	animePopularity	animeDescription	animeRelated	animeCharacters	animeVoices	animeStaff
Dansai Bunri no Crime Edge	TV	13	2013-04-04	2013-06-27	101446	6.7	41296	5080	1605	"Kiri Haimura has an obsession with beautiful hair—specifically, cutting it. This bizarre trait is what leads him to seek out a rumored long-haired ghost who lives in an abandoned house on a hill. However, he finds not a ghost, but a beautiful girl with long flowing hair named Iwai Mushanokouji, the ""Hair Queen,"" whose hair cannot be cut due to a family curse.


Iwai explains that there is a death game surrounding her, and that if she is killed by a cursed object, aptly named a ""Killing Good,"" the wielder gets their wish granted. After protecting Iwai from ""Authors""—Killing Goods users—he learns there is in fact a Killing Good passed down in his own family: a pair of scissors used by his ancestor to commit murders. Naming the scissors ""The Severing Crime Edge,"" he finds that he is able to cut Iwai's cursed hair with them, setting her free to live a normal life. However, many Authors seek to kill the Hair Queen, and Kiri will have to protect her in this lethal game of fate.


[Written by MAL Rewrite]"	['Dansai Bunri no Crime Edge']	['Haimura, Kiri', 'Mushanokouji, Iwai', 'Byouinzaka, Yamane', 'Redhands, Emily', 'Naruto, Kotarou', 'Nakajima, Seigi', 'Witchy, Violet', 'Byouinzaka, Houko', 'Zaiga, Romio', 'Zenigata, Kozakura']	['Hanae, Natsuki', 'Koiwai, Kotori', 'Fukuhara, Kaori', 'Hidaka, Rina', 'Shimazaki, Nobunaga', 'Ishida, Akira', 'Tamura, Yukari', 'Uchiyama, Yumi', 'Nakamura, Yuuichi', 'Nagatsuma, Juri']	[['Yamaguchi, Yuuji', 'Director'], ['Tsuruoka, Youta', 'Sound Director'], ['Kuramoto, Hotaka', 'Episode Director'], ['Kimura, Haruka', 'Script']]
