animeTitle	animeType	animeNumEpisode	releaseDate	endDate	animeNumMembers	animeScore	animeUsers	animeRank	animePopularity	animeDescription	animeRelated	animeCharacters	animeVoices	animeStaff
Ai Tenshi Densetsu Wedding Peach	TV	51	1995-04-05	1996-03-27	19813	6.7	8304	5072	3999	"There are three known worlds—the human world, the angel world, and the devil world. The evil queen Raindevilla yearns to destroy the angel world with help or her many devil minions. The goddess Aphrodite sends an angel to the human world, Limone, to summon three love angels in the form of three school girls, Momoko Hanasaki, Yuri Tanima, and Hinagiku Tamano, who together become Angel Lilly, Angel Daisy, and Wedding Peach. The three girls must fight to overcome the evils of the devils, as well as their own lives, and restore peace to the angel world by gathering all pieces of the Sacred Four Somethings (or Saint Something Four) and defeat the evil queen once and for all.


(Source: ANN)"	['Wedding Peach', 'Ai Tenshi Densetsu Wedding Peach DX', 'Ai Tenshi Densetsu Wedding Peach Specials']	['Hanasaki, Momoko', 'Fuuma, Yousuke', 'Tanima, Yuri', 'Ohara, Scarlet', 'Tamano, Hinagiku', 'Celeste', 'Cloud', 'Igneous', 'Potamos', 'Pluie']	['Hikami, Kyouko', 'Ueda, Yuuji', 'Yukana', 'Imai, Yuka', 'Miyamura, Yuko', 'Suzuka, Chiharu', 'Neya, Michiko', 'Seki, Tomokazu', 'Mitsuishi, Kotono', 'Yao, Kazuki']	[['Yuyama, Kunihiko', 'Director, Storyboard'], ['Mima, Masafumi', 'Sound Director'], ['Watanabe, Takashi', 'Episode Director'], ['Fujimoto, Yoshitaka', 'Episode Director']]
