animeTitle	animeType	animeNumEpisode	releaseDate	endDate	animeNumMembers	animeScore	animeUsers	animeRank	animePopularity	animeDescription	animeRelated	animeCharacters	animeVoices	animeStaff
Juusenki L-Gaim	TV	54	1984-02-04	1985-02-23	5182	6.7	841	5095	6900	"In the year 3990, the immortal Oldna Poseidal rules Pentagona, a war-torn solar system of five planets. Daba Myroad is a survivor of the Yaman Clan, just one of numerous native societies nearly wiped out by the tyrant. Living on the remote planet Koam with his friend Mirao Kyao, Daba possesses L-Gaim, a humanoid mecha known commonly as a ""Heavy Metal"" and the last known relic of the Yaman Clan. The pair befriend Fanneria Amu, an aspiring actress, and Lilith Fau, the last surviving fairy in Pentagona while on the run from a band of thieves attempting to steal L-Gaim.


Daba promises to fulfill the dying wish of one of the thieves hunting him—an honorable act that leads him to the powerful merchant Amandara Kamandara. With their mission in sight, the ragtag group will face powerful adversaries and become entangled in a rebellion against Poseidal's reign.


[Written by MAL Rewrite]"	['Juusenki L-Gaim I: Pentagona Window + Lady Gavlet', 'Juusenki L-Gaim II: Farewell My Lovely + Pentagona Dolls', 'Pony Metal U-GAIM Promotion Film']	['Myroad, Daba', 'Amu, Fanneria', 'Kyao, Mirao', 'Ha Leccee, Gaw', 'Gablae, Gavlet', 'Fau, Lilith', 'Mauser, Heckler', 'Ron, Rockley', 'Flat, Full', 'Kamandara, Amandara']	['Hiramatsu, Hirokazu', 'Honda, Chieko', 'Ootsuka, Houchuu', 'Kawamura, Maria', 'Hayami, Show', 'Shioya, Kouzou', 'Wakamoto, Norio', 'Doi, Mika', 'Horibe, Ryuuichi']	[['Tomino, Yoshiyuki', 'Director, Storyboard, Original Creator'], ['Imagawa, Yasuhiro', 'Episode Director, Storyboard'], ['Kawase, Toshifumi', 'Episode Director, Storyboard'], ['Iuchi, Shuji', 'Episode Director, Storyboard']]
