animeTitle	animeType	animeNumEpisode	releaseDate	endDate	animeNumMembers	animeScore	animeUsers	animeRank	animePopularity	animeDescription	animeRelated	animeCharacters	animeVoices	animeStaff
Mayonaka no Occult Koumuin	TV	12	2019-04-08	2019-06-24	55431	6.71	19511	5068	2374	"The Nocturnal Community Relations Division is a team of people who specialize in solving cases involving the ominous occult creatures of the night unseen by ordinary humans. Young and unsuspecting Arata Miyako has been assigned to the Shinjuku Ward Office of the division, where he meets his fellow members Theo Himezuka and Kyouichi Sakaki. 


On his first night, Arata finds himself on a mission where he discovers to his surprise that not only does every supernatural creature he once thought to be fictional actually exist, but also that he is the only human who can understand their non-human speech. Arata's surprises do not end there, as later that night, he meets a legendary creature called a Tengu that refers to him as the famous Heian-era exorcist, Abe no Seimei. Unfamiliar with the exorcist, Arata pays no mind and continues to work with his team, utilizing his unique ability to assist in the resolution of their cases. 


Mistaken by many occult creatures as Abe no Seimei and quickly becoming notorious for his special ability during his work, Arata becomes curious of his origins and invests himself more into solving cases regarding occult creatures he encounters once he learns of a certain connection between himself and the exorcist. However, Arata will quickly find that dealing with supernatural creatures is not as simple as he thought, as danger begins to play a fundamental role in his everyday findings and his ability starts to present an unexpected issue.


[Written by MAL Rewrite]"	['Mayonaka no Occult Koumuin', 'Mayonaka no Occult Koumuin: Fukurokouji to Ano Ko to Ore to', 'Mayonaka no Occult Koumuin: Hitoribocchi no Kyuuketsuki']	['Huehuecoyotl', 'Miyako, Arata', 'Himezuka, Theo', 'Senda, Reiji', 'Sakaki, Kyouichi', 'Yuki', 'Kanoichi, Satoru', 'Kuroubou', 'Maki', 'Myouhouzan, Senjinbou']	['Toki, Shunichi', 'Fukuyama, Jun', 'Irino, Miyu', 'Yusa, Kouji', 'Maeno, Tomoaki', 'Yamamoto, Kazutomi', 'Sakurai, Takahiro', 'Miyashita, Eiji', 'Chafurin']	[['Satomi, Tetsurou', 'Producer'], ['Shiba, Hirokazu', 'Producer'], ['Watanabe, Tetsuya', 'Director'], ['Tsuruoka, Youta', 'Sound Director']]
