animeTitle	animeType	animeNumEpisode	releaseDate	endDate	animeNumMembers	animeScore	animeUsers	animeRank	animePopularity	animeDescription	animeRelated	animeCharacters	animeVoices	animeStaff
Houkago Saikoro Club	TV	12	2019-10-03	2019-12-19	40630	6.7	15187	5091	2789	"Miki Takekasa is an introverted high schooler who does not socialize with her classmates. However, she wants to know what ""fun"" really is, waiting for someone who could help her understand its true meaning. One day after school, she crosses paths with her classmate Aya Takayashiki, who takes her on a little adventure. Miki discovers wonders she had never seen before, opening a way to change her withdrawn life.


On their way home, Miki and Aya see their class representative Midori Oono entering Saikoro Club, a store specializing in board games. After trying out a German board game, Miki soon understands the kind of fun she had been looking for: playing various games after school along with the friends and acquaintances she makes from her newfound pleasure.


[Written by MAL Rewrite]"	['Houkago Saikoro Club']	['Takekasa, Miki', 'Oono, Midori', 'Takayashiki, Aya', 'Emilia', 'Yoshioka, Ryuuji', 'Tanoue, Shouta', 'Maki, Kyouko', 'Beresford, George', 'Aoshima, Yuuto', 'Kinjou, Takeru']	['Miyashita, Saki', 'Tomita, Miyu', 'Kouno, Marika', 'Ichimichi, Mao', 'Horie, Shun', 'Amasaki, Kouhei', 'Matsui, Eriko', 'Yashiro, Taku', 'Kuroda, Takaya']	[['Imaizumi, Kenichi', 'Director, Episode Director, Storyboard'], ['Takada, Masatoyo', 'Episode Director'], ['Tomita, Miyu', 'Theme Song Performance'], ['Kouno, Marika', 'Theme Song Performance']]
