animeTitle	animeType	animeNumEpisode	releaseDate	endDate	animeNumMembers	animeScore	animeUsers	animeRank	animePopularity	animeDescription	animeRelated	animeCharacters	animeVoices	animeStaff
Azumanga Web Daioh	ONA	1	2000-12-28		28689	6.7	15456	5075	3353	"Chiyo brings a video camera to school for a class project. But when Tomo gets a hold of it, heaps of trouble happen all over campus.


(Source: ANN)"	['Azumanga Daioh']	"['Kasuga, Ayumu', 'Sakaki', 'Mihama, Chiyo', 'Takino, Tomo', 'Kagura', 'Mizuhara, Koyomi', ""Chiyo's Father"", 'Tanizaki, Yukari', 'Kimura', 'Kamineko']"	['Kawasumi, Ayako', 'Saitou, Ayaka', 'Hanba, Tomoe', 'Saiga, Mitsuki', 'Yukino, Satsuki', 'Hiramatsu, Akiko']	[['Nishikiori, Hiroshi', 'Director'], ['Azuma, Kiyohiko', 'Original Creator'], ['Kato, Yasuhisa', 'Character Design']]
