animeTitle	animeType	animeNumEpisode	releaseDate	endDate	animeNumMembers	animeScore	animeUsers	animeRank	animePopularity	animeDescription	animeRelated	animeCharacters	animeVoices	animeStaff
eX-Driver	OVA	6	2000-07-25	2001-09-25	9517	6.71	3992	5054	5413	"Ex-Driver is set in the future, when all transportation is easily controlled by AI. Though like all machines they tend to break down or lose control or re-programmed. This is where three high schoolers with non AI cars, Subaru WRX, Super 7, Lotus comes in to save the day and make sure the public is safe at all times. 


(Source: ANN)"	['eX-Driver the Movie', 'eX-Driver: Nina & Rei Danger Zone']	['Sugano, Soichi', 'Sakakino, Lisa', 'Endou, Lorna', 'Tokioka, Keyne', 'Kazama, Rei', 'Thunder, Nina A', 'Munakata, Kei']	['Kobayashi, Yumiko', 'Nagasawa, Miki', 'Asada, Yoko', 'Okiayu, Ryoutarou', 'Kingetsu, Mami', 'Neya, Michiko', 'Ishizuka, Unshou']	[['Kawagoe, Jun', 'Director'], ['Kameyama, Toshiki', 'Sound Director'], ['Lehmann, Karin', 'Script, ADR Director'], ['Shinohara, Toshiya', 'Storyboard']]
