animeTitle	animeType	animeNumEpisode	releaseDate	endDate	animeNumMembers	animeScore	animeUsers	animeRank	animePopularity	animeDescription	animeRelated	animeCharacters	animeVoices	animeStaff
Eat-Man '98	TV	12	1998-10-08	1998-12-23	5100	6.7	1926	5081	6936	"The continuing adventures of Bolt Crank, the World's Greatest Mercenary, who has the ability to eat any object, mostly metal and weapons. When the time comes, Bolt can then reproduce those weapons and items in his right hand.


(Source: ANN)"	['Eat-Man']	"['Crank, Bolt', 'Raffin', 'Naomi', 'Alex', 'Dustin', 'Jonathan', 'Robert', ""O'Neil, Tetto"", 'King Sergei', 'Rene']"	['Ebara, Masashi', 'Neya, Michiko', 'Nagata, Ryoko', 'Katou, Nanae', 'Miura, Naoko', 'Iwata, Yasuo', 'Nishimura, Tomomichi', 'Nagai, Ichiro', 'Nakagi, Ryuuji', 'Madono, Mitsuaki']	[['Kawase, Toshifumi', 'Director, Storyboard'], ['Yoshitomi, Akihito', 'Original Creator'], ['Sotozaki, Haruo', 'Animation Director'], ['Murata, Masahiko', 'Animation Director']]
