animeTitle	animeType	animeNumEpisode	releaseDate	endDate	animeNumMembers	animeScore	animeUsers	animeRank	animePopularity	animeDescription	animeRelated	animeCharacters	animeVoices	animeStaff
Daikuu Maryuu Gaiking	TV	44	1976-04-01	1977-01-27	2045	6.71	524	5051	9380	"Earth is still in danger: aliens from planet Zeraz are willing to invade our planet because theirs is being swallowed by a Black Hole. Led by Great Darius and his four generals, they begin seeding death and destruction. When an ESP warrior is killed by aliens, professor Hi-Tech understands the danger and builds the huge Space Dragon (Daiku Maryuu) piloted by Pete, and the gint robot Gaiking whose pilot is Sanshiro Shiwobuki, an ex-baseball player. Daiku Maryuu is a big dragon shaped spaceship and his head is the Gaiking torso. When the Gaiking enters the action, Daiku Maryuu launches other Gaiking's components and then it re-unite neck with tail, becoming unbreakable.


The story chronicled the battle between the crew of the semi-transformable carrier Daikuu Maryuu and the Super Mecha Gaiking against an invading race of aliens from the planet Zela, whose home planet is facing destruction by a black hole. The robot Gaiking was piloted by a baseball star named Sanshiro Tsuwabuki (Sanshiro's name was changed to Aries Astonopolis for the English version of the show with the carrier being called the ""Great Space Dragon"", a literal translation of ""Daikuu Maryuu"". Gaiking was notable for being one of the few super robot series to take place in real places outside of Japan, and for being the first Super Robot series to have a mobile carrier for the chief robots.


(Source: ANN)"	['Daikuu Maryuu Gaiking', 'Gaiking: Legend of Daiku-Maryu', 'Toei Robot Girls', 'Robot Girls Z']	['Tsuwabuki, Sanshirou', 'Professor Daimonji', 'Hachirou', 'Fujiyama, Midori', 'Yamagatake', 'Richardson, Pete', 'Hayami, Bunta', 'Desmont', 'Fan, Li', 'Asimov']	['Kamiya, Akira', 'Shibata, Hidekatsu', 'Tsukase, Noriko', 'Koyama, Mami', 'Katou, Osamu', 'Inoue, Makio', 'Ogata, Kenichi', 'Tokumaru, Kan']	[['Katsumata, Tomoharu', 'Director'], ['Takayashiki, Hideo', 'Episode Director'], ['Yamayoshi, Yasuo', 'Episode Director'], ['Iuchi, Shuji', 'Episode Director']]
