animeTitle	animeType	animeNumEpisode	releaseDate	endDate	animeNumMembers	animeScore	animeUsers	animeRank	animePopularity	animeDescription	animeRelated	animeCharacters	animeVoices	animeStaff
Houkago no Pleiades (TV)	TV	12	2015-04-09	2015-06-25	32754	6.71	10490	5061	3153	"The sky is the limit in Houkago no Pleiades. With telescope in hand, Subaru is set to go to the observation room of her school in order to get a view of that night's meteor shower. What she least expects is that behind the observatory door was not the starry skies, but a lavish garden, complete with a resplendent fountain and a mysterious young boy with long red hair.


But the garden soon disappeared, as if Subaru was only imagining things. All that remains of that brilliant sight is an odd, bouncing blob creature that leads her to another magical door, occupied by other girls in magical witch-like costumes. Revelations start hitting Subaru one after the other: one of the girls in the room is her childhood friend Aoi, the little blob is actually an alien of a species called the Pleiadians trying to return home, and Subaru has been selected by him to become the newest member of their group!


Now Subaru's dreams of the stars have come true in the wildest way, as she and her friends attempt to gather pieces of the Pleiadian spacecraft engine to return the being to his home. But they're not the only ones after the engine parts, and they have no idea why!"	['Houkago no Pleiades: Prism Palette', 'Houkago no Pleiades', 'Stella-Rium']	"['Subaru', 'Nanako', 'Aoi', 'Hikaru', 'Itsuki', 'Minato', ""Subaru's Mother"", ""Subaru's Father"", ""Itsuki's Father"", 'Elnath']"	['Takamori, Natsumi', 'Fujita, Saki', 'Ohashi, Ayuru', 'Makino, Yui', 'Tateno, Kanako', 'Kuwashima, Houko', 'Satou, Rina', 'Katou, Masayuki', 'Kawashima, Tokuyoshi', 'Horie, Yui']	[['Saeki, Shouji', 'Director, Episode Director, Script, Storyboard'], ['Iida, Satoki', 'Sound Director'], ['Kimura, Haruka', 'Script'], ['Nakayama, Naomi', 'Storyboard']]
