animeTitle	animeType	animeNumEpisode	releaseDate	endDate	animeNumMembers	animeScore	animeUsers	animeRank	animePopularity	animeDescription	animeRelated	animeCharacters	animeVoices	animeStaff
Granbelm	TV	13	2019-07-06	2019-09-27	46273	6.7	14639	5087	2606	"Long ago, magic was abundant and enriched the lives of all people until its usage in war. To end the chaos, seven of the most powerful mages gave up their lives in order to seal all magic. Now, almost one thousand years later, their magic seal Magiaconatus hosts Granbelm, a monthly series of battles meant to determine who among its participants is worthy of the title of Princeps, the one true mage.


On the night of a full moon, high school student Mangetsu Kohinata is suddenly transported to an illusionary world where six mages are participating in Granbelm. Mistaken for an enemy mage, Mangetsu is attacked by two mages until she is rescued by Shingetsu Ernesta Fukami and her Armanox Viola Katze. However, when Shingetsu is ambushed for protecting her, Magiaconatus grants Mangetsu the Armanox White Lily, allowing her to fight off Shingetsu's assailant. Overwhelmed by the revelations presented to her, Mangetsu decides to help her new friend fight in Granbelm and make her wish come true.


[Written by MAL Rewrite]"		['Fukami, Shingetsu Ernesta', 'Kohinata, Mangetsu', 'Hakamada, Suishou', 'Rin, Nene', 'Tsuchimikado, Kuon', 'Fugo, Anna', 'Tsuchimikado, Shisui', 'Rosa', 'Kohinata, Kibou', 'Fugo, Claire']	['Tanezaki, Atsumi', 'Shimabukuro, Miyuri', 'Yuuki, Aoi', 'Kubo, Yurika', 'Iwami, Manaka', 'Hikasa, Youko', 'Tamura, Yukari', 'Akasaki, Chinatsu', 'Akao, Hikaru', 'Kouno, Marika']	[['Watanabe, Masaharu', 'Director'], ['Aoi, Eir', 'Theme Song Performance'], ['Uru', 'Theme Song Performance, Theme Song Lyrics, Inserted Song Performance'], ['Suehiro, Kenichiro', 'Music']]
