animeTitle	animeType	animeNumEpisode	releaseDate	endDate	animeNumMembers	animeScore	animeUsers	animeRank	animePopularity	animeDescription	animeRelated	animeCharacters	animeVoices	animeStaff
Kemushi no Boro	Movie	1	2018-03-21		2709	6.71	337	5066	8668	"To humans, Boro the caterpillar's world is small; but as he takes his first steps in life, the trials he comes to face are enormous. From hungry predators to unforgiving weather, he must overcome these obstacles by himself on his great journey through the untamed wilderness of suburban Japan.


[Written by MAL Rewrite]
"				[['Miyazaki, Hayao', 'Director, Script, Original Creator']]
