animeTitle	animeType	animeNumEpisode	releaseDate	endDate	animeNumMembers	animeScore	animeUsers	animeRank	animePopularity	animeDescription	animeRelated	animeCharacters	animeVoices	animeStaff
Jungle Taitei (1989)	TV	52	1989-10-12	1990-10-11	3871	6.7	1359	5094	7717	"Leo (a.k.a. Kimba in the U.S.) is a young ambitious lion cub who takes his father's place as emperor of the jungle when is father is killed by poachers. Even though his father's fate was met by the hands of humans, Leo is one of the few animals in the Jungle that doesn't fear or feel hatred toward humans. He is not alone either, he is guided by friends of his father to help create the best animal kingdom there can be. 


(Source: ANN)"	['Jungle Taitei']	['Leo', 'Lyre', 'Panja', 'Gibo']	['Hayashibara, Megumi', 'Tamagawa, Sakiko', 'Sasaki, Isao']	[['Rintaro', 'Director'], ['Matsumi, Shinichi', 'Episode Director'], ['Itou, Tsunehisa', 'Script'], ['Asaka, Morio', 'Storyboard']]
