animeTitle	animeType	animeNumEpisode	releaseDate	endDate	animeNumMembers	animeScore	animeUsers	animeRank	animePopularity	animeDescription	animeRelated	animeCharacters	animeVoices	animeStaff
Grenadier: Hohoemi no Senshi	TV	12	2004-10-14	2005-01-13	51339	6.7	23150	5088	2470	"Rushuna is a blonde and very beautiful Senshi (gun expert) that travels through the world with one purpose. Which is to make the world a peaceful place by, instead of fighting with weapons, taking away the people's will to fight by giving them a smile. Although she doesn't want to fight, she is forced to, and shows amazing gun skills. In this journey she meets Yajirou, a mercenary that uses a sword to fight and joins her on her journey. 


(Source: ANN)"	['Grenadier', 'Grenadier: Hohoemi no Senshi Specials']	['Tendou, Rushuna', 'Kojima, Yajirou', 'Aizen, Teppa', 'Kurenai, Mikan', 'Kurenai, Touka', 'Tenshi', 'Furon', 'Doshi, Kaizan', 'Shirato, Fuuka', 'Hakubi, Shinnoshin']	['Takahashi, Mikako', 'Nakai, Kazuya', 'Hiyama, Nobuyuki', 'Matsuoka, Yuki', 'Kosuge, Mami', 'Honda, Chieko', 'Takagi, Motoki', 'Nakata, Kazuhiro', 'Suzuki, Naoko', 'Yao, Kazuki']	[['Koujina, Hiroshi', 'Director, Episode Director, Storyboard, Key Animation'], ['Shimokawa, Mikuni', 'Theme Song Performance'], ['Fujita, Junpei', 'Theme Song Composition, Theme Song Arrangement'], ['Satou, Hiromi', 'Theme Song Performance']]
