animeTitle	animeType	animeNumEpisode	releaseDate	endDate	animeNumMembers	animeScore	animeUsers	animeRank	animePopularity	animeDescription	animeRelated	animeCharacters	animeVoices	animeStaff
Fate/kaleid liner Prisma☆Illya: Undoukai de Dance!	OVA	1	2014-03-10		46007	6.7	22472	5082	2617	"Tatsuko of class 5-1 is really excited about the upcoming school sports festival, her proposal for a new ""Eel Scooping"" event is less than enthusiastically received though, especially by Suzuka. Illya mentions the main event dance to Miyu, and as teacher Taiga Fujimura points out, it entails a huge reward, but will require quite a bit of practice.


And so the close friends: sarcastic Nanaki, level-headed Suzuka, excitable Tatsuko, energetic Illya, shy Mimi, and reserved but athletic Miyu are off to win the dance event for the honour of their class and for Fujimura, who seems to have some saucy bet going on that she most definitely needs to win, or so the girls misunderstand.


(Source: AniDB)"	['Fate/kaleid liner Prisma☆Illya']	['von Einzbern, Illyasviel', 'Edelfelt, Miyu', 'Toosaka, Rin', 'Edelfelt, Luviagelita', 'Fujimura, Taiga', 'Leysritt', 'Gakumazawa, Tatsuko', 'Sella', 'Magical Ruby', 'Katsura, Mimi']	['Kadowaki, Mai', 'Nazuka, Kaori', 'Ueda, Kana', 'Itou, Shizuka', 'Itou, Miki', 'Miyagawa, Miho', 'Katou, Emiri', 'Nanao, Haruhi', 'Takano, Naoko', 'Satou, Satomi']	[['Minato, Mirai', 'Director, Storyboard'], ['Iida, Satoki', 'Sound Director'], ['Type-Moon', 'Original Creator'], ['Katou, Tatsuya', 'Music']]
