animeTitle	animeType	animeNumEpisode	releaseDate	endDate	animeNumMembers	animeScore	animeUsers	animeRank	animePopularity	animeDescription	animeRelated	animeCharacters	animeVoices	animeStaff
Fortune Arterial: Akai Yakusoku	TV	12	2010-10-09	2010-12-25	108188	6.7	56731	5083	1514	"Fortune Arterial's story revolves around the male protagonist Kohei Hasekura, who transfers into a prestigious public school in the style of an English six-year school encompassing junior-high and high school students. The school is on an island named Tamatsu Island off-shore from mainland Japan, and the only way to get there is by boat. Soon after transferring, he discovers that one of the student in the class next door to his, Sendo Erika, is in fact a type of vampire. 


(Source: Wikipedia)"	['Fortune Arterial', 'Fortune Arterial: Akai Yakusoku - Tadoritsuita Basho']	['Sendou, Erika', 'Kuze, Kiriha', 'Hasekura, Kouhei', 'Tougi, Shiro', 'Yuuki, Haruna', 'Yuuki, Kanade', 'Sendou, Iori', 'Hachimandaira, Tsukasa', 'Sendou, Kaya', 'Tougi, Seiichirou']	['Kanda, Rie', 'Narumi, Erika', 'Ono, Daisuke', 'Minegishi, Yukari', 'Taguchi, Hiroko', 'Nabatame, Hitomi', 'Suwabe, Junichi', 'Itou, Kentarou', 'Mizuhashi, Kaori', 'Tsuboi, Tomohiro']	[['Nawa, Munenori', 'Director'], ['Iwanami, Yoshikazu', 'Sound Director'], ['Nitta, Yasunari', 'Episode Director, Storyboard, Assistant Director'], ['Lia', 'Theme Song Performance']]
