animeTitle	animeType	animeNumEpisode	releaseDate	endDate	animeNumMembers	animeScore	animeUsers	animeRank	animePopularity	animeDescription	animeRelated	animeCharacters	animeVoices	animeStaff
Heisei Inu Monogatari Bow	TV	40	1993-10-14	1994-09-22	881	6.7	276	5089	11447	"Bow is a homeless dog, who enjoys his carefree life. This dog is no super-hero. He drools when he's hungry, he wags his tail when he's happy, and he barks when he's excited, just like an ordinary dog but even uglier and stupider! His dumb innocence often leads to disaster. But somehow people are charmed by him. School children, a lonesome cartoonist, and a gangster family all play an important role in Bow's life.


(Source: ANN)"	['Heisei Inu Monogatari Bow Movie']	['Bow']	['Sonobe, Keiichi']	[['Kaga, Tsuyoshi', 'Director, Episode Director, Storyboard'], ['Hayase, Hiroyuki', 'Sound Director'], ['Mutou, Yuuji', 'Episode Director, Storyboard'], ['Yamayoshi, Yasuo', 'Episode Director, Storyboard']]
