animeTitle	animeType	animeNumEpisode	releaseDate	endDate	animeNumMembers	animeScore	animeUsers	animeRank	animePopularity	animeDescription	animeRelated	animeCharacters	animeVoices	animeStaff
Blue Drop: Tenshi-tachi no Gikyoku	TV	13	2007-10-03	2007-12-26	28090	6.7	10833	5076	3402	"Five years ago, something horrifying happened on Kamioki Island. Something so nightmarish that it stripped all memory from Mari Wakatake's mind even as it left every other human on the island dead in its wake! Now enrolled against her will at an isolated girl's academy, Mari is unaware that hidden eyes are watching her, waiting for her memory to return. 


Buried in her psyche is the most terrifying secret of all: while Mari was the only human who lived, she may not have been the only survivor! As something in a female skin invades Kaihou Academy, Mari's only hope may lie in a strange girl to whom she is inexplicably drawn yet cannot trust. 


(Source: Sentai Filmworks) "	['Blue Drop']	['Senkouji, Hagino', 'Wakatake, Mari', 'Kawashima, Akane', 'Tsubael', 'Funatsumaru, Hiroko', 'Azanael', 'Shivariel', 'Sagawara, Yuuko', 'Suzuki, Futaba', 'Onomil']	['Sawashiro, Miyuki', 'Yajima, Akiko', 'Watanabe, Akeno', 'Gotou, Yuuko', 'Saito, Kimiko', 'Orikasa, Ai', 'Ichiryuusai, Harumi', 'Yamada, Miho', 'Nonaka, Ai', 'Kurata, Masayo']	[['Nakamura, Shinichi', 'Producer'], ['Ookura, Masahiko', 'Director, Script'], ['Tsuruoka, Youta', 'Sound Director'], ['Bickham, Clint', 'Script']]
