animeTitle	animeType	animeNumEpisode	releaseDate	endDate	animeNumMembers	animeScore	animeUsers	animeRank	animePopularity	animeDescription	animeRelated	animeCharacters	animeVoices	animeStaff
Cardfight!! Vanguard (2018)	TV	52	2018-05-05	2019-05-04	9469	6.7	3407	5079	5440	"The main protagonist Sendou Aichi, is a timid and mundane third-year middle school boy. The thing that supported Aichi's heart, was the ""Blaster Blade"" card that he received as a child. It's an important rare card from ""Vanguard"", a card game with the imaginary world of ""Planet Cray"" as its stage. From the day he reunited with the person who gave him that card ""Toshiki Kai"", Aichi's everyday life began to change.


(Source: Crunchyroll)"	['Cardfight!! Vanguard', 'Bermuda Triangle: Colorful Pastrale', 'Cardfight!! Vanguard: Zoku Koukousei-hen']	['Sendou, Aichi', 'Kai, Toshiki', 'Tokura, Misaki', 'Tatsunagi, Kourin', 'Katsuragi, Kamui', 'Ishida, Naoki', 'Suzugamori, Ren', 'Miwa, Taishi', 'Ibuki, Kouji', 'Sendou, Emi']	['Yonaga, Tsubasa', 'Satou, Takuya', 'Kitta, Izumi', 'Abe, Atsushi', 'Morikubo, Shoutarou', 'Enomoto, Atsuko']	[['Itou, Fumio', 'Episode Director'], ['Terasawa, Kazuaki', 'Episode Director, Storyboard'], ['Yonaga, Tsubasa', 'Theme Song Performance'], ['Satou, Takuya', 'Theme Song Performance']]
