animeTitle	animeType	animeNumEpisode	releaseDate	endDate	animeNumMembers	animeScore	animeUsers	animeRank	animePopularity	animeDescription	animeRelated	animeCharacters	animeVoices	animeStaff
Lupin III: Lupin Ikka Seizoroi	Special	1	2012-03-28		3350	6.7	1221	5100	8117	"Special included with the Lupin 40th anniversary Blu-ray set.


Lupin has invited all of his friends to a villa on a private island. It's the first time they've seen each other for the past five years. Lupin is planning a big surprise while they are all at the villa except Fujiko, Goemon and Jigen find Lupin's behavior to be unusual. They are also curious about who the man in the iron mask is, who is chained up to a wall for the reasons they are about to find out.


(Source: ANN)"	['Lupin III']	['Lupin III, Arsene', 'Jigen, Daisuke', 'Mine, Fujiko', 'Ishikawa XIII, Goemon', 'Zenigata, Kouichi']	['Kurita, Kanichi', 'Kobayashi, Kiyoshi', 'Masuyama, Eiko', 'Inoue, Makio', 'Naya, Gorou']	[['Noguchi, Tatsuo', 'Director of Photography'], ['Sano, Yuriko', 'Editing'], ['Narita, Hideyasu', 'Background Art'], ['Miyawaki, Hiromi', 'Color Design']]
