animeTitle	animeType	animeNumEpisode	releaseDate	endDate	animeNumMembers	animeScore	animeUsers	animeRank	animePopularity	animeDescription	animeRelated	animeCharacters	animeVoices	animeStaff
Kyuuketsuki Sugu Shinu	TV	12	2021-10-04		39985	6.7	5459	5098	2806	"Vampires are said to have many weaknesses such as garlic, crosses, and sunlight. Game-loving vampire lord Draluc just so happens to be weak to... everything. He dies, turning into a pile of ash, at the slightest shock.


After Vampire Hunter Ronaldo learned of a castle inhabited by a vampire rumoured to have kidnapped a kid, he went there intending to take the devil down. However, the vampire turned out to be Draluc, a wimp who keeps turning into ash at the smallest things. Moreover, the kid wasn't being held captive—he was just using the ""haunted house"" as his personal playground!


When his castle is destroyed, Draluc moves into Ronaldo's office, much to the other's chagrin. Despite their differences, they must try to work together to defend themselves from rogue vampires, Ronaldo's murderous editor, investigators, and more—with Draluc dying continuously along the way. 


(Source: MU, amended)"	['Kyuuketsuki Sugu Shinu']	['John', 'Draluc', 'Ronald', 'Hinaichi', 'Fukuma', 'Handa, Tou', 'Shoka', 'Siriski, Senya', 'Satetsu', 'Maria']	['Tamura, Mutsumi', 'Fukuyama, Jun', 'Furukawa, Makoto', 'Hioka, Natsumi', 'Toki, Shunichi', 'Matsuoka, Yoshitsugu', 'Majima, Junji', 'Onosaka, Masaya', 'Hosoya, Yoshimasa', 'Hikasa, Youko']	[['Koujina, Hiroshi', 'Director'], ['Naya, Ryousuke', 'Sound Director'], ['Ono, Daisuke', 'Theme Song Performance'], ['Fukuyama, Jun', 'Theme Song Performance']]
