animeTitle	animeType	animeNumEpisode	releaseDate	endDate	animeNumMembers	animeScore	animeUsers	animeRank	animePopularity	animeDescription	animeRelated	animeCharacters	animeVoices	animeStaff
Dragon Drive	TV	38	2002-07-04	2003-03-27	21301	6.71	8335	5053	3895	"If there's one word to describe Reiji Ozora, it would be ""quitter."" He can never find the motivation to finish anything, and loses interest at the drop of a hat. This all changes when his best friend Maiko introduces him to the new game ""Dragon Drive.""


In this virtual reality game, each player is assigned a dragon tailored to match their personality and strength. Reiji hopes for a big, strong, scary beast, but instead, he is stuck with Chibi, a cute, friendly-looking dragon smaller than he is. How disappointing—except it turns out that Chibi is the rarest dragon of them all!


Reiji finally discovers something he can remain interested in, and works hard to train both himself and his newfound friend. Soon this training will be put to use to save the world, for there are people who have dark aspirations for Dragon Drive!"	['Dragon Drive']	['Chibi', 'Oozora, Reiji', 'Hagiwara, Daisuke', 'Yukino, Maiko', 'Kyoji, Tachibana', 'Toki, Kohei', 'Meguru', 'Rokkaku', 'Sumishiba, Ichiro', 'Towa, Sayaka']	['Nishimura, Chinami', 'Park, Romi', 'Shitanda, Michael', 'Sasamoto, Yuuko', 'Sugita, Tomokazu', 'Kiyasu, Kohei', 'Ohara, Sayaka', 'Koyasu, Takehito', 'Miyazaki, Issei', 'Yukana']	[['Kawase, Toshifumi', 'Director, Storyboard'], ['Yamamoto, Sayo', 'Episode Director, Storyboard'], ['Inoue, Toshiki', 'Script'], ['Okumura, Yoshiaki', 'Storyboard']]
