animeTitle	animeType	animeNumEpisode	releaseDate	endDate	animeNumMembers	animeScore	animeUsers	animeRank	animePopularity	animeDescription	animeRelated	animeCharacters	animeVoices	animeStaff
Junk Head	Movie	1	2017-07-23		540	6.71	152	5064	12878	"In the distant future, humanity is hurtling down a path of ruin. Global environmental destruction caused by chemical contamination, radioactive fallout, and UV rays coming through the patchy ozone layer has lead to deterioration of the human genome.


(Source: Official Website)"	['Junk Head 1']			[['Hori, Takahide', 'Director'], ['Miyake, Atsuko', 'Animation Director']]
