animeTitle	animeType	animeNumEpisode	releaseDate	endDate	animeNumMembers	animeScore	animeUsers	animeRank	animePopularity	animeDescription	animeRelated	animeCharacters	animeVoices	animeStaff
Hurricane Live! 2032	Special	6	1988-04-24		1998	6.72	755	5008	9446	"Elements of the Bubblegum Crisis series in an MTV-styled rock video. Clips from the series are combined with the music of Kinuko Omori and the Knight Sabers.


(Source: Facets Multimedia)"	['Bubblegum Crisis', 'Hurricane Live! 2033']	['Asagiri, Priscilla', 'Romanova, Nene', 'Stingray, Sylia', 'Yamazaki, Linna', 'McNichol, Leon']		[['Asagiri, Priscilla', 'Main'], ['Romanova, Nene', 'Main'], ['Stingray, Sylia', 'Main'], ['Yamazaki, Linna', 'Main'], ['McNichol, Leon', 'Supporting']]
