animeTitle	animeType	animeNumEpisode	releaseDate	endDate	animeNumMembers	animeScore	animeUsers	animeRank	animePopularity	animeDescription	animeRelated	animeCharacters	animeVoices	animeStaff
Weiß Kreuz	TV	25	1998-04-09	1998-10-01	17268	6.71	6356	5047	4265	"Aya, Youji, Ken, and Omi are the four young men who comprise Weiss Kreuz (WK), an assassin group that eliminates certain menaces to society. Each member has his own trademark fighting style. Aya is adept at fighting with a katana, Youji has mastered the art of strangulation via strings, Ken is lethal with his metal claws, while Omi specializes in a wide array of projectiles. Under the command of a mysterious man known only as ""Persia"", the WK is dispatched to take care of drug rings, terrorist factions, and the like. But as things go along, they discover that most, if not all, the bad elements they have dealt with are somehow connected to the Takatori family. The Takatori family is rich, powerful, and influential. It seems if the problem is to be nipped in the bud, the WK would have to put an end to one of Japan's most prominent clans.


(Source: AniDB)"	['Weiß: An Assassin and White Shaman', 'Weiß Kreuz Glühen', 'Weiß Kreuz OVA']	['Fujimiya, Ran', 'Kudou, Youji', 'Tsukiyono, Omi', 'Hidaka, Ken', 'Schuldig', 'Crawford, Brad', 'Farfarello', 'Naoe, Nagi', 'Tot', 'Tomoe, Sakura']	['Koyasu, Takehito', 'Miki, Shinichiro', 'Yuuki, Hiro', 'Seki, Tomokazu', 'Midorikawa, Hikaru', 'Okiayu, Ryoutarou', 'Nakao, Ryusei', 'Sasaki, Nozomu', 'Kasahara, Hiroko']	[['Oobari, Masami', 'Director, Storyboard, Animation Director, Key Animation'], ['Egami, Kiyoshi', 'Director'], ['Okazaki, Yukio', 'Episode Director'], ['Tomita, Sukehiro', 'Script']]
