animeTitle	animeType	animeNumEpisode	releaseDate	endDate	animeNumMembers	animeScore	animeUsers	animeRank	animePopularity	animeDescription	animeRelated	animeCharacters	animeVoices	animeStaff
Suteki Tantei Labyrinth	TV	25	2007-10-03	2008-03-26	9074	6.71	1872	5040	5517	"In a forgotten town known as the old capital of Tokyo, strange and mysterious crimes are progressively occuring. These supernatural occurances are beyond comprehension and bring fear and terror to the people. Only one person is not intimidated by the evil underlying these occurances and is willing to challenge them: Hyuga Mayuki, a young boy detective who holds a special insight power that allows him to uncover the real truth behind these occurances. 


(Source: ANN)"	['Suteki Tantei Labyrinth']	['Shinano, Seiran', 'Hyuga, Mayuki', 'Mieno, Hatsumi', 'Koga, Rakuta', 'Yatomi, Yae', 'Izumi, Sanae', 'Izumi, Minori', 'Koga, Kouta', 'Byakko', 'Tomaru, Miyako']	['Suwabe, Junichi', 'Sawashiro, Miyuki', 'Ueda, Kana', 'Inoue, Marina', 'Satou, Satomi', 'Yuzuki, Ryouka', 'Inoue, Nana', 'Park, Romi', 'Horie, Yui', 'Ohara, Sayaka']	[['Watanabe, Hiroshi', 'Director, Episode Director, Storyboard, Key Animation'], ['Hata, Shouji', 'Sound Director'], ['Namura, Hidetoshi', 'Storyboard'], ['Watanabe, Masaki', 'Storyboard']]
