animeTitle	animeType	animeNumEpisode	releaseDate	endDate	animeNumMembers	animeScore	animeUsers	animeRank	animePopularity	animeDescription	animeRelated	animeCharacters	animeVoices	animeStaff
Kanon Kazahana	Special	1	2003-05-03		12727	6.72	5642	5010	4805	"The spring has come since Yuuichi reunited with Ayu, and lives of all major characters are back on track. When Mishio visits Makoto's birthplace, however, a miracle happens before her eyes.  


(Source: ANN)
"	['Kanon']	['Tsukimiya, Ayu', 'Kawasumi, Mai', 'Sawatari, Makoto', 'Aizawa, Yuuichi', 'Minase, Nayuki', 'Misaka, Shiori', 'Kurata, Sayuri', 'Minase, Akiko', 'Misaka, Kaori', 'Amano, Mishio']	['Horie, Yui', 'Tamura, Yukari', 'Iizuka, Mayumi', 'Kisaichi, Atsushi', 'Kouda, Mariko', 'Sato, Akemi', 'Kawakami, Tomoko', 'Minaguchi, Yuko', 'Sakamoto, Maaya']	[['Itou, Naoyuki', 'Director'], ['Key', 'Original Creator'], ['Hinoue, Itaru', 'Original Character Design']]
