animeTitle	animeType	animeNumEpisode	releaseDate	endDate	animeNumMembers	animeScore	animeUsers	animeRank	animePopularity	animeDescription	animeRelated	animeCharacters	animeVoices	animeStaff
Tennis no Ouji-sama: Message in a Bottle	Special	1	2009-12-22		2147	6.71	561	5041	9266	"Picture drama episode included with Prince of Tennis official DVD fandisc.


Atobe, sneakily, throws a message in a bottle in the river, which winds up next to the Rikkai and the Seigaku regulars.


(Source: Prince of Tennnis Wiki)"	['Tennis no Ouji-sama']	['Echizen, Ryouma', 'Fuji, Shuusuke', 'Atobe, Keigo', 'Kikumaru, Eiji', 'Kirihara, Akaya', 'Sanada, Genichirou', 'Momoshiro, Takeshi', 'Oishi, Shuichiro', 'Yanagi, Renji', 'Oshitari, Yuushi']	['Minagawa, Junko', 'Kaida, Yuki', 'Suwabe, Junichi', 'Takahashi, Hiroki', 'Morikubo, Shoutarou', 'Kusunoki, Taiten', 'Onosaka, Masaya', 'Kondou, Takayuki', 'Takemoto, Eiji', 'Kiuchi, Hidenobu']	[['Konomi, Takeshi', 'Original Creator']]
