animeTitle	animeType	animeNumEpisode	releaseDate	endDate	animeNumMembers	animeScore	animeUsers	animeRank	animePopularity	animeDescription	animeRelated	animeCharacters	animeVoices	animeStaff
Viper's Creed	TV	12	2009-01-06	2009-03-24	9480	6.72	3672	5028	5420	"The story revolves around the members of a private military company (PMC), and the uneasy tension between them and the regular military after a war that caused massive environmental destruction.


(Source: Animekon)"		"['Cryde, Saiki', 'Kariya, Sakurako', 'Dilah, Ageha', ""N'Guyen, Norma"", 'Doc', 'Shankai, Rudra', 'Chiaki, Ulla', 'Ladd, Chris', 'Meneau, Jill', 'Zaliche']"	['Kuroda, Takaya', 'Toyoguchi, Megumi', 'Akiyama, Nana', 'Minagawa, Junko', 'Arimoto, Kinryuu', 'Kawada, Shinji', 'Sakurai, Takahiro', 'Ueda, Kana', 'Kojima, Sachiko', 'Sakuya, Shunsuke']	[['Aramaki, Shinji', 'Director'], ['Nishouji, Yoshihito', 'Episode Director'], ['Hasegawa, Keiichi', 'Script'], ['Hayashi, Hiroki', 'Storyboard']]
