animeTitle	animeType	animeNumEpisode	releaseDate	endDate	animeNumMembers	animeScore	animeUsers	animeRank	animePopularity	animeDescription	animeRelated	animeCharacters	animeVoices	animeStaff
Nagato Yuki-chan no Shoushitsu	TV	16	2015-04-04	2015-07-18	118786	6.72	43928	5013	1417	"In a familiar yet different universe, shy bookworm and gamer Yuki Nagato is the president of North High School's Literary Club. Her friends, the overly-cautious Ryouko Asakura and completely average Kyon, are the only other members of the club. Nevertheless, Yuki enjoys the peace and quiet she shares with them, especially when she is with Kyon, whom she has a crush on. Added to the mix are Tsuruya and Mikuru Asahina, two friends with opposite personalities who frequently stop by the Literary Club.


While walking back to her apartment on a cold December day, Yuki is coerced into drawing strange symbols on the ground by a girl supposedly attempting to capture Santa Claus. The girl introduces herself as Haruhi Suzumiya, an eccentric student from the prestigious Kouyouen Academy who is on the hunt for aliens, time travelers, and espers. When Haruhi and her friend Itsuki Koizumi make a sudden appearance in the clubroom, they declare themselves as official members of the Literary Club, with Haruhi taking up residence as the executive president.


With the tranquil days of the Literary Club now behind them, Yuki and her friends get caught up in a series of misadventures under Haruhi's leadership—with each incident bringing Yuki and Kyon closer than ever before.


[Written by MAL Rewrite]"	['Nagato Yuki-chan no Shoushitsu', 'Suzumiya Haruhi no Yuuutsu', 'Suzumiya Haruhi no Yuuutsu (2009)', 'Nagato Yuki-chan no Shoushitsu: Owarenai Natsuyasumi']	"['Kyon', 'Nagato, Yuki', 'Suzumiya, Haruhi', 'Asahina, Mikuru', 'Koizumi, Itsuki', 'Tsuruya', 'Asakura, Ryouko', ""Kyon's Sister"", 'Taniguchi', 'Kunikida']"	['Sugita, Tomokazu', 'Chihara, Minori', 'Hirano, Aya', 'Gotou, Yuuko', 'Ono, Daisuke', 'Matsuoka, Yuki', 'Kuwatani, Natsuko', 'Aoki, Sayaka', 'Shiraishi, Minoru', 'Matsumoto, Megumi']	[['Sabat, Christopher', 'Producer'], ['Wada, Junichi', 'Director, Episode Director'], ['Tsuruoka, Youta', 'Sound Director'], ['Koga, Kazuomi', 'Episode Director']]
