animeTitle	animeType	animeNumEpisode	releaseDate	endDate	animeNumMembers	animeScore	animeUsers	animeRank	animePopularity	animeDescription	animeRelated	animeCharacters	animeVoices	animeStaff
Ginga Tetsudou Monogatari: Wasurerareta Toki no Wakusei	OVA	4	2006-12-30	2007-03-24	2256	6.72	611	5001	9117	"This is the OVA of The Galaxy Railways.


The Galaxy Express 999 crashes on the off-limits planet of Herise and it's up to the SDF Sirius Platoon to assist. 


(Source: Wikipedia)"	['Ginga Tetsudou Monogatari', 'Ginga Tetsudou Monogatari: Eien e no Bunkiten']	['Yuuki, Manabu', 'Fort Drake, Louis', 'Maetel', 'Hoshino, Tetsurou', 'The Conductor', 'Yuki', 'Bulge, Schawanheld', 'Destiny Shula, Layla', 'Young, David', 'Old lady']	['Yanagi, Naoki', 'Sanada, Asami', 'Ikeda, Masako', 'Nozawa, Masako', 'Kimotsuki, Kaneta', 'Suzuki, Naoko', 'Ootsuka, Akio', 'Ichiryuusai, Harumi', 'Midorikawa, Hikaru', 'Yono, Hikari']	[['Ooba, Hideaki', 'Director'], ['Shioya, Yoku', 'Sound Director'], ['Iuchi, Shuji', 'Storyboard'], ['Matsumoto, Leiji', 'Original Creator']]
