animeTitle	animeType	animeNumEpisode	releaseDate	endDate	animeNumMembers	animeScore	animeUsers	animeRank	animePopularity	animeDescription	animeRelated	animeCharacters	animeVoices	animeStaff
Qin Shi Ming Yue: Ye Jin Tianming	TV	18	2008-07-17	2008-01-01	1098	6.72	301	5016	10907	"In the second season, Emperor Qin sends Quicksand to destroy Machinery City, the home of the Mohist School.


At the same time, Duanmu Rong sends the three kids, Tianming, Shao Yu, and Gao Yu, into the forbidden grounds of the Mohist School, a place where nobody could enter without permission.


(Source: AniDB)"	['Qin Shi Ming Yue: Bai Bu Fei Jian', 'Qin Shi Ming Yue: Zhu Zi Bai Jia', 'Qin Shi Ming Yue: Kong Shan Niao Yu', 'Qin Shi Ming Yue Zhi: Luosheng Tangxia', 'Qin Shi Ming Yue Tebie Pian: Di Zi Jiang Xi', 'Qin Shi Ming Yue: Tian Xing Jiu Ge']	['Jing, Tianming', 'Ge, Nie', 'Wei, Zhuang', 'Xiang, ShaoYu', 'Duanmu, Rong', 'Xuenu', 'Gongshu, Chou', 'Baifeng ', 'Daozhi', 'Datiechui']		[['Jing, Tianming', 'Main'], ['Ge, Nie', 'Main'], ['Wei, Zhuang', 'Main'], ['Xiang, ShaoYu', 'Main'], ['Duanmu, Rong', 'Supporting'], ['Xuenu', 'Supporting'], ['Gongshu, Chou', 'Supporting'], ['Baifeng', 'Supporting'], ['Daozhi', 'Supporting'], ['Datiechui', 'Supporting']]
