animeTitle	animeType	animeNumEpisode	releaseDate	endDate	animeNumMembers	animeScore	animeUsers	animeRank	animePopularity	animeDescription	animeRelated	animeCharacters	animeVoices	animeStaff
Hanyou no Yashahime: Sengoku Otogizoushi	TV	24	2020-10-03	2021-03-20	98182	6.72	21023	5004	1661	"Half-demon twins Towa and Setsuna were always together, living happily in Feudal Japan. But their joyous days come to an end when a forest fire separates them and Towa is thrown through a portal to modern-day Japan. There, she is found by Souta Higurashi, who raises her as his daughter after Towa finds herself unable to return to her time.


Ten years later, 14-year-old Towa is a relatively well-adjusted student, despite the fact that she often gets into fights. However, unexpected trouble arrives on her doorstep in the form of three visitors from Feudal Japan; Moroha, a bounty hunter; Setsuna, a demon slayer and Towa's long-lost twin sister; and Mistress Three-Eyes, a demon seeking a mystical object. Working together, the girls defeat their foe, but in the process, Towa discovers to her horror that Setsuna has no memory of her at all. Hanyou no Yashahime: Sengoku Otogizoushi follows the three girls as they endeavor to remedy Setsuna's memory loss, as well as discover the truth about their linked destinies.


[Written by MAL Rewrite]"	['Hanyo no Yashahime', 'InuYasha: Kanketsu-hen', 'Hanyou no Yashahime: Sengoku Otogizoushi - Ni no Shou']	['Moroha', 'Higurashi, Towa', 'Setsuna', 'Inuyasha', 'Sesshoumaru', 'Higurashi, Kagome', 'Sango', 'Kikyou', 'Miroku', 'Rin']	['Tadokoro, Azusa', 'Matsumoto, Sara', 'Komatsu, Mikako', 'Yamaguchi, Kappei', 'Narita, Ken', 'Yukino, Satsuki', 'Kuwashima, Houko', 'Yasumura, Makoto', 'Noto, Mamiko']	[['Satou, Teruo', 'Director'], ['Nagura, Yasushi', 'Sound Director'], ['Uru', 'Theme Song Performance'], ['SixTONES', 'Theme Song Performance']]
