animeTitle	animeType	animeNumEpisode	releaseDate	endDate	animeNumMembers	animeScore	animeUsers	animeRank	animePopularity	animeDescription	animeRelated	animeCharacters	animeVoices	animeStaff
Miyuki	TV	37	1983-03-31	1984-04-20	3342	6.71	701	5031	8111	"Wakamatsu Masato lives with his step-sister, Miyuki, whom he does not have blood relationship with. Their father is always working oversea and left the two of them living by themselves in Toukyou. Miyuki is cute, nice, sensitive and very popular among guys around Masato. Masato has a girlfriend at school whose name is Kajima Miyuki, who is pretty and gentle, the ideal dream of every highschool boy.


(Source: AnimeNfo)"	['Miyuki']	['Wakamatsu, Miyuki', 'Wakamatsu, Masato', 'Kashima, Miyuki', 'Muraki, Yoshio', 'Nakata, Torao', 'Kousaka, Kenji', 'Kashima, Mother', 'Masaki, Ryuuichi', 'Kashima, Yasujirou']	['Oginome, Youko', 'Toriumi, Katsumi', 'Tsuru, Hiromi', 'Shiozawa, Kaneto', 'Genda, Tesshou', 'Mori, Katsuji', 'Ueda, Miyuki', 'Oobayashi, Ryuusuke', 'Tomiyama, Kei']	[['Nishikubo, Mizuho', 'Director, Script'], ['Matsuura, Noriyoshi', 'Sound Director'], ['Kogawa, Yoriyasu', 'Episode Director'], ['Tokita, Hiroko', 'Episode Director']]
