animeTitle	animeType	animeNumEpisode	releaseDate	endDate	animeNumMembers	animeScore	animeUsers	animeRank	animePopularity	animeDescription	animeRelated	animeCharacters	animeVoices	animeStaff
Maji de Watashi ni Koi Shinasai!	TV	12	2011-10-02	2011-12-18	258886	6.72	109637	5012	685	"The samurai are a very important part of Japan's history, and to be related to them in any way is probably one of the most inspiring things that a young high school student could hope for.


Kawakami City is well-known for having many samurai ancestors among its citizens, and is generally surrounded by an atmosphere of fighting spirit, loyalty, and dedication to work. In Maji de Watashi ni Koi Shinasai!, the students of Kawakami Academy use this knowledge on a daily basis, whether they are studying for exams, competing in sports competitions, or making sure that they take very good care of their traditions. Yamato Naoe is one such student, and his six closest friends (three boys and three girls) make up the perfect team for friendship, rivalry, and motivation. However, even samurai have weaknesses.


Although the balance and long friendship of their group has been undisturbed for a long time, when two new girls enter the group, things start to get a lot more interesting. Not only must they maintain what they think is the samurai tradition, but they must now also do it with a lot of ""distractions."""	['Maji de Watashi ni Koi Shinasai!', 'Kimi ga Aruji de Shitsuji ga Ore de']	['Kawakami, Momoyo', 'Shiina, Miyako', 'Naoe, Yamato', 'Kawakami, Kazuko', 'Mayuzumi, Yukie', 'Friedrich, Christiane', 'Matsunaga, Tsubame', 'Eberbach, Margit', 'Fushikawa, Kokoro', 'Kuki, Ageha']	['Asakawa, Yuu', 'Hyo-sei', 'Kamiya, Hiroshi', 'Tomonaga, Akane', 'Gotou, Yuuko', 'Itou, Shizuka', 'Nagatsuma, Juri', 'Mizusawa, Kei', 'Mizuhashi, Kaori', 'Matsui, Naoko']	[['Motonaga, Keitarou', 'Director'], ['Ebina, Yasunori', 'Sound Director'], ['Kobayashi, Kouji', 'Episode Director'], ['Sokuza, Makoto', 'Episode Director, Storyboard']]
