animeTitle	animeType	animeNumEpisode	releaseDate	endDate	animeNumMembers	animeScore	animeUsers	animeRank	animePopularity	animeDescription	animeRelated	animeCharacters	animeVoices	animeStaff
Crayon Shin-chan Movie 16: Chou Arashi wo Yobu Kinpoko no Yuusha	Movie	1	2008-04-19		3429	6.71	1832	5050	8046	"A comical fantasy adventure on a fight against invaders from another world. The ruler of dark world ""Don Kurai,"" Dark, plots to dominate the human world. There is a legend about three treasures and a hero in Don Kurai, and Dark takes over one of the three treasures, a bell of copper, but a man sent other two treasures (a spear of gold and a shield of silver) to the human world. Shinnosuke falls into Dark's trap and opens the door between the human world and Don Kurai, but he becomes the hero selected by the spear of gold. With the power of a girl from Don Kurai, Mata Tami, the Nohara Family transform into various things and fight against Dark.


(Source: Manabu Tsuribe)"	['Crayon Shin-chan', 'Crayon Shin-chan Movie 15: Arashi wo Yobu Utau Ketsu dake Bakudan!', 'Crayon Shin-chan Movie 17: Otakebe! Kasukabe Yasei Oukoku']	['Nohara, Shinnosuke', 'Nohara, Hiroshi', 'Nohara, Misae', 'Nohara, Himawari', 'Boo-chan', 'Gou, Goutarou', 'Kazama, Tooru', 'Sakurada, Nene', 'Takakura, Bunta', 'Sato, Masao']	['Yajima, Akiko', 'Fujiwara, Keiji', 'Narahashi, Miki', 'Koorogi, Satomi', 'Satou, Chie', 'Genda, Tesshou', 'Mashiba, Mari', 'Hayashi, Tamao', 'Naya, Rokurou', 'Ichiryuusai, Teiyuu']	[['Ookuma, Akira', 'Sound Director'], ['Hongou, Mitsuru', 'Episode Director, Script, Storyboard'], ['Hashimoto, Masakazu', 'Storyboard'], ['Kobayashi, Tsuneo', 'Storyboard']]
