animeTitle	animeType	animeNumEpisode	releaseDate	endDate	animeNumMembers	animeScore	animeUsers	animeRank	animePopularity	animeDescription	animeRelated	animeCharacters	animeVoices	animeStaff
Hiiro no Kakera	TV	13	2012-04-01	2012-06-24	101733	6.72	40172	5006	1600	"Gods and ghosts only exist in fairy tales, right? That's the impression that high school girl Tamki Kasuga has before she goes to live with her grandmother in the remote village of Kifumura. After being attacked by strange creatures upon her arrival, she is soon informed that females in her family contain the blood of the Tamayori Princess, who has the responsibility and power of keeping gods and ghosts sealed away so that they can't harm the general public. At first Tamaki has trouble believing this, but having five beautiful young men following her everywhere she goes acting as her guardians goes a long way towards convincing her.


There's more to this job than Tamaki first realizes, however, and the path that lies ahead of her is fraught with peril and danger. Will she be able to successfully take on the heavy role that has been put on her shoulders?"	['Hiiro no Kakera: Mezame no Toki', 'Hiiro no Kakera Dai Ni Shou', 'Hiiro no Kakera: Totsugeki! Tonari no Ikemenzu']	['Onizaki, Takuma', 'Komura, Yuuichi', 'Atori, Mahiro', 'Kasuga, Tamaki', 'Oomi, Suguru', 'Inukai, Shinji', 'Kutani, Ryou', 'Vier', 'Zwei', 'Ein']	['Sugita, Tomokazu', 'Namikawa, Daisuke', 'Okano, Kousuke', 'Miyake, Marie', 'Hirakawa, Daisuke', 'Shimowada, Hiroki', 'Nomiya, Kazunori', 'Ohara, Sayaka', 'Kawahara, Yoshihisa', 'Yasumoto, Hiroki']	[['Shirahata, Nobuo', 'Director'], ['Hiramitsu, Takuya', 'Sound Director'], ['Yoshida, Shunji', 'Episode Director'], ['Kato, Toshiyuki', 'Episode Director, Storyboard']]
