animeTitle	animeType	animeNumEpisode	releaseDate	endDate	animeNumMembers	animeScore	animeUsers	animeRank	animePopularity	animeDescription	animeRelated	animeCharacters	animeVoices	animeStaff
Oz no Mahoutsukai (1986)	TV	52	1986-10-06	1987-09-28	2112	6.71	762	5035	9289	"Based on The Wonderful Wizard of Oz (1900), The Marvelous Land of Oz, Ozma of Oz, and The Emerald City of Oz (1900-1920) by L. Frank Baum (1856-1919).


(Source: AniDB)"	['Oz no Mahoutsukai']	['Scarecrow', 'Dorothy', 'Tin Woodman', 'Cowardly Lion', 'Queen of the Field Mice', 'Old Winkie', 'Miss Cuttenclip', 'Wicked Witch of the East', 'General Guph', 'Fuddle']	['Yasuhara, Yoshito', 'Shimamoto, Sumi', 'Kamiyama, Takuzou', 'Nagai, Ichiro', 'Hirano, Fumi', 'Yada, Minoru', 'Ichijou, Miyuki', 'Nozawa, Masako', 'Yanami, Jouji', 'Takagi, Hitoshi']	"[['Saitou, Hiroshi', 'Director, Script'], ['Miyazaki, Akira', 'Script, Storyboard, Screenplay'], [""D'Avena, Cristina"", 'Theme Song Performance'], ['Oosugi, Kumiko', 'Theme Song Performance']]"
