animeTitle	animeType	animeNumEpisode	releaseDate	endDate	animeNumMembers	animeScore	animeUsers	animeRank	animePopularity	animeDescription	animeRelated	animeCharacters	animeVoices	animeStaff
Sword Art Online II	TV	24	2014-07-05	2014-12-20	1663845	6.72	1097346	5023	31	"A year after escaping Sword Art Online, Kazuto Kirigaya has been settling back into the real world. However, his peace is short-lived as a new incident occurs in a game called Gun Gale Online, where a player by the name of Death Gun appears to be killing people in the real world by shooting them in-game. Approached by officials to assist in investigating the murders, Kazuto assumes his persona of Kirito once again and logs into Gun Gale Online, intent on stopping the killer.


Once inside, Kirito meets Sinon, a highly skilled sniper afflicted by a traumatic past. She is soon dragged in his chase after Death Gun, and together they enter the Bullet of Bullets, a tournament where their target is sure to appear. Uncertain of Death Gun's real powers, Kirito and Sinon race to stop him before he has the chance to claim another life. Not everything goes smoothly, however, as scars from the past impede their progress. In a high-stakes game where the next victim could easily be one of them, Kirito puts his life on the line in the virtual world once more.


[Written by MAL Rewrite]"	['Sword Art Online', 'Sword Art Online: Extra Edition', 'Sword Art Online II: Debriefing', 'Sword Art Online II: Sword Art Offline II', 'Sword Art Online Fatal Bullet: The Third Episode - Pilot-ban', 'Sword Art Online Fatal Bullet: The Third Episode', 'Sword Art Online Movie: Ordinal Scale', 'Sword Art Online Alternative: Gun Gale Online']	['Kirigaya, Kazuto', 'Yuuki, Asuna', 'Asada, Shino', 'Konno, Yuuki', 'Yui', 'Kirigaya, Suguha', 'Tsuboi, Ryoutarou', 'Ayano, Keiko', 'Shinozaki, Rika', 'Mills, Andrew Gilbert']	['Matsuoka, Yoshitsugu', 'Tomatsu, Haruka', 'Sawashiro, Miyuki', 'Yuuki, Aoi', 'Itou, Kanae', 'Taketatsu, Ayana', 'Hirata, Hiroaki', 'Hidaka, Rina', 'Takagaki, Ayahi', 'Yasumoto, Hiroki']	[['Miki, Kazuma', 'Producer'], ['Itou, Tomohiko', 'Director'], ['Iwanami, Yoshikazu', 'Sound Director'], ['Takashima, Daisuke', 'Episode Director']]
