animeTitle	animeType	animeNumEpisode	releaseDate	endDate	animeNumMembers	animeScore	animeUsers	animeRank	animePopularity	animeDescription	animeRelated	animeCharacters	animeVoices	animeStaff
Shinzou Ningen Casshern	TV	35	1973-10-02	1974-06-25	5350	6.71	1239	5038	6813	"The brilliant Dr. Azuma created many robots to aid humankind. However, during a thunderstorm his lab was struck by lightning, corrupting the programming of one of his robots, BK-1, who renames himself Braiking Boss and declares that instead of serving mankind, mankind will now serve him! He brings other robots together into an overwhelming army bent on enslaving the human race.


Tetsuya, Dr. Azuma's son, asks his father to turn him into an indestructible android so that he will have the power to destroy the threat his father inadvertently created. Shortly thereafter, Braiking Boss captures Dr. Azuma and his wife. Tetsuya, now renamed Casshern, sets out to turn the tide of the war and rescue his parents, with the help of his girlfriend, Luna, and robot dog, Friender."	['Casshern: Robot Hunter', 'Casshern Sins', 'Time Bokan Oudou Fukko']	['Casshern', 'Friender', 'Braiking Boss', 'Kozuki, Luna', 'Narrator', 'Azuma, Koutaro']	['Nishikawa, Ikuo', 'Utsumi, Kenji', 'Tsukada, Emiko', 'Naya, Gorou', 'Yamanouchi, Masato']	[['Kuri, Ippei', 'Producer'], ['Sasagawa, Hiroshi', 'Director'], ['Tomino, Yoshiyuki', 'Episode Director, Storyboard'], ['Watanabe, Takashi', 'Episode Director']]
