animeTitle	animeType	animeNumEpisode	releaseDate	endDate	animeNumMembers	animeScore	animeUsers	animeRank	animePopularity	animeDescription	animeRelated	animeCharacters	animeVoices	animeStaff
Shining Star	TV	52	2017-10-16	2018-12-03	492	6.71	106	5037	13059	"At the prestigious Shining Star School, every girl dreams of becoming the best idol, called ""Muse"". Nara, an ordinary girl, decides to attend the school in order to fulfill her dream.


(Source: Shining Star Wiki)"	['Shining Star: Saeroun Luna-Queen-ui Tansaeng!']	['Yoon, See-A', 'Yang, Song-I', 'Chae, Nara', 'Vanilla', 'Casey', 'Jay']		[['Yoon, See-A', 'Main'], ['Yang, Song-I', 'Main'], ['Chae, Nara', 'Main'], ['Vanilla', 'Supporting'], ['Casey', 'Supporting'], ['Jay', 'Supporting']]
