animeTitle	animeType	animeNumEpisode	releaseDate	endDate	animeNumMembers	animeScore	animeUsers	animeRank	animePopularity	animeDescription	animeRelated	animeCharacters	animeVoices	animeStaff
Muhyo to Rouji no Mahouritsu Soudan Jimusho	TV	12	2018-08-03	2018-10-19	45593	6.71	10844	5034	2634	"Are you a victim of unwanted spirit possession? Is there a ghost you need sent up and away...or down to burn for all eternity? If the answer is yes, then you need Muhyo and Roji, experts in magic law. Serving justice to evil spirits is their specialty.


(Source: VIZ Media)"	['Muhyo to Rouji no Mahouritsu Soudan Jimusho', 'Hotohashiru', 'Muhyo to Rouji no Mahouritsu Soudan Jimusho 2nd Season']	['Muhyou, Tooru', 'Kusano, Jirou', 'Takenouchi, Nana', 'Imai, Reiko', 'Abiko, Yuu', 'Kurotori, Rio', 'Himukai, Youichi', 'Madoka, Soratsugu', 'Satou, Kenji', 'Fujiwara']	['Murase, Ayumu', 'Hayashi, Yuu', 'Saiga, Mitsuki', 'Kawamura, Rie', 'Akesaka, Satomi', 'Kakihara, Tetsuya', 'Kamiya, Hiroshi', 'Amasaki, Kouhei', 'Ikeda, Kyousuke']	[['Kondou, Nobuhiro', 'Director'], ['ORESAMA', 'Theme Song Performance'], ['SCREEN mode', 'Theme Song Performance'], ['Kawasaki, Ryou', 'Music']]
