animeTitle	animeType	animeNumEpisode	releaseDate	endDate	animeNumMembers	animeScore	animeUsers	animeRank	animePopularity	animeDescription	animeRelated	animeCharacters	animeVoices	animeStaff
Gintama x Mameshiba	Special	6	2013-12-03	2013-12-18	12025	6.72	4451	5002	4936	"Aired as a commercial to promote the Gintama: Kanketsu-hen - Yorozuya yo Eien Nare Movie, Gintoki, Kagura and Shipachi have turned into ""weird living creatures"".


This is a Gintama parody on the Kids Short Animation ""Mameshiba"" featuring the characters the sword bean-dog hybrid creatures. "	['Mameshiba', 'Gintama Movie 2: Kanketsu-hen - Yorozuya yo Eien Nare']	['Sakata, Gintoki', 'Kagura', 'Shimura, Shinpachi', 'Hijikata, Toushirou', 'Okita, Sougo', 'Kondou, Isao']	['Sugita, Tomokazu', 'Kugimiya, Rie', 'Sakaguchi, Daisuke']	[['Sakata, Gintoki', 'Main'], ['Sugita, Tomokazu', 'Japanese'], ['Kagura', 'Main'], ['Kugimiya, Rie', 'Japanese'], ['Shimura, Shinpachi', 'Main'], ['Sakaguchi, Daisuke', 'Japanese'], ['Hijikata, Toushirou', 'Supporting'], ['Okita, Sougo', 'Supporting'], ['Kondou, Isao', 'Supporting']]
