animeTitle	animeType	animeNumEpisode	releaseDate	endDate	animeNumMembers	animeScore	animeUsers	animeRank	animePopularity	animeDescription	animeRelated	animeCharacters	animeVoices	animeStaff
PriPara Movie: Mi~nna Atsumare! Prism☆Tours	Movie	1	2015-03-07		2059	6.72	644	5015	9382	"PriPara the Movie: Everyone, Assemble! Prism ☆ Tours is the film based on and starring the characters from PriPara. The film is scheduled to begin showing in theaters across Japan from March 7, 2015. The plot will focus on Laala Manaka finding out about Saints' top idol journey, and will feature the return of many characters from across all the Pretty Rhythm series.


(Source: PriPara Wikia)"	['PriPara']	['Manaka, Laala', 'Houjou, Sophie', 'Minami, Mirei', 'West, Leona', 'Toudou, Shion', 'Takamine, Mion', 'West, Dorothy', 'Harune, Aira', 'Ayase, Naru', 'Ageha, Mia']	['Akaneya, Himika', 'Kubota, Miyu', 'Serizawa, Yuu', 'Wakai, Yuuki', 'Yamakita, Saki', 'Shibuya, Azuki', 'Asumi, Kana', 'Katou, Emiri', 'Ookubo, Rumi']	[['Moriwaki, Makoto', 'Director'], ['Hishida, Masakazu', 'Director'], ['Watanabe, Akio', 'Original Character Design'], ['Yaso, Shouta', 'Sound Effects']]
