animeTitle	animeType	animeNumEpisode	releaseDate	endDate	animeNumMembers	animeScore	animeUsers	animeRank	animePopularity	animeDescription	animeRelated	animeCharacters	animeVoices	animeStaff
Tokyo Babylon	OVA	2	1992-10-21	1994-03-21	17087	6.71	7678	5043	4285	"Subaru Sumeragi is the 13th head of the Sumeragi Clan and a most powerful onmyouji. Subaru is hired to exorcise a construction site, but his employer mysteriously died. The only suspect is a man who repeatedly walks away from situations in which he should have died. Then Subaru meets a young woman intent upon cursing the man, saying that he killed her brother. Subaru must figure out how his employer died and fight the evil spirits that are protecting the man with the help of his friend and twin sister, Seishirou Sakurazuka and Hokuto Sumeragi.


(Source: ANN)"	['Tokyo Babylon', 'X OVA', 'Tokyo Babylon: Vision', 'Tokyo Babylon 2021']	['Sumeragi, Subaru', 'Sakurazuka, Seishirou', 'Sumeragi, Hokuto', 'Yamakawa', 'Mimura', 'Miyatake, Satoru', 'Subway Killer', 'Nishimura, Ikuma', 'Kono', 'Nagumo, Shinji']	['Yamaguchi, Kappei', 'Koyasu, Takehito', 'Itou, Miki', 'Yamadera, Kouichi', 'Tanaka, Hideyuki', 'Matsumoto, Yasunori', 'Kakegawa, Hirohiko', 'Ikeda, Shuuichi']	[['Chigira, Kouichi', 'Director'], ['Watanabe, Jun', 'Sound Director'], ['Matsuura, Noriyoshi', 'Sound Director'], ['CLAMP', 'Original Creator']]
