animeTitle	animeType	animeNumEpisode	releaseDate	endDate	animeNumMembers	animeScore	animeUsers	animeRank	animePopularity	animeDescription	animeRelated	animeCharacters	animeVoices	animeStaff
WXIII Kidou Keisatsu Patlabor	Movie	1	2002-03-30		10218	6.72	4831	5029	5259	"When the level of Labor accidents begin to escalate around Tokyo Bay, police detectives Kusumi and Hata are assigned to investigate. What they discover leads to a series of government cover-ups, conspiracy concerning a new biological weapon entitled WXIII-Wasted Thirteen and a tragic, personal connection to Hata. The only hope to stop this threat is to cooperate with the military and lead WXIII into a showdown with the Labors of Special Vehicle Division 2. 


(Source: ANN)"	['Kidou Keisatsu Patlabor 2 the Movie', 'Kidou Keisatsu Patlabor: Reboot']	['Kusumi, Takeshi', 'Hata, Shinichiro', 'Gotou, Kiichi', 'Izumi, Noa', 'Shinohara, Asuma', 'Oota, Isao', 'Yamazaki, Hiromi', 'Shinshi, Mikiyasu', 'Kaiho', 'Ishihara, Goro']	['Watabiki, Katsuhiko', 'Hirata, Hiroaki', 'Oobayashi, Ryuusuke', 'Tominaga, Miina', 'Furukawa, Toshio', 'Ikemizu, Michihiro', 'Gouri, Daisuke', 'Futamata, Issei', 'Kojima, Toshihiko', 'Morita, Junpei']	[['Takayama, Fumihiko', 'Director, Storyboard'], ['Endou, Takuji', 'Director'], ['Kameyama, Toshiki', 'Sound Director'], ['Epcar, Richard', 'Script, ADR Director']]
