animeTitle	animeType	animeNumEpisode	releaseDate	endDate	animeNumMembers	animeScore	animeUsers	animeRank	animePopularity	animeDescription	animeRelated	animeCharacters	animeVoices	animeStaff
Tonagura!	TV	13	2006-07-09	2006-10-01	44834	6.71	20949	5044	2649	"Kazuki has been awaiting 10 years for the day when her neighbours moved back to their old house. She has a crush on Yuuji, whom she considers as her first love but to whom she never managed to express her feelings for him before they moved out. Yuuji often comes over to play with Kazuki, Kazuki's older sister Hatsune and Yuuji's sister Marie when they were kids. Her ideal depiction of Yuuji was soon shattered when he turned out more than she had expected, him acting all ecchi during their reunion. With their parents off in South America, both families must learn to live with each other and rekindle the childhood feelings they shared together. Things get even more crazy as they attend the same school.


(Source: ANN)"	['Tona-Gura!']	['Kagura, Yuuji', 'Arisaka, Kazuki', 'Arisaka, Hatsune', 'Kagura, Marie', 'Isokawa, Niina', 'Suzuhara, Chihaya', 'Serizawa, Miu']	['Satou, Rina', 'Kanda, Akemi', 'Ohara, Sayaka', 'Hazuki, Erino', 'Tsuji, Ayumi', 'Sekiyama, Misaki', 'Itou, Shizuka']	[['Aketagawa, Jin', 'Sound Director'], ['Oota, Masahiko', 'Storyboard'], ['Kikuya, Tomoki', 'Theme Song Composition, Theme Song Arrangement, Music'], ['Kodama, Saori', 'Theme Song Lyrics']]
