animeTitle	animeType	animeNumEpisode	releaseDate	endDate	animeNumMembers	animeScore	animeUsers	animeRank	animePopularity	animeDescription	animeRelated	animeCharacters	animeVoices	animeStaff
Akatsuki no Yona	TV	24	2014-10-07	2015-03-24	694833	8.04	331270	497	192	"Princess Yona lives a life of luxury and ease, completely sheltered from the problems of the seemingly peaceful Kingdom of Kouka; however, the sudden murder of the king and betrayal of her beloved cousin Su-won places Yona's life in mortal peril. Forced to escape only with Son Hak, who is both her childhood friend and bodyguard, the naïve princess soon discovers that Kouka is not the idyllic place she envisioned it to be. Poverty, strife, and corruption run rampant, making reclaiming the throne nothing more than a wishful fantasy given the kingdom's current state.


Based on the popular manga of the same name by Mizuho Kusanagi, Akatsuki no Yona follows Princess Yona on a coming-of-age adventure as she faces the harsh realities of her kingdom. With only a mysterious legend to guide her, Yona must discover a way to restore Kouka to its former glory while being pursued relentlessly by the forces of the new King of Kouka.


[Written by MAL Rewrite]"	['Akatsuki no Yona', 'Akatsuki no Yona OVA']	['Son, Hak', 'Yona', 'Shin-ah', 'Jae-ha', 'Ki-ja', 'Yun', 'Zeno', 'Ao', 'Su-won']	['Takagaki, Ayahi', 'Saitou, Chiwa', 'Kobayashi, Sanae', 'Suwabe, Junichi', 'Morita, Masakazu', 'Minagawa, Junko', 'Shimono, Hiro', 'Yamamoto, Nozomi', 'Miyamoto, Mitsuru']	[['Yoneda, Kazuhiro', 'Director, Episode Director, Storyboard'], ['Nagasaki, Yukio', 'Sound Director'], ['Andou, Takashi', 'Episode Director'], ['Kidokoro, Seimei', 'Episode Director, Storyboard']]
