animeTitle	animeType	animeNumEpisode	releaseDate	endDate	animeNumMembers	animeScore	animeUsers	animeRank	animePopularity	animeDescription	animeRelated	animeCharacters	animeVoices	animeStaff
Ginga Eiyuu Densetsu Gaiden (1999)	OVA	28	1999-12-24	2000-07-21	17308	8.08	6269	454	4260	"Ginga Eiyuu Densetsu Gaiden (1999) is the second of two OVA adaptations of side stories from the Ginga Eiyuu Densetsu novel series. This second adaptation follows the achievements of Yang Wen-li of the Free Planets Alliance before the fateful Battle of Astarte, and continues the tales of Reinhard von Müsel and Siegfried Kircheis of the Galactic Empire.

Spiral Labyrinth

Yang is propelled to the spotlight after his famous evacuation of civilians from El Facil. Following an unofficial double promotion and a flurry of media attention, he chronicles his research of the Year 730 Mafia—a close-knit group of Alliance military officers centered around the famed tactician Bruce Ashbey. He investigates a startling claim by Ashbey's deceased widow that may have enormous political ramifications: that the great war hero was not killed in action but murdered.

The Mutineer

Reinhard and Kircheis are posted on the destroyer Hameln II, docked at Iserlohn Fortress. After gaining the respect of the crew, Reinhard's leadership is tested when the captain is severely wounded and passes command authority to Reinhard, the next-highest ranking officer on deck.

The Duelist

While Reinhard and Kircheis are working in the Imperial capital Odin, Reinhard learns of a mining rights dispute involving Dorothea von Schaffhausen, a friend of his sister Annerose von Grünewald. Upon hearing that Count Herxheimer intends to settle the matter with a duel, Reinhard volunteers to represent the Schaffhausen family.

The Retriever

After falling out of favor with the nobility, Count Herxheimer is trying to escape to the Free Planets Alliance with a stolen Seffle particle generator prototype. Reinhard is tasked with retrieving both the prototype and the defector, but is only assigned the cruiser Hässliche Entlein due to the confidential nature of the mission.

The Third Battle of Tiamat

To commemorate the 30th year of the reign of Kaiser Friedrich IV, the Empire announces a large-scale military campaign against the Free Planets Alliance. In the ensuing clash between the Imperial expeditionary force and three Alliance fleets, Reinhard's timely intervention shapes the tides of war.


[Written by MAL Rewrite]"	['Ginga Eiyuu Densetsu Gaiden', 'Ginga Eiyuu Densetsu', 'Ginga Eiyuu Densetsu: Waga Yuku wa Hoshi no Taikai', 'Ginga Eiyuu Densetsu Gaiden: Ougon no Tsubasa']	['Yang, Wen-li', 'von Lohengramm, Reinhard', 'Kircheis, Siegfried', 'Attenborough, Dusty', 'Greenhill, Frederica', 'Bucock, Alexander', 'Edwards, Jessica', 'Narrator', 'von Grünewald, Annerose', 'Cazellnu, Alex']	['Gouda, Hozumi', 'Horikawa, Ryo', 'Hironaka, Masashi', 'Inoue, Kazuhiko', 'Kuwashima, Houko', 'Madono, Mitsuaki', 'Koyama, Mami', 'Yara, Yuusaku', 'Yamada, Keaton']	[['Shimizu, Keizou', 'Director'], ['Aketagawa, Susumu', 'Sound Director'], ['Abe, Masashi', 'Episode Director, Storyboard'], ['Okajima, Kunitoshi', 'Episode Director']]
