animeTitle	animeType	animeNumEpisode	releaseDate	endDate	animeNumMembers	animeScore	animeUsers	animeRank	animePopularity	animeDescription	animeRelated	animeCharacters	animeVoices	animeStaff
Gosick	TV	24	2011-01-08	2011-07-02	471041	8.08	194344	455	343	"Kazuya Kujou is a foreign student at Saint Marguerite Academy, a luxurious boarding school in the Southern European country of Sauville. Originally from Japan, his jet-black hair and dark brown eyes cause his peers to shun him and give him the nickname ""Black Reaper,"" based on a popular urban legend about the traveler who brings death in the spring.


On a day like any other, Kujou visits the school's extravagant library in search of ghost stories. However, his focus soon changes as he becomes curious about a golden strand of hair on the stairs. The steps lead him to a large garden and a beautiful doll-like girl known as Victorique de Blois, whose complex and imaginative foresight allows her to predict their futures, now intertwined.


With more mysteries quickly developing—including the appearance of a ghost ship and an alchemist with the power of transmutation—Victorique and Kujou, bound by fate and their unique skills, have no choice but to rely on each other.


[Written by MAL Rewrite]"	['Gosick', 'Gosick: Utsukushiki Kaibutsu wa Konton no Sen wo Shimiru']	['de Blois, Victorique', 'Kujou, Kazuya', 'Gallo, Cordelia', 'Roscoe, Brian', 'de Blois, Grevil', 'Lafitte, Cecile', 'Bradley, Avril', 'The Orphan', 'Leviathan', 'de Blois, Albert']	['Yuuki, Aoi', 'Eguchi, Takuya', 'Sawashiro, Miyuki', 'Ookawa, Tooru', 'Kiuchi, Hidenobu', 'Kano, Yui', 'Shitaya, Noriko', 'Nazuka, Kaori', 'Hayami, Show', 'Sugou, Takayuki']	[['Nanba, Hitoshi', 'Director, Storyboard'], ['Haraguchi, Noboru', 'Sound Director'], ['Tamura, Koutarou', 'Episode Director, Storyboard'], ['Sueda, Yoshifumi', 'Episode Director']]
