animeTitle	animeType	animeNumEpisode	releaseDate	endDate	animeNumMembers	animeScore	animeUsers	animeRank	animePopularity	animeDescription	animeRelated	animeCharacters	animeVoices	animeStaff
Eve no Jikan	ONA	6	2008-08-01	2009-09-18	164002	8.05	71043	492	1070	"In future Japan, in a time when android housekeepers have become commonplace, society strictly abides by the Three Laws of Robotics, which all androids must follow. Under the influence of the Robot Ethics Committee, androids are treated the same way as lesser technology, such as household appliances. However, a minority with an adoration for androids exists, categorized as ""android-holics,"" and are shunned by the general public.


Rikuo Sakisaka was raised to accept society's precept about androids, and is perfectly aware that they are not human. That is, until the day he discovers a strange message buried within the activity logs of his household android, Sammy. This leads him to Eve no Jikan, a cafe with only one rule that its patrons must adhere to: there must be no distinction made between humans and androids. Curiosity drives Rikuo to learn more about the shop, and he attempts to unearth the reason behind Sammy's peculiar behavior.


[Written by MAL Rewrite]"	['Eve no Jikan', 'Eve no Jikan (Movie)']	['Sammy', 'Nagi', 'Masaki, Masakazu', 'Sakisaka, Rikuo', 'Katoran', 'Akiko', 'THX', 'Chie', 'Rina', 'Shimei']	['Tanaka, Rie', 'Satou, Rina', 'Nojima, Kenji', 'Fukuyama, Jun', 'Ishizuka, Unshou', 'Yukana', 'Saiga, Mitsuki', 'Sawashiro, Miyuki', 'Itou, Miki', 'Kiyokawa, Motomu']	[['Yoshiura, Yasuhiro', 'Director, Script, Original Creator'], ['Tanaka, Rie', 'Theme Song Performance'], ['Okada, Tooru', 'Theme Song Composition, Theme Song Arrangement, Music'], ['Chayama, Ryusuke', 'Animation Director, Character Design']]
