animeTitle	animeType	animeNumEpisode	releaseDate	endDate	animeNumMembers	animeScore	animeUsers	animeRank	animePopularity	animeDescription	animeRelated	animeCharacters	animeVoices	animeStaff
Full Metal Panic? Fumoffu	TV	12	2003-08-26	2003-11-18	269249	8.05	160413	493	649	"Sergeant Sousuke Sagara returns to Jindai High School to protect the precious war asset, Kaname Chidori, from any threat. However, his lack of social skills and real-life experience result in comical yet dangerous situations, endangering the peaceful school life Kaname longs for. As Sousuke continues to bring a wide range of weapons to school as a means to solve threats—real or fake—Kaname struggles to fulfill her duty as the student council vice president all while keeping him in check. 


To ensure a successful mission, Sousuke is occasionally forced to use the costume of a famous amusement park mascot called Bonta-kun. With his technical expertise, he eventually transforms the exuberant uniform into a cutting-edge exoskeleton that has only one dysfunction: the voice translator can only produce the sound ""mofu."" 

Full Metal Panic? Fumoffu depicts the adventures of Kaname and Sousuke as they try to live their normal school lives despite the chaos they inadvertently cause. 


[Written by MAL Rewrite]"	['Full Metal Panic! Tanpenshuu', 'Full Metal Panic! Side Arms', 'Full Metal Panic!', 'Full Metal Panic! The Second Raid']	['Sagara, Sousuke', 'Chidori, Kaname', 'Testarossa, Teletha', 'Bonta-kun', 'Mao, Melissa', 'Weber, Kurz', 'Kalinin, Andrei Sergeivich', 'Mikihara, Ren', 'Hayashimizu, Atsunobu', 'Tokiwa, Kyouko']	['Seki, Tomokazu', 'Yukino, Satsuki', 'Yukana', 'Kaneda, Tomoko', 'Neya, Michiko', 'Miki, Shinichiro', 'Ootsuka, Akio', 'Tanaka, Rie', 'Morikawa, Toshiyuki', 'Kimura, Ikue']	[['Hatta, Youko', 'Producer'], ['Hamano, Takatoshi', 'Producer'], ['Takemoto, Yasuhiro', 'Director, Episode Director, Script, Storyboard'], ['Tsuruoka, Youta', 'Sound Director']]
