animeTitle	animeType	animeNumEpisode	releaseDate	endDate	animeNumMembers	animeScore	animeUsers	animeRank	animePopularity	animeDescription	animeRelated	animeCharacters	animeVoices	animeStaff
Koukyoushihen Eureka Seven	TV	50	2005-04-17	2006-04-02	398933	8.07	160122	471	413	"In the backwater town of Bellforest lives a 14-year-old boy named Renton Thurston. He desires to leave his home behind and join the mercenary group known as Gekkostate, hoping to find some adventure to brighten up his mundane life. However, stuck between his grandfather's insistence to become a mechanic like him and the pressure of his deceased father's legacy, the only excitement Renton finds is in his pastime of riding the Trapar wave particles that are dispersed throughout the air, an activity akin to surfing.


Everything changes when an unknown object crashes through Renton's garage, discovered to be a Light Finding Operation—a robot capable of riding the Trapar waves—specifically known as the Nirvash typeZERO. Its pilot is a young girl named Eureka, a member of the Gekkostate, who requests a tune-up for the Nirvash. Their meeting sparks the beginning of Renton's involvement with the Gekkostate as he takes off alongside Eureka as the co-pilot of the Nirvash.


[Written by MAL Rewrite]"	['Koukyoushihen Eureka seveN', 'Eureka Seven', 'Koukyoushihen Eureka Seven: Kinkyuu Tokuban Navigation ray=out', 'Koukyoushihen Eureka Seven: Pocket ga Niji de Ippai', 'Koukyoushihen Eureka Seven: New Order', 'Koukyoushihen Eureka Seven Hi-Evolution 1', 'Koukyoushihen Eureka Seven Hi-Evolution 2: Anemone', 'Koukyoushihen Eureka Seven Hi-Evolution 3: Eureka', 'Eureka Seven AO']	['Eureka', 'Thurston, Renton', 'Novak, Holland', 'Yuuki, Talho', 'Anemone', 'Sorel, Dominic', 'Beams, Charles', 'Moondoggie', 'Beams, Ray', 'Stoner']	['Nazuka, Kaori', 'Sanpei, Yuuko', 'Fujiwara, Keiji', 'Neya, Michiko', 'Koshimizu, Ami', 'Yamazaki, Shigenori', 'Kosugi, Juurouta', 'Miyano, Mamoru', 'Hisakawa, Aya', 'Matsumoto, Yasunori']	[['Kyouda, Tomoki', 'Director'], ['Utsunomiya, Satoru', 'Director, Storyboard, Animation Director, Key Animation'], ['Wakabayashi, Kazuhiro', 'Sound Director'], ['Yamamoto, Sayo', 'Episode Director, Storyboard']]
