animeTitle	animeType	animeNumEpisode	releaseDate	endDate	animeNumMembers	animeScore	animeUsers	animeRank	animePopularity	animeDescription	animeRelated	animeCharacters	animeVoices	animeStaff
Pui Pui Molcar	TV	12	2021-01-05	2021-03-23	9330	8.07	5120	465	5484	"The stage sets in a world where guinea pigs became cars.


The car that makes you relax, ""Molcar"".


Having big round eyes, curvy butt and speedy limbs, they always explore the world with their innocent faces.


Even during traffic jams, you can be eased just by looking at the butt of that Molcar in front of you.


Even when they cause trouble, their furry cuteness will somehow make you forgive them!?


Surrounded by situations only met by cars, it's a Mol-animation filled with cure, friendship, adventure and furry actions!


(Source: Muse Asia, edited)"	['Tobidase! Narase! Pui Pui Molcar']	['Teddy', 'Choko', 'Abbey', 'Potato', 'Emergency Molcar']		[['Misato, Tomoki', 'Director'], ['Noguchi, Akira', 'Sound Director']]
