animeTitle	animeType	animeNumEpisode	releaseDate	endDate	animeNumMembers	animeScore	animeUsers	animeRank	animePopularity	animeDescription	animeRelated	animeCharacters	animeVoices	animeStaff
Shokugeki no Souma: San no Sara	TV	12	2017-10-04	2017-12-20	799834	8.06	475206	480	149	"The Moon Festival is Tootsuki Academy's annual gourmet gala, where students compete against each other to earn the most profit through selling their cuisine of choice. But for Souma Yukihira, it is also his first opportunity to challenge the Elite Ten, the supreme council that rules over the academy.  


However, this is only the beginning of Souma's war against the Elite Ten; a nefarious plot is underway that will provide Souma with the challenge he desires but will also shake the very foundations of Tootsuki Academy itself.


[Written by MAL Rewrite]"	['Shokugeki no Souma', 'Shokugeki no Souma: Ni no Sara OVA', 'Shokugeki no Souma: San no Sara - Tootsuki Ressha-hen', 'Shokugeki no Souma: San no Sara - Kyokuseiryou no Erina']	['Yukihira, Souma', 'Nakiri, Erina', 'Tadokoro, Megumi', 'Nakiri, Alice', 'Kobayashi, Rindou', 'Isshiki, Satoshi', 'Kurokiba, Ryou', 'Mito, Ikumi', 'Yukihira, Jouichirou', 'Aldini, Takumi']	['Matsuoka, Yoshitsugu', 'Kanemoto, Hisako', 'Takahashi, Minami', 'Akasaki, Chinatsu', 'Itou, Shizuka', 'Sakurai, Takahiro', 'Okamoto, Nobuhiko', 'Ishigami, Shizuka', 'Koyama, Rikiya', 'Hanae, Natsuki']	[['Yonetani, Yoshitomo', 'Director, Storyboard'], ['Miura, Kazuya', 'Episode Director'], ['Nagai, Shinpei', 'Episode Director'], ['nano.RIPE', 'Theme Song Performance']]
