animeTitle	animeType	animeNumEpisode	releaseDate	endDate	animeNumMembers	animeScore	animeUsers	animeRank	animePopularity	animeDescription	animeRelated	animeCharacters	animeVoices	animeStaff
Serial Experiments Lain	TV	13	1998-07-06	1998-09-28	576417	8.06	215354	479	255	"Lain Iwakura, an awkward and introverted fourteen-year-old, is one of the many girls from her school to receive a disturbing email from her classmate Chisa Yomoda—the very same Chisa who recently committed suicide. Lain has neither the desire nor the experience to handle even basic technology; yet, when the technophobe opens the email, it leads her straight into the Wired, a virtual world of communication networks similar to what we know as the internet. Lain's life is turned upside down as she begins to encounter cryptic mysteries one after another. Strange men called the Men in Black begin to appear wherever she goes, asking her questions and somehow knowing more about her than even she herself knows. With the boundaries between reality and cyberspace rapidly blurring, Lain is plunged into more surreal and bizarre events where identity, consciousness, and perception are concepts that take on new meanings.


Written by Chiaki J. Konaka, whose other works include Texhnolyze, Serial Experiments Lain is a psychological avant-garde mystery series that follows Lain as she makes crucial choices that will affect both the real world and the Wired. In closing one world and opening another, only Lain will realize the significance of their presence.


[Written by MAL Rewrite]"	['Serial Experiments Lain: The Nightmare of Fabrication']	['Iwakura, Lain', 'Mizuki, Arisu', 'Eiri, Masami', 'Iwakura, Yasuo', 'Karl', 'Yomoda, Chisa', 'Iwakura, Mika', 'Taro', 'Sui-Xi, Lin', 'J.J']	['Shimizu, Kaori', 'Asada, Yoko', 'Hayami, Show', 'Oobayashi, Ryuusuke', 'Nakata, Jouji', 'Mutou, Sumi', 'Kawasumi, Ayako', 'Takimoto, Keito', 'Yamazaki, Takumi', 'Chikada, Wasei']	[['Ueda, Yasuyuki', 'Producer, Original Creator, Planning'], ['Maseba, Yutaka', 'Producer'], ['Nakamura, Ryuutarou', 'Director, Episode Director, Storyboard'], ['Murata, Masahiko', 'Director']]
