animeTitle	animeType	animeNumEpisode	releaseDate	endDate	animeNumMembers	animeScore	animeUsers	animeRank	animePopularity	animeDescription	animeRelated	animeCharacters	animeVoices	animeStaff
Kill la Kill	TV	24	2013-10-04	2014-03-28	1459919	8.06	773884	478	47	"After the murder of her father, Ryuuko Matoi has been wandering the land in search of his killer. Following her only lead—the missing half of his invention, the Scissor Blade—she arrives at the prestigious Honnouji Academy, a high school unlike any other. The academy is ruled by the imposing and cold-hearted student council president Satsuki Kiryuuin alongside her powerful underlings, the Elite Four. In the school's brutally competitive hierarchy, Satsuki bestows upon those at the top special clothes called ""Goku Uniforms,"" which grant the wearer unique superhuman abilities. 


Thoroughly beaten in a fight against one of the students in uniform, Ryuuko retreats to her razed home where she stumbles across Senketsu, a rare and sentient ""Kamui,"" or God Clothes. After coming into contact with Ryuuko's blood, Senketsu awakens, latching onto her and providing her with immense power. Now, armed with Senketsu and the Scissor Blade, Ryuuko makes a stand against the Elite Four, hoping to reach Satsuki and uncover the culprit behind her father's murder once and for all. 


[Written by MAL Rewrite]"	['Kill la Kill', 'Kill la Kill Specials', 'Uchuu Patrol Luluco']	['Matoi, Ryuuko', 'Kiryuuin, Satsuki', 'Mankanshoku, Mako', 'Senketsu', 'Jakuzure, Nonon', 'Harime, Nui', 'Gamagoori, Ira', 'Mikisugi, Aikurou', 'Sanageyama, Uzu', 'Kiryuuin, Ragyou']	['Koshimizu, Ami', 'Yuzuki, Ryouka', 'Suzaki, Aya', 'Seki, Toshihiko', 'Shintani, Mayumi', 'Tamura, Yukari', 'Inada, Tetsu', 'Miki, Shinichiro', 'Hiyama, Nobuyuki', 'Park, Romi']	[['Amemiya, Akira', 'Co-Director, Episode Director, Storyboard, Assistant Director, Assistant Animation Director, Key Animation, Production Assistant, 2nd Key Animation'], ['Ootsuka, Masahiko', 'Producer, Episode Director'], ['Kamagata, Eiichi', 'Producer'], ['Toba, Yousuke', 'Producer']]
