animeTitle	animeType	animeNumEpisode	releaseDate	endDate	animeNumMembers	animeScore	animeUsers	animeRank	animePopularity	animeDescription	animeRelated	animeCharacters	animeVoices	animeStaff
Dennou Coil	TV	26	2007-05-12	2007-12-01	128749	8.07	36457	466	1330	"In the near future, augmented reality has become a key part of daily life. A gentle middle school girl named Yuuko ""Yasako"" Okonogi and her family have just moved to Daikoku City despite rumors of people disappearing. There, her grandmother, nicknamed ""Mega-baa,"" runs a shop called Megasia that specializes in illegal tools which interact with parts of the virtual world.


Mega-baa also hosts an unofficial detective agency called ""Coil,"" a group of children around Yasako's age who find and handle corruption of the virtual world. Yasako gets involved with the group when Fumie Hashimoto, a playful member of Coil, helps rescue her cyberdog Densuke after getting trapped in virtual space while chasing a mysterious virus. Also investigating these corruptions and viruses is an abrasive hacker named Yuuko Amasawa, who the others take to calling Isako.


Can Coil discover the truths behind the mysterious viruses and corruption, and if they can, at what cost?


[Written by MAL Rewrite]"	['Dennou Coil', 'Dennou Coil Recaps']	['Amasawa, Yuuko', 'Okonogi, Yuuko', 'Harakawa, Kenichi', 'Hashimoto, Fumie', 'Sawaguchi, Daichi', 'Densuke', 'Oyaji', 'Sacchi', 'Megabaa', 'Mojos']	['Kuwashima, Houko', 'Orikasa, Fumiko', 'Park, Romi', 'Kojima, Sachiko', 'Saitou, Rie', 'Asou, Tomohisa', 'Yada, Kouji', 'Suzuki, Reiko']	[['Iso, Mitsuo', 'Director, Script, Storyboard, Key Animation, Special Effects, Creator'], ['Hiramatsu, Tadashi', 'Episode Director, Storyboard'], ['Nomura, Kazuya', 'Episode Director, Storyboard, Key Animation'], ['Iwasaki, Tarou', 'Episode Director']]
