animeTitle	animeType	animeNumEpisode	releaseDate	endDate	animeNumMembers	animeScore	animeUsers	animeRank	animePopularity	animeDescription	animeRelated	animeCharacters	animeVoices	animeStaff
Durarara!!x2 Ketsu	TV	12	2016-01-09	2016-03-26	332121	8.08	160093	453	508	"As Mikado Ryuugamine continues to purge the Dollars from within in accordance with his warped sense of justice, Masaomi Kida hopes to bring his friend back to his senses by bringing the Yellow Scarves together once more. Little do they know that a far more dominant force is about to enter their struggle for power, one that their friend Anri Sonohara is all too familiar with.


Meanwhile, the group that has gathered at Shinra Kishitani's apartment realizes that they are on the brink of something life-changing, an event that will throw Ikebukuro into a spiral of confusion. Their anxiety is realized when reports of Celty's head being found in public start to appear all over the news as Kasane Kujiragi begins to make her move.


Gone are the brief periods of tranquility as the current turmoil sets the stage for one final performance in this thrilling conclusion to the story of Ikebukuro's finest.


[Written by MAL Rewrite]"	['Durarara!!', 'Durarara!!x2 Ten', 'Durarara!!x2 Ketsu: Dufufufu!!']	['Orihara, Izaya', 'Heiwajima, Shizuo', 'Sturluson, Celty', 'Kida, Masaomi', 'Kishitani, Shinra', 'Ryuugamine, Mikado', 'Sonohara, Anri', 'Brezhnev, Semyon', 'Kadota, Kyouhei', 'Karisawa, Erika']	['Kamiya, Hiroshi', 'Ono, Daisuke', 'Sawashiro, Miyuki', 'Miyano, Mamoru', 'Fukuyama, Jun', 'Toyonaga, Toshiyuki', 'Hanazawa, Kana', 'Kuroda, Takaya', 'Nakamura, Yuuichi', 'Takagaki, Ayahi']	[['Oomori, Takahiro', 'Director, Sound Director'], ['Majima, Takahiro', 'Episode Director'], ['Ooshiro, Miyuki', 'Episode Director, Storyboard, Assistant Director'], ['Miyaji, Masayuki', 'Storyboard']]
