animeTitle	animeType	animeNumEpisode	releaseDate	endDate	animeNumMembers	animeScore	animeUsers	animeRank	animePopularity	animeDescription	animeRelated	animeCharacters	animeVoices	animeStaff
Kuroko no Basket Movie 4: Last Game	Movie	1	2017-03-18		217122	8.08	124004	458	828	"Hailing from America, Jabberwock—a street basketball team with skills comparable to those of the NBA—has come to Japan to play an exhibition match against Strky, a team of former third-year students who once played in the Interhigh and Winter Cup. However, due to the vast difference in skill, Jabberwock easily wins. Their captain, Nash Gold Jr., mocks the basketball style of all players in Japan by comparing them to monkeys.


Infuriated by the nasty comment, Kagetora Aida challenges them to a revenge match. Because of pride and the belief that the results will be no different, Nash accepts the challenge. Kagetora then assembles Vorpal Swords, a team composed of the Generation of Miracles, including Kuroko Tetsuya and Kagami Taiga, for they are the only ones who stand a chance against a foe that seems unbeatable from every angle.


[Written by MAL Rewrite]"	['Kuroko no Basket: Extra Game', 'Kuroko no Basket 3rd Season', 'Kuroko no Basket Movie 3: Winter Cup - Tobira no Mukou', 'Hiyoko no Basket Movie: Last Game 0401', 'Kuroko no Basket: Last Game NG-shuu']	['Kuroko, Tetsuya', 'Aomine, Daiki', 'Akashi, Seijuurou', 'Kise, Ryouta', 'Kagami, Taiga', 'Midorima, Shintarou', 'Murasakibara, Atsushi', 'Kiyoshi, Teppei', 'Takao, Kazunari', 'Momoi, Satsuki']	['Ono, Kensho', 'Suwabe, Junichi', 'Kamiya, Hiroshi', 'Kimura, Ryouhei', 'Ono, Yuuki', 'Ono, Daisuke', 'Suzumura, Kenichi', 'Hamada, Kenji', 'Suzuki, Tatsuhisa', 'Orikasa, Fumiko']	[['Morihiro, Fumi', 'Producer'], ['Tada, Shunsuke', 'Director'], ['Takagi, Noboru', 'Script'], ['GRANRODEO', 'Theme Song Composition, Theme Song Performance, Theme Song Arrangement, Theme Song Lyrics']]
