animeTitle	animeType	animeNumEpisode	releaseDate	endDate	animeNumMembers	animeScore	animeUsers	animeRank	animePopularity	animeDescription	animeRelated	animeCharacters	animeVoices	animeStaff
Boku no Hero Academia the Movie 2: Heroes:Rising	Movie	1	2019-12-20		406129	8.05	226386	490	409	"Izuku ""Deku'' Midoriya and his fellow students in Class 1-A of UA High's hero course have been chosen to participate in a safety program on Nabu Island. To further improve their skills and gain experience in more ordinary heroics, the students aid the kind citizens with small services and everyday chores. With the low crime rate in the quiet community, all seems well and good, but the rise of a new villain threatens to put the students' courage to the test and challenge their capabilities as heroes.


A merciless villain by the name of Nine is in search of a certain ""quirk"" needed to fulfill his diabolical plan—creating a society where only those with the strongest quirks reign supreme. As his attack on Nabu Island endangers the lives of the residents, securing the citizens becomes the first priority for Class 1-A; defeating Nine along with his wicked accomplices is also imperative. A straightforward strategy is formulated until a young boy named Katsuma Shimano, whom Deku had befriended, suddenly requires particular protection. Concerned for the boy's wellbeing, Deku and his classmates must now devise a plan to ensure Katsuma's safety at all costs.


With Nine wreaking havoc to find the catalyst for his ill-intended schemes and the heroes desperate to defend Katsuma from harm, will Deku and his friends be able to come out victorious, or will they find themselves unable to escape a hopeless situation?


[Written by MAL Rewrite]"	['Boku no Hero Academia the Movie: Heroes:Rising', 'Boku no Hero Academia 4th Season', 'Boku no Hero Academia the Movie 2: Heroes:Rising - Epilogue Plus - Yume wo Genjitsu ni']	['Todoroki, Shouto', 'Midoriya, Izuku', 'Bakugou, Katsuki', 'All Might', 'Aizawa, Shouta', 'Kirishima, Eijirou', 'Uraraka, Ochako', 'Asui, Tsuyu', 'Toga, Himiko', 'Dabi']	['Kaji, Yuki', 'Yamashita, Daiki', 'Okamoto, Nobuhiko', 'Miyake, Kenta', 'Suwabe, Junichi', 'Masuda, Toshiki', 'Sakura, Ayane', 'Yuuki, Aoi', 'Fukuen, Misato', 'Shimono, Hiro']	[['Nagasaki, Kenji', 'Director'], ['sumika', 'Theme Song Performance'], ['Horikoshi, Kouhei', 'Original Character Design, Original Creator'], ['Nakamura, Yutaka', 'Key Animation']]
