animeTitle	animeType	animeNumEpisode	releaseDate	endDate	animeNumMembers	animeScore	animeUsers	animeRank	animePopularity	animeDescription	animeRelated	animeCharacters	animeVoices	animeStaff
Kara no Kyoukai 3: Tsuukaku Zanryuu	Movie	1	2008-02-09		199064	8.05	121284	494	906	"On a solemn night in July 1998, teenager Fujino Asagami is mercilessly raped by a street gang in a dilapidated bar. No matter what physical or sexual abuse they deal, however, the girl regards her captors with the same apathetic expression. The next day, mangled bodies are discovered in that same building, so torn apart that investigators find it infeasible to even consider the culprit human.


Elsewhere, a client request reaches Touko Aozaki's detective agency, tasking Shiki Ryougi with either capturing or killing the perpetrator of last night's incident. But soon, word spreads that a single survivor escaped the slaughter, and now the murderer is plowing down everything in their path to locate and exterminate him. A brutal race against time begins, pitting Shiki against a dangerous foe imperceptible even to her legendary eyes. 


[Written by MAL Rewrite]"	['Kara no Kyoukai: The Garden of Sinners', 'Kara no Kyoukai 2: Satsujin Kousatsu (Zen)', 'Kara no Kyoukai 4: Garan no Dou', 'Kara no Kyoukai Remix: Gate of Seventh Heaven', 'Kara no Kyoukai: Manner Movies']	['Ryougi, Shiki', 'Aozaki, Touko', 'Kokutou, Mikiya', 'Asagami, Fujino', 'Kokutou, Azaka', 'Gakuto', 'Minato, Keita']	['Sakamoto, Maaya', 'Honda, Takako', 'Suzumura, Kenichi', 'Noto, Mamiko', 'Fujimura, Ayumi', 'Takahashi, Kenji', 'Asanuma, Shintaro']	[['Iwakami, Atsuhiro', 'Producer'], ['Kondou, Hikaru', 'Producer'], ['Obunai, Mitsuru', 'Director, Animation Director, Character Design, Key Animation'], ['Iwanami, Yoshikazu', 'Sound Director']]
