animeTitle	animeType	animeNumEpisode	releaseDate	endDate	animeNumMembers	animeScore	animeUsers	animeRank	animePopularity	animeDescription	animeRelated	animeCharacters	animeVoices	animeStaff
Saiunkoku Monogatari 2nd Season	TV	39	2007-04-07	2008-03-08	36826	8.05	15500	486	2947	"Shuurei Kou and her friend Eigetsu To, a boy prodigy of humble origins, have been appointed co-governors of the Sa province, one of the eight provinces in Saiunkoku. Together, they decide to make the province an academic research center in the hopes of bringing a long overdue prosperity to the region.


However, while Shuurei goes to the capital to obtain approvals for the ambitious project, the Sa province's recently established tranquility is threatened by a pandemic that brings both death and turmoil as it begins to spread among the people. Counting on Eigetsu to monitor the situation until her return, Shuurei seeks support from her allies to find a suitable treatment. Yet, Eigetsu's past personal conflicts distract him, providing an opportunity for opponents of Shuurei's position to take advantage of the troubles and undermine her authority.


Becoming a government official has been Shuurei's lifelong dream, but it is no easy task for the first woman undertaking such a position. Will she step up and overcome this great challenge or give in to the looming adversities?


[Written by MAL Rewrite]"	['Saiunkoku Monogatari']	['Kou, Shuurei', 'Shi, Ryuuki', 'Shi, Seiran', 'Li, Kouyuu', 'Ran, Shuuei', 'Sa, Sakujun', 'Ran, Ryuuren', 'Rou, Ensei', 'Kou, Reishin', 'Kou, Houju']	['Kuwashima, Houko', 'Seki, Tomokazu', 'Midorikawa, Hikaru', 'Hiyama, Nobuyuki', 'Morikawa, Toshiyuki', 'Koyasu, Takehito', 'Kiuchi, Hidenobu', 'Itou, Kentarou', 'Madono, Mitsuaki', 'Nakata, Kazuhiro']	[['Shishido, Jun', 'Director'], ['Fujiyama, Fusanobu', 'Sound Director'], ['Ootani, Hajime', 'Episode Director'], ['Yamada, Yuka', 'Script']]
