animeTitle	animeType	animeNumEpisode	releaseDate	endDate	animeNumMembers	animeScore	animeUsers	animeRank	animePopularity	animeDescription	animeRelated	animeCharacters	animeVoices	animeStaff
Black Clover	TV	170	2017-10-03	2021-03-30	1182039	8.06	419046	474	79	"Asta and Yuno were abandoned at the same church on the same day. Raised together as children, they came to know of the ""Wizard King""—a title given to the strongest mage in the kingdom—and promised that they would compete against each other for the position of the next Wizard King. However, as they grew up, the stark difference between them became evident. While Yuno is able to wield magic with amazing power and control, Asta cannot use magic at all and desperately tries to awaken his powers by training physically.


When they reach the age of 15, Yuno is bestowed a spectacular Grimoire with a four-leaf clover, while Asta receives nothing. However, soon after, Yuno is attacked by a person named Lebuty, whose main purpose is to obtain Yuno's Grimoire. Asta tries to fight Lebuty, but he is outmatched. Though without hope and on the brink of defeat, he finds the strength to continue when he hears Yuno's voice. Unleashing his inner emotions in a rage, Asta receives a five-leaf clover Grimoire, a ""Black Clover"" giving him enough power to defeat Lebuty. A few days later, the two friends head out into the world, both seeking the same goal—to become the Wizard King!


[Written by MAL Rewrite]"	['Black Clover', 'Black Clover: Jump Festa 2016 Special', 'Black Clover: Jump Festa 2018 Special', 'Petit Clover Advance', 'Black Clover Movie', 'Mugyutto! Black Clover']	['Asta', 'Silva, Noelle', 'Yuno', 'Sukehiro, Yami', 'Vermillion, Mereoleona', 'Voltia, Luck', 'Nero', 'Novachrono, Julius', 'Papittson, Charmy', 'Ideale, Zora']	['Kajiwara, Gakuto', 'Yuuki, Kana', 'Shimazaki, Nobunaga', 'Suwabe, Junichi', 'Minagawa, Junko', 'Murase, Ayumu', 'Sasaki, Hitomi', 'Morikawa, Toshiyuki', 'Yasuno, Kiyono', 'Midorikawa, Hikaru']	[['Yoshihara, Tatsuya', 'Director, Episode Director, Storyboard, Animation Director, In-Between Animation, Key Animation, 2nd Key Animation'], ['Tanemura, Ayataka', 'Director, Episode Director, Storyboard, Assistant Director'], ['Takakuwa, Hajime', 'Sound Director'], ['Tsuda, Yoshizou', 'Episode Director']]
