animeTitle	animeType	animeNumEpisode	releaseDate	endDate	animeNumMembers	animeScore	animeUsers	animeRank	animePopularity	animeDescription	animeRelated	animeCharacters	animeVoices	animeStaff
Summer Wars	Movie	1	2009-08-01		461576	8.06	264094	481	352	"OZ, a virtual world connected to the internet, has become extremely popular worldwide as a spot for people to engage in a large variety of activities, such as playing sports or shopping, through avatars created and customized by the user. OZ also possesses a near impenetrable security due to its strong encryption, ensuring that any personal data transmitted through the networks will be kept safe in order to protect those who use it. Because of its convenient applications, the majority of society has become highly dependent on the simulated reality, even going as far as entrusting the system with bringing back the unmanned asteroid explorer, Arawashi.


Kenji Koiso is a 17-year-old math genius and part-time OZ moderator who is invited by his crush Natsuki Shinohara on a summer trip. But unbeknownst to him, this adventure requires him to act as her fiancé. Shortly after arriving at Natsuki's family's estate, which is preparing for her great-grandmother's 90th birthday, he receives a strange, coded message on his cell phone from an unknown sender who challenges him to solve it. Kenji is able to crack the code, but little does he know that his math expertise has just put Earth in great danger.


[Written by MAL Rewrite]"	['Summer Wars']	['Ikezawa, Kazuma', 'Jinnouchi, Sakae', 'Koiso, Kenji', 'Shinohara, Natsuki', 'Jinnouchi, Wabisuke', 'Love Machine', 'Jinnouchi, Mansuke', 'Jinnouchi, Shota', 'Jinnouchi, Shingo', 'Jinnouchi, Katsuhiko']	['Tanimura, Mitsuki', 'Fuji, Sumiko', 'Kamiki, Ryunosuke', 'Sakuraba, Nanami', 'Saitou, Ayumu', 'Nagai, Ichiro', 'Itakura, Mitsutaka']	[['Saitou, Yuuichirou', 'Producer'], ['Inoue, Shinichiro', 'Producer'], ['Hosoda, Mamoru', 'Director, Screenplay, Original Creator'], ['Okudera, Satoko', 'Script']]
