animeTitle	animeType	animeNumEpisode	releaseDate	endDate	animeNumMembers	animeScore	animeUsers	animeRank	animePopularity	animeDescription	animeRelated	animeCharacters	animeVoices	animeStaff
Omoide no Marnie	Movie	1	2014-07-19		229549	8.07	122519	464	779	"Suffering from frequent asthma attacks, young Anna Sasaki is quiet, unsociable, and isolated from her peers, causing her foster parent endless worry. Upon recommendation by the doctor, Anna is sent to the countryside, in hope that the cleaner air and more relaxing lifestyle will improve her health and help clear her mind. Engaging in her passion for sketching, Anna spends her summer days living with her aunt and uncle in a small town near the sea.


One day while wandering outside, Anna discovers an abandoned mansion known as the Marsh House. However, she soon finds that the residence isn't as vacant as it appears to be, running into a mysterious girl named Marnie. Marnie's bubbly demeanor slowly begins to draw Anna out of her shell as she returns night after night to meet with her new friend. But it seems there is more to the strange girl than meets the eye—as her time in the town nears its end, Anna begins to discover the truth behind the walls of the Marsh House.

Omoide no Marnie tells the touching story of a young girl's journey through self-discovery and friendship, and the summer that she will remember for the rest of her life.


[Written by MAL Rewrite]"		['Sasaki, Anna', 'Marnie', 'Toichi', 'Hisako', 'Ooiwa, Setsu', 'Sayaka', 'Elderly Lady', 'Miyoko', 'Sasaki, Yoriko', 'Ooiwa, Kiyomasa']	['Takatsuki, Sara', 'Arimura, Kasumi', 'Yasuda, Ken', 'Kuroki, Hitomi', 'Negishi, Toshie', 'Sugisaki, Hana', 'Moriyama, Ryouko', 'Matsushima, Nanako', 'Terajima, Susumu']	[['Nishimura, Yoshiaki', 'Producer'], ['Yonebayashi, Hiromasa', 'Director, Script'], ['Kasamatsu, Kouji', 'Sound Director'], ['Andou, Masashi', 'Script, Screenplay, Animation Director, Character Design']]
