animeTitle	animeType	animeNumEpisode	releaseDate	endDate	animeNumMembers	animeScore	animeUsers	animeRank	animePopularity	animeDescription	animeRelated	animeCharacters	animeVoices	animeStaff
Mahoutsukai no Yome	TV	24	2017-10-08	2018-03-25	724738	8.08	278869	460	167	"Chise Hatori, a 15-year-old Japanese girl, was sold for five million pounds at an auction to a tall masked gentleman. Abandoned at a young age and ridiculed by her peers for her unconventional behavior, she was ready to give herself to any buyer if it meant having a place to go home to. In chains and on her way to an unknown fate, she hears whispers from robed men along her path, gossiping and complaining that such a buyer got his hands on a rare ""Sleigh Beggy.""


Ignoring the murmurs, the mysterious man leads the girl to a study, where he reveals himself to be Elias Ainsworth—a magus. After a brief confrontation and a bit of teleportation magic, the two open their eyes to Elias' picturesque cottage in rural England. Greeted by fairies and surrounded by weird and wonderful beings upon her arrival, these events mark the beginning of Chise's story as the apprentice and supposed bride of the ancient magus.


[Written by MAL Rewrite]"	['Mahoutsukai no Yome', 'Mahoutsukai no Yome: Hoshi Matsu Hito', 'MahoYome: Aisatsu', 'MahoYome', 'Mahoutsukai no Yome: Nishi no Shounen to Seiran no Kishi', 'Mahoutsukai no Yome Recap', 'Mahoutsukai no Yome: Gakuin-hen']	['Hatori, Chise', 'Ainsworth, Elias', 'Ruth', 'Silky', 'Lindel', 'Cartaphilus', 'Oberon', 'Varley, Angelica', 'Redcurrant', 'Nevin']	['Tanezaki, Atsumi', 'Takeuchi, Ryouta', 'Uchiyama, Kouki', 'Endou, Aya', 'Namikawa, Daisuke', 'Murase, Ayumu', 'Yamaguchi, Kappei', 'Kaida, Yuuko', 'Hayami, Saori', 'Ootomo, Ryuuzaburou']	[['Wada, Jouji', 'Producer, Planning'], ['Naganuma, Norihiro', 'Director'], ['Hata, Shouji', 'Sound Director'], ['Kobayashi, Atsushi', 'Episode Director']]
