animeTitle	animeType	animeNumEpisode	releaseDate	endDate	animeNumMembers	animeScore	animeUsers	animeRank	animePopularity	animeDescription	animeRelated	animeCharacters	animeVoices	animeStaff
Yahari Ore no Seishun Love Comedy wa Machigatteiru. Zoku OVA	OVA	1	2016-10-27		200470	8.06	117673	483	902	"After accepting a weekend invitation, Hachiman Hikigaya accompanies Isshiki Iroha around the Chiba Prefecture to brainstorm ideas suitable for an ideal date with Hayato Hayama. As the duo wanders from place to place without a plan, they seemingly enjoy each other's company. Yet, through these straightforward and sincere interactions, the meaning behind what it means to be genuine continues to intrigue Hachiman and his outlook for the future of the Volunteer Service Club and its members.


[Written by MAL Rewrite]"	['Yahari Ore no Seishun Love Comedy wa Machigatteiru.', 'Yahari Ore no Seishun Love Comedy wa Machigatteiru. Zoku']	['Hikigaya, Hachiman', 'Isshiki, Iroha', 'Yukinoshita, Yukino', 'Yuigahama, Yui']	['Eguchi, Takuya', 'Sakura, Ayane', 'Hayami, Saori', 'Touyama, Nao']	[['Hayami, Saori', 'Theme Song Performance'], ['Touyama, Nao', 'Theme Song Performance'], ['Yanagi, Nagi', 'Theme Song Performance, Theme Song Lyrics'], ['Watari, Wataru', 'Original Creator']]
