animeTitle	animeType	animeNumEpisode	releaseDate	endDate	animeNumMembers	animeScore	animeUsers	animeRank	animePopularity	animeDescription	animeRelated	animeCharacters	animeVoices	animeStaff
Kono Subarashii Sekai ni Shukufuku wo! 2: Kono Subarashii Geijutsu ni Shukufuku wo!	OVA	1	2017-07-24		295207	8.05	176839	496	585	"Kazuma meets a novice adventurer called Ran who claims to be Kazuma's fan. A quest is proposed to Kazuma and his party in front of Ran, so he accepts the quest to look good in front of his fan; after some convincing, they all go to fight the metal golem.


(Source: Wikipedia)"	['Kono Subarashii Sekai ni Shukufuku wo! 2']	['Megumin', 'Satou, Kazuma', 'Aqua', 'Dustiness Ford, Lalatina', 'Komekko', 'Luna', 'Head Researcher', 'Mitsurugi, Kyouya', 'Ran', 'Bishoujo Golem']	['Takahashi, Rie', 'Fukushima, Jun', 'Amamiya, Sora', 'Kayano, Ai', 'Hara, Sayuri', 'Cho', 'Eguchi, Takuya', 'Akasaki, Chinatsu', 'Nabatame, Hitomi']	[['Kanasaki, Takaomi', 'Director'], ['Iwanami, Yoshikazu', 'Sound Director'], ['Akatsuki, Natsume', 'Original Creator'], ['Mishima, Kurone', 'Original Character Design']]
