animeTitle	animeType	animeNumEpisode	releaseDate	endDate	animeNumMembers	animeScore	animeUsers	animeRank	animePopularity	animeDescription	animeRelated	animeCharacters	animeVoices	animeStaff
Kodomo no Omocha (TV)	TV	102	1996-04-05	1998-03-27	56026	8.05	20867	495	2359	"Sixth grader Sana Kurata has a perfect life. Her mother is a (fairly) successful author, she has a young man employed to keep her happy and safe, and best of all, she is the star of the children's television show Kodomo no Omocha. There's just one thing bothering her, and that's Akito Hayama.


Akito is a classmate of Sana's, and ever since he's started acting out in class, the rest of the boys have followed his example. Every day, the girls and the teacher wage a battle to keep the class under control and to get some actual learning done. That rotten Akito… Sana won't stand for this!


The hyperactive Sana decides to dig deeper and find out what makes Akito tick, so class can go back to normal and the teacher can stop spending every day crying instead of teaching. But the more she learns about him, the more she realizes that there might be more to Akito than meets the eye. "	['Kodomo no Omocha']	['Kurata, Sana', 'Hayama, Akito', 'Kurata, Misako', 'Sagami, Rei', 'Ohki, Tsuyoshi', 'Kamura, Naozumi', 'Babbit', 'Gojo, Takeshi', 'Brad', 'Matsui, Fuuka']	['Oda, Shizue', 'Nakazaki, Tatsuya', 'Kino, Hana', 'Naitou, Ryou', 'Misawa, Mayumi', 'Minami, Omi', 'Hikita, Tomoko', 'Takahashi, Hiroshi', 'Ikoma, Harumi']	[['Cook, Justin', 'Producer'], ['Kobayashi, Noriko', 'Producer'], ['Watson, Barry', 'Producer'], ['Daichi, Akitarou', 'Director, Episode Director, Script, Storyboard']]
