animeTitle	animeType	animeNumEpisode	releaseDate	endDate	animeNumMembers	animeScore	animeUsers	animeRank	animePopularity	animeDescription	animeRelated	animeCharacters	animeVoices	animeStaff
xxxHOLiC Shunmuki	OVA	2	2009-02-17	2009-06-23	62774	8.06	30606	482	2208	"For the appropriate price, your dearest wish can be granted at the shop of the peculiar Yuuko. Kimihiro Watanuki wishes to be rid of his ability to see spirits, and so as payment, he works for Yuuko doing whatever she needs him to do, from cleaning to errands to even helping out Yuuko's other clients. In xxxHOLiC Shunmuki, Watanuki and his friend and rival Shizuka Doumeki enjoy a meal with their friend Kohane Tsuyuri and her grandmother, reminiscing about how they have changed since meeting each other.


Later on, Watanuki has a dream in which he is visited by Doumeki's grandfather Haruka, who needs him to find some things in the family temple storeroom. Accompanied by Doumeki, he finds that this task is more akin to a treasure hunt, with each item leading them to another, and another, guiding them to an unexpected yet inevitable ending.


[Written by MAL Rewrite]"	['xxxHOLiC', 'xxxHOLiC Kei', 'Tsubasa: Shunraiki', 'xxxHOLiC Rou']	['Ichihara, Yuuko', 'Watanuki, Kimihiro', 'Doumeki, Shizuka', 'Kunogi, Himawari', 'Syaoran', 'Sakura', 'Li, Syaoran', 'Zashiki-warashi', 'Tsuyuri, Kohane', 'Ame-warashi']	['Ohara, Sayaka', 'Fukuyama, Jun', 'Nakai, Kazuya', 'Itou, Shizuka', 'Irino, Miyu', 'Makino, Yui', 'Mutou, Sumi', 'Hidaka, Rina', 'Yajima, Akiko']	[['Mizushima, Tsutomu', 'Director, Episode Director, Storyboard'], ['Wakabayashi, Kazuhiro', 'Sound Director'], ['Suga, Shikao', 'Theme Song Performance'], ['AZU', 'Theme Song Performance']]
