animeTitle	animeType	animeNumEpisode	releaseDate	endDate	animeNumMembers	animeScore	animeUsers	animeRank	animePopularity	animeDescription	animeRelated	animeCharacters	animeVoices	animeStaff
Saint Seiya: Meiou Hades Juuni Kyuu-hen	OVA	13	2002-11-09	2003-07-25	49580	8.05	30777	485	2506	"Hades is planning to take over the world, to achieve that goal, he sends out deceased Gold Saints to take Athena's head. Seiya and the other Bronze Saints come to help but their help isn't appreciated by the remaining Gold Saints that are still alive. 


(Source: ANN)"	['Saint Seiya', 'Saint Seiya: Meiou Hades Meikai-hen', 'Saint Seiya: Meiou Hades Juuni Kyuu-hen - Yomigaerishi Gold Saint-tachi no Shinwa']	['Dragon, Shiryuu', 'Pegasus, Seiya', 'Andromeda, Shun', 'Gemini, Saga', 'Cygnus, Hyouga', 'Aries, Muu', 'Phoenix, Ikki', 'Virgo, Shaka', 'Aquarius, Camus', 'Leo, Aiolia']	['Suzuoki, Hirotaka', 'Furuya, Toru', 'Horikawa, Ryo', 'Okiayu, Ryoutarou', 'Hashimoto, Kouichi', 'Yamazaki, Takumi', 'Hori, Hideyuki', 'Sato, Akemi', 'Canna, Nobutoshi', 'Tanaka, Hideyuki']	[['Yamauchi, Shigeyasu', 'Director, Episode Director, Storyboard'], ['Nagamine, Tatsuya', 'Episode Director'], ['Itou, Naoyuki', 'Episode Director'], ['Yokote, Michiko', 'Script, Series Composition']]
