animeTitle	animeType	animeNumEpisode	releaseDate	endDate	animeNumMembers	animeScore	animeUsers	animeRank	animePopularity	animeDescription	animeRelated	animeCharacters	animeVoices	animeStaff
Baby Steps 2nd Season	TV	25	2015-04-05	2015-09-20	81765	8.04	48253	498	1868	"After having decided to play tennis at the professional level, Eiichirou Maruo now needs to convince his parents to support his decision. To do so, he makes a wager: if he cannot win the All-Japan Junior Tennis Tournament, he will give up on his dream. However, he will need to improve his skills quickly if he wants to qualify for the tournament and have any chance of defeating the best players in the country. For this reason, his new coach Ryuuhei Aoi suggests that Eiichirou travel abroad to train at the Florida Tennis Academy.

Baby Steps 2nd Season takes the action to America as Eiichirou begins his two-week training program, getting a taste of what tennis is like outside of Japan. With this exciting experience awaiting him, Eiichirou hopes that his training will get him closer to his goal of becoming a professional player.


[Written by MAL Rewrite]"	['Baby Steps']	"['Maruo, Eiichirou', 'Takasaki, Natsu', 'Ike, Souji', 'Egawa, Takuma', 'Nabae, Yuu', 'Fukazawa, Yukichi', 'Miyagawa, Takuya', ""O'Brian, Marcia"", 'Oobayashi, Ryou', 'Miura']"	['Murata, Taishi', 'Kotobuki, Minako', 'Hosoya, Yoshimasa', 'Namikawa, Daisuke', 'Sakurai, Takahiro', 'Shimono, Hiro', 'Kakihara, Tetsuya', 'Han, Megumi', 'Maeno, Tomoaki', 'Kusunoki, Taiten']	[['Murata, Masahiko', 'Director'], ['Takakuwa, Hajime', 'Sound Director'], ['Abe, Mao', 'Theme Song Performance'], ['Ganbare! Victory', 'Theme Song Performance']]
