animeTitle	animeType	animeNumEpisode	releaseDate	endDate	animeNumMembers	animeScore	animeUsers	animeRank	animePopularity	animeDescription	animeRelated	animeCharacters	animeVoices	animeStaff
Dorohedoro	TV	12	2020-01-13	2020-03-30	383768	8.08	183692	452	436	"Hole—a dark, decrepit, and disorderly district where the strong prey on the weak and death is an ordinary occurrence—is all but befitting of the name given to it. A realm separated from law and ethics, it is a testing ground to the magic users who dominate it. As a race occupying the highest rungs of their society, the magic users think of the denizens of Hole as no more than insects. Murdered, mutilated, and made experiments without a second thought, the powerless Hole dwellers litter the halls of Hole's hospital on a daily basis.


Possessing free access to and from the cesspool, and with little challenge to their authority, the magic users appear indomitable to most—aside for a few. Kaiman, more reptile than man, is one such individual. He hunts them on a heedless quest for answers with only a trusted pair of bayonets and his immunity to magic. Cursed by his appearance and tormented by nightmares, magic users are his only clue to restoring his life to normal. With his biggest obstacle being his stomach, his female companion Nikaidou, who runs the restaurant Hungry Bug, is his greatest ally.


Set in a gritty world of hellish design, Dorohedoro manages a healthy blend of comedy and lightheartedness with death and carnage. Taking plenty of twists and turns while following the lives of Hole's residents, it weaves a unique world of unearthly origin and dreary appearance not for the squeamish or easily disturbed.


[Written by MAL Rewrite]"	['Dorohedoro', 'Dorohedoro: Ma no Omake']	['Noi', 'Caiman', 'Nikaidou', 'Shin', 'Ebisu', 'En', 'Fujita', 'Johnson', 'Kasukabe', 'Risu']	['Kobayashi, Yuu', 'Takagi, Wataru', 'Kondou, Reina', 'Hosoya, Yoshimasa', 'Tomita, Miyu', 'Horiuchi, Kenyuu', 'Takanashi, Kengo', 'Kimura, Ryouhei', 'Ichiki, Mitsuhiro']	[['Hayashi, Yuuichirou', 'Director'], ['Fujita, Akiko', 'Sound Director'], ['(K)NoW_NAME', 'Theme Song Performance, Music'], ['Hayashida, Q', 'Original Creator']]
