animeTitle	animeType	animeNumEpisode	releaseDate	endDate	animeNumMembers	animeScore	animeUsers	animeRank	animePopularity	animeDescription	animeRelated	animeCharacters	animeVoices	animeStaff
Kuroshitsuji: Book of Murder	OVA	2	2015-01-28	2015-02-25	208077	8.08	101488	459	861	"At the behest of the Queen, Earl Ciel Phantomhive hosts a lavish dinner party attended by several of the finest members of polite society—as well as struggling author, Arthur. But as the party reaches its high, a terrible murder takes place and none other than the Earl himself is suspected of the crime.


As a violent storm rages on outside, the death count continues to climb. The Phantomhive household and their eminent guests find they must cooperate in order to solve this mystery before they too fall prey to the mysterious murderer. However, it seems that not even the perfect butler, Sebastian Michaelis, is safe from this horror.


[Written by MAL Rewrite]"	['Kuroshitsuji', 'Kuroshitsuji: Book of Circus', 'Kuroshitsuji Movie: Book of the Atlantic']	['Michaelis, Sebastian', 'Phantomhive, Ciel', 'Grey, Charles', 'Arthur', 'Undertaker', 'Finnian', 'Mey-Rin', 'Midford, Elizabeth', 'Snake', 'Tanaka']	['Ono, Daisuke', 'Sakamoto, Maaya', 'Kimura, Ryouhei', 'Asanuma, Shintaro', 'Suwabe, Junichi', 'Kaji, Yuki', 'Katou, Emiri', 'Tamura, Yukari', 'Terashima, Takuma', 'Fujimura, Shunji']	[['Abe, Noriyuki', 'Director'], ['SID', 'Theme Song Performance'], ['Toboso, Yana', 'Original Creator'], ['Sinclair, Ian', 'ADR Director']]
