animeTitle	animeType	animeNumEpisode	releaseDate	endDate	animeNumMembers	animeScore	animeUsers	animeRank	animePopularity	animeDescription	animeRelated	animeCharacters	animeVoices	animeStaff
Fate/stay night: Unlimited Blade Works Prologue	Special	1	2014-10-05		273690	8.07	168936	468	639	"In Fuyuki City, a long-lived ritual involving battles between seven magi and their servants is taking place. This ritual is known as the Holy Grail War and it promises to grant the victor any wish. With the war now entering its fifth iteration, the stage is set for Rin Toosaka to succeed her father's legacy.


Rin wishes to summon Saber, said to be the most powerful class. But when she miscalculates and summons Archer instead, how will she fare in the battles that lie ahead of her?


[Written by MAL Rewrite]
"	['Fate/Zero 2nd Season', 'Fate/stay night: Unlimited Blade Works']	['Toosaka, Rin', 'Archer', 'Emiya, Shirou', 'Matou, Sakura', 'Kotomine, Kirei', 'Lancer', 'Fujimura, Taiga', 'Matou, Shinji', 'Mitsuzuri, Ayako', 'Ryuudou, Issei']	['Ueda, Kana', 'Suwabe, Junichi', 'Sugiyama, Noriaki', 'Shitaya, Noriko', 'Nakata, Jouji', 'Canna, Nobutoshi', 'Itou, Miki', 'Kamiya, Hiroshi', 'Mizusawa, Fumie', 'Madono, Mitsuaki']	[['Miura, Takahiro', 'Director, Episode Director, Storyboard'], ['Iwanami, Yoshikazu', 'Sound Director'], ['Ayano, Mashiro', 'Theme Song Performance'], ['Hinata, Megumi', 'Theme Song Lyrics']]
