animeTitle	animeType	animeNumEpisode	releaseDate	endDate	animeNumMembers	animeScore	animeUsers	animeRank	animePopularity	animeDescription	animeRelated	animeCharacters	animeVoices	animeStaff
Detective Conan Movie 18: The Sniper from Another Dimension	Movie	1	2014-04-19		35296	8.08	19914	451	3023	"One morning, at the observation deck of the Bell Tree Tower, a man is suddenly shot dead by an unknown sniper. Conan Edogawa, who happened to be visiting as the murder occurred, rushes to apprehend the sniper but fails to do so. He later learns that the suspect for the incident, Timothy Hunter, is a former member of the Navy Special Ops squad and was already being investigated for a previous murder case. The FBI believes that there are at least three people Timothy wants dead. However, after the deaths of two of them, Timothy himself is killed, throwing the investigation into disarray.


As they lose their only lead, news about the assassinations spreads across Tokyo, leaving the city in a state of panic. It is up to Conan to find and catch the culprit in the hope of putting an end to this sniping spree terror.


[Written by MAL Rewrite]"	['Meitantei Conan: Ijigen no Sniper', 'Detective Conan', 'Detective Conan: The Fugitive Kogorou Mouri']	['Edogawa, Conan', 'Mouri, Ran', 'Mouri, Kogorou', 'Haibara, Ai', 'Akai, Shuuichi', 'Sera, Masumi', 'Okiya, Subaru', 'Takagi, Wataru', 'Agasa, Hiroshi', 'Yoshida, Ayumi']	['Takayama, Minami', 'Yamazaki, Wakana', 'Koyama, Rikiya', 'Hayashibara, Megumi', 'Ikeda, Shuuichi', 'Hidaka, Noriko', 'Okiayu, Ryoutarou', 'Takagi, Wataru', 'Ogata, Kenichi', 'Iwai, Yukiko']	[['Suwa, Michihiko', 'Producer, Planning'], ['Shizuno, Koubun', 'Director'], ['Shibasaki, Kou', 'Theme Song Performance, Theme Song Lyrics'], ['Aoyama, Gosho', 'Original Creator']]
