animeTitle	animeType	animeNumEpisode	releaseDate	endDate	animeNumMembers	animeScore	animeUsers	animeRank	animePopularity	animeDescription	animeRelated	animeCharacters	animeVoices	animeStaff
Initial D Fifth Stage	TV	14	2012-11-04	2013-05-10	110380	8.08	57034	457	1494	"After earning a series of difficult victories in the prefectures of Tochigi, Saitama, and Ibaraki, the drivers of Project D—an amateur street driving group led by ex-street driver and expert tactician Ryousuke Takahashi—Takumi Fujiwara and Keisuke Takahashi now have to take Project D to the next level: the Kanagawa prefecture, commonly known as the holy land of street racing. Their opponents, members of the three best street racing teams of Kanagawa, design an elaborate strategy called the ""Four Lines of Defense"" to put a definitive end to the ambitions of Project D.


Meanwhile, Takumi feels he needs to refine his driving skills to overcome the last victory against Toshiya Joushima that he only just managed to snatch. The moment of truth has now come for Project D, which carries with it the hopes of the Gunma Prefecture; will they manage to thwart the surprising tactics of the skilled street racers of Kanagawa?


[Written by MAL Rewrite]"	['Initial D', 'Initial D Fourth Stage', 'Initial D Final Stage', 'Initial D Battle Stage 3']	['Fujiwara, Takumi', 'Takahashi, Ryousuke', 'Takahashi, Keisuke', 'Fujiwara, Bunta', 'Takeuchi, Itsuki', 'Satou, Mako', 'Nakazato, Takeshi', 'Shouji, Shingo', 'Iketani, Kouichirou', 'Sayuki']	['Miki, Shinichiro', 'Koyasu, Takehito', 'Seki, Tomokazu', 'Ishizuka, Unshou', 'Iwata, Mitsuo', 'Neya, Michiko', 'Hiyama, Nobuyuki', 'Fujiwara, Keiji', 'Yao, Kazuki', 'Kakazu, Yumi']	[['Hashimoto, Mitsuo', 'Director'], ['Mima, Masafumi', 'Sound Director'], ['m.o.v.e', 'Theme Song Performance'], ['CLUTCHO', 'Theme Song Performance']]
