animeTitle	animeType	animeNumEpisode	releaseDate	endDate	animeNumMembers	animeScore	animeUsers	animeRank	animePopularity	animeDescription	animeRelated	animeCharacters	animeVoices	animeStaff
Girls & Panzer: Saishuushou Part 2	Movie	1	2019-06-15		23782	8.06	9667	476	3711	"Despite having the upper hand, BC Freedom High School suffers a thorough defeat at the hands of Ooarai Girls Academy. Following their victory, the Ooarai girls decide to take a break before the next round. After discovering that Momo Kawashima is taking care of her family while studying for the university entrance exams, the rest of the Ooarai team become more determined to win the Winter Continuous Track Cup for the sake of Momo and her family.


Meanwhile, the second round of the tournament has started, and Ooarai now has to face Chi-Ha-Tan Academy. Having learned from the first round to not underestimate their enemies, Ooarai slowly approaches their opponent on the thick jungle battlefield.


Despite their best attempts to be cautious, Ooarai is immediately put in a difficult situation as Chi-Ha-Tan employs several new strategies devised by Haru Fukuda. Finding themselves between a rock and a hard place, Ooarai must claw their way out to claim another comeback victory and keep their championship hopes alive.


[Written by MAL Rewrite]"	['Girls & Panzer: Saishuushou Part 1', 'Girls & Panzer: Saishuushou Part 3', 'Girls & Panzer: Saishuushou Part 2 Specials']	['Akiyama, Yukari', 'Reizei, Mako', 'Nishizumi, Miho', 'Isuzu, Hana', 'Takebe, Saori', 'Andou, Rena', 'Marie', 'Oshida, Ruka', 'Rum']		[['Akiyama, Yukari', 'Main'], ['Reizei, Mako', 'Main'], ['Nishizumi, Miho', 'Main'], ['Isuzu, Hana', 'Main'], ['Takebe, Saori', 'Main'], ['Andou, Rena', 'Main'], ['Marie', 'Supporting'], ['Oshida, Ruka', 'Supporting'], ['Rum', 'Supporting']]
