animeTitle	animeType	animeNumEpisode	releaseDate	endDate	animeNumMembers	animeScore	animeUsers	animeRank	animePopularity	animeDescription	animeRelated	animeCharacters	animeVoices	animeStaff
Stand By Me Doraemon	Movie	1	2014-08-08		38976	8.08	26851	462	2866	"Nobita Nobi is an elementary student who hates studying, is bad at sports, and does everything half-heartedly. He is a pushover, unlucky, and fearful of many things. His personality makes him a failure in life, even affecting his progeny. This causes his great-great-grandchild, Sewashi, to take control of the situation.


Sewashi travels back in time from the 22nd century to the 20th century to meet Nobita, who is shocked to see him appear out of his drawer alongside a blue robotic cat. The robotic cat calls himself Doraemon, who claims to have been pressured by Sewashi to assist Nobita, with their ultimate goal being to provide Nobita happiness. Frustrated after seeing Nobita's hopeless state, Doraemon decides to go back to the future. However, Sewashi activates a program within Doraemon that prevents him from doing so. 


Forced to stay, Doraemon helps Nobita using futuristic gadgets through his four-dimensional pocket—a bag containing anything inside it. Can Doraemon bring Nobita happiness and return to the future?


[Written by MAL Rewrite]"	['Doraemon', 'Doraemon (2005)', 'Stand By Me Doraemon 2']	['Doraemon', 'Nobi, Nobita', 'Minamoto, Shizuka', 'Honekawa, Suneo', 'Gouda, Takeshi', 'Dekisugi, Hidetoshi', 'Nobi, Tamako', 'Nobi, Nobisuke', 'Gouda, Jaiko', 'Sensei']	['Mizuta, Wasabi', 'Oohara, Megumi', 'Kakazu, Yumi', 'Seki, Tomokazu', 'Kimura, Subaru', 'Hagino, Shihoko', 'Mitsuishi, Kotono', 'Matsumoto, Yasunori', 'Yamazaki, Vanilla', 'Takagi, Wataru']	[['Yamazaki, Takashi', 'Director, Screenplay'], ['Hata, Motohiro', 'Theme Song Arrangement, Theme Song Performance, Theme Song Composition, Theme Song Lyrics'], ['Fujiko, Fujio F.', 'Original Creator'], ['Satou, Naoki', 'Music']]
