animeTitle	animeType	animeNumEpisode	releaseDate	endDate	animeNumMembers	animeScore	animeUsers	animeRank	animePopularity	animeDescription	animeRelated	animeCharacters	animeVoices	animeStaff
Detective Conan Movie 10: Requiem of the Detectives	Movie	1	2006-04-15		47424	8.05	27560	491	2567	"After receiving a strange invitation, Kogorou Mouri pays a visit to the Miracle Land theme park along with his daughter Ran, Conan Edogawa, and the Detective Boys. Once there, Kogorou and Conan are tasked with finishing an unsolved case by a mysterious stranger. Realizing that the invitations were actually an elaborate trap, the two have just 12 hours to solve the case or face grave danger.


With the help of familiar faces like Heiji Hattori, Kaitou Kid, and even Saguru Hakuba, the group of detectives must unravel the web of clues surrounding the case in order to find the culprit and bring them to justice before it's too late.


[Written by MAL Rewrite]"	['Detective Conan', 'Detective Conan Movie 10: Promo Special']	['Edogawa, Conan', 'Hattori, Heiji', 'Mouri, Ran', 'Kuroba, Kaito', 'Haibara, Ai', 'Mouri, Kogorou', 'Takagi, Wataru', 'Tooyama, Kazuha', 'Agasa, Hiroshi', 'Yoshida, Ayumi']	['Takayama, Minami', 'Horikawa, Ryo', 'Yamazaki, Wakana', 'Yamaguchi, Kappei', 'Hayashibara, Megumi', 'Kamiya, Akira', 'Takagi, Wataru', 'Miyamura, Yuko', 'Ogata, Kenichi', 'Iwai, Yukiko']	[['Suwa, Michihiko', 'Producer, Planning'], ['Yamamoto, Yasuichiro', 'Director, Storyboard'], ['Nishimori, Akira', 'Storyboard'], ['Okuwaki, Masaharu', 'Storyboard']]
