animeTitle	animeType	animeNumEpisode	releaseDate	endDate	animeNumMembers	animeScore	animeUsers	animeRank	animePopularity	animeDescription	animeRelated	animeCharacters	animeVoices	animeStaff
Ribbon no Kishi	TV	52	1967-04-02	1968-04-07	4003	6.65	891	5330	7643	"Princess Sapphire is a girl raised as a Prince. Through the mischief of an angel, the princess is born with both a girl's body and boy's mind. Since there is no boy successor in her kingdom, Sapphire is raised as a boy, but evil ministers try to reveal her secret. Unable to put up with the kind of vicious conduct prevailing in the kingdom, Sapphire disguises herself as ""Princess Knight"" and wields her sword of justice.


This is an animated version of the girls' manga featuring Sapphire's romance and adventure, which marked the first made-for-TV animated program geared towards girls in Japan.


(Source: Official site)"	['Ribbon no Kishi', 'Ribbon no Kishi (1963)', 'Ribbon no Kishi (1999)', 'Ribbon no Kishi Pilot']	['Sapphire', 'Tink', 'Nylon, Baron ', 'Duralumin, Duke ', 'Holmes, Rock', 'Charming, Franz', 'Hecate']	['Oota, Yoshiko', 'Sasuga, Takako', 'Shouji, Miyoko']	[['Tomino, Yoshiyuki', 'Episode Director, Storyboard'], ['Hata, Masami', 'Episode Director'], ['Hikone, Norio', 'Episode Director'], ['Tsuji, Masaki', 'Script']]
