animeTitle	animeType	animeNumEpisode	releaseDate	endDate	animeNumMembers	animeScore	animeUsers	animeRank	animePopularity	animeDescription	animeRelated	animeCharacters	animeVoices	animeStaff
Renai Boukun	TV	12	2017-04-07	2017-06-23	307131	6.66	146978	5307	559	"When a strange girl named Guri comes knocking at Seiji Aino's door, he quickly finds himself thrust into a world of romantic troubles. Claiming that she will die if he doesn't kiss someone within 24 hours, Guri's pleas of desperation are misunderstood as pleas for love, leading Seiji to kiss the cute stranger that came barging into his house. In actuality, it turns out that this cosplaying cupid is the wielder of a Kiss Note, in which any pairing of names she writes will kiss and become a couple. Guri explains that she misspelt and accidentally wrote Seiji's name while indulging in her yaoi fantasies, but because she had yet to pair him with anyone, their kiss was meaningless. Even worse, Guri reveals that if Seiji is not coupled with anyone soon, not only will she die, but Seiji will remain a virgin for eternity!


Eager to escape his fate, Seiji sets his sights on the beautiful and popular Akane Hiyama. But after Akane hears that he kissed Guri, she reveals the obsessive and psychopathic feelings that she holds for the unfortunate boy and proceeds to viciously attack them. In the ensuing confusion, Guri is able to pair Seiji with Akane in the Kiss Note, temporarily saving Seiji from any further bodily harm. But to complicate matters, Guri's newfound feelings lead her to also pair the two of them with herself. Just when the situation could not get any more convoluted, this new coupling with Guri has turned Seiji and Akane into temporary angels, forcing them into assisting the cupid with her work of pairing humans, lest they be cast into hell. With all semblance of normality snatched from his life, Seiji gets to work at matchmaking with these eccentric girls by his side.


[Written by MAL Rewrite]"	['Renai Boukun']	['Hiyama, Akane', 'Guri', 'Aino, Seiji', 'Kichougasaki, Yuzu', 'Shiramine, Shikimi', 'Aino, Akua', 'Stolas', 'Coraly', 'Shiina, Mari', 'Maou']	['Numakura, Manami', 'Aoyama, Yoshino', 'Ono, Kensho', 'Nagano, Yuki', 'Hara, Yumi', 'Takahashi, Rie', 'Horiuchi, Kenyuu', 'Hiyama, Nobuyuki', 'Ootsubo, Yuka', 'Koyasu, Takehito']	[['Nigorikawa, Atsushi', 'Director'], ['Motoyama, Satoshi', 'Sound Director'], ['Noshitani, Mitsutaka', 'Episode Director'], ['Aiura, Kazuya', 'Episode Director, Storyboard']]
