animeTitle	animeType	animeNumEpisode	releaseDate	endDate	animeNumMembers	animeScore	animeUsers	animeRank	animePopularity	animeDescription	animeRelated	animeCharacters	animeVoices	animeStaff
Sanrio Danshi	TV	12	2018-01-06	2018-03-24	48900	6.66	15289	5310	2532	"Kouta Hasegawa is a completely normal high school student who likes his Pompompurin stuffed animal, a Sanrio character modelled after a Golden Retriever, which his grandmother gave him when he was young. However, an incident in which other kids accused him of being girly for liking Sanrio characters made him ashamed of his attachment to Pompompurin. 


Through a series of unexpected events, Kouta ends up meeting others at school who also like Sanrio characters—Yuu Mizuno, a flashy boy who is popular with girls; Shunsuke Yoshino, a member of the soccer team; Ryou Nishimiya, an underclassman who is a library assistant; and Seiichirou Minamoto, the student council president.


Through his new friends, Kouta learns that there is no need to be embarrassed for liking Sanrio characters; and together, they aim to create a play for the cultural festival in order to transform his normal school life into a sparkly one.


[Written by MAL Rewrite]"	['Sanrio Danshi']	"['Mizuno, Yuu', 'Yoshino, Shunsuke', 'Hasegawa, Kouta', 'Nishimiya, Ryou', 'Minamoto, Seiichirou', 'Tsuchiya, Tadashi', ""Kouta's Mother"", 'Matsuo, Tomo', 'Sugami, Naoki', 'Machida, Yamato']"	['Saitou, Souma', 'Oosuka, Jun', 'Eguchi, Takuya', 'Kagura, Hiroyuki', 'Uchida, Yuuma', 'Suzuki, Chihiro', 'Inoue, Kikuko', 'Furukawa, Makoto', 'Kishio, Daisuke']	[['Kudou, Masashi', 'Director'], ['Eguchi, Takuya', 'Theme Song Performance'], ['Uchida, Yuuma', 'Theme Song Performance'], ['Saitou, Souma', 'Theme Song Performance']]
