animeTitle	animeType	animeNumEpisode	releaseDate	endDate	animeNumMembers	animeScore	animeUsers	animeRank	animePopularity	animeDescription	animeRelated	animeCharacters	animeVoices	animeStaff
Pokemon Best Wishes! Season 2: Episode N	TV	14	2013-01-17	2013-04-18	37161	6.66	20287	5304	2939	"In this new series, Satoshi, Pikachu and friends start a new journey towards the ""White Ruins."" There, they meet the young ""N"", who can hear the voices from Pokémon's hearts... The door of truth leading to an Utopia for Pokémon and humans now lies open!


(Source: AniDB)"	['Pokemon Best Wishes! Season 2', 'Pokemon Best Wishes! Season 2: Decolora Adventure']	['Pikachu', 'Satoshi', 'N', 'Dent', 'Iris', 'Kojirou', 'Takeshi', 'Kasumi', 'Musashi', 'Nyarth']	['Ootani, Ikue', 'Matsumoto, Rica', 'Nakamura, Yuuichi', 'Miyano, Mamoru', 'Yuuki, Aoi', 'Miki, Shinichiro', 'Ueda, Yuuji', 'Iizuka, Mayumi', 'Hayashibara, Megumi', 'Inuyama, Inuko']	[['Mima, Masafumi', 'Sound Director'], ['Ueda, Shigeru', 'Episode Director'], ['Shudou, Takeshi', 'Theme Song Lyrics'], ['Shiritsu Ebisu Chuugaku', 'Theme Song Performance']]
