animeTitle	animeType	animeNumEpisode	releaseDate	endDate	animeNumMembers	animeScore	animeUsers	animeRank	animePopularity	animeDescription	animeRelated	animeCharacters	animeVoices	animeStaff
Nobunaga the Fool	TV	24	2014-01-06	2014-06-23	92494	6.66	31611	5301	1719	"Two planets, one to the East and another to the West, were once bound together by a chain called the Dragon Stream. But now, that chain is broken and the two halves are only joined in war.


Nobunaga the Fool is heir to the Eastern Country of Owari. Regarded as too foolish and carefree by many, including his friends, Nobunaga is thought to be a nuisance even by his father.


A girl from the West named Jeanne Kaguya d'Arc has visions of a ""Savior-King."" She is accompanied by Leonardo da Vinci as she journeys to the Eastern Planet in search of the person in her visions.


Leonardo and Jeanne quickly fall victim to a military confrontation between powerful mecha, only to be saved by Nobunaga. Nobunaga takes control of Leonardo's mecha, intending to warn his family of the siege he suspects. Jeanne suspects that the lackadaisical Nobunaga might be the Savior-King she's envisioned. "	['Nobunaga the Fool']	"['Oda, Nobunaga', ""d'Arc, Jeanne Kaguya"", 'Ichihime', 'Caesar, Gaius Julius', 'da Vinci, Leonardo', 'Akechi, Mitsuhide', 'Himiko', 'Uesugi, Kenshin', 'Toyotomi, Hideyoshi', 'Kagome']"	['Miyano, Mamoru', 'Hikasa, Youko', 'Chihara, Minori', 'Nakamura, Yuuichi', 'Sugita, Tomokazu', 'Sakurai, Takahiro', 'Touyama, Nao', 'Nanami, Hiroki', 'Kaji, Yuki', 'Anzai, Chika']	[['Satou, Hidekazu', 'Director'], ['Hayashi, Hiroki', 'Episode Director'], ['Nishimoto, Yukio', 'Episode Director, Storyboard'], ['Kumagai, Jun', 'Script']]
