animeTitle	animeType	animeNumEpisode	releaseDate	endDate	animeNumMembers	animeScore	animeUsers	animeRank	animePopularity	animeDescription	animeRelated	animeCharacters	animeVoices	animeStaff
Ai to Yuuki no Pig Girl Tonde Buurin	TV	51	1994-09-03	1995-08-26	9205	6.65	3821	5340	5475	"""Look! In the sky...It's a bird...It's a plane...It's Super Pig?!""


One fateful day, Karin, a junior-high student, found what she thought was an injured piglet. However, the piglet was just exhausted from hunger. After the piglet regained his health by eating Karin's apple, he revealed that he is a prince, Tonrariano III, from a planet called Booringo. Tonrariano wanted to reward Karin for helping him and so he transformed her into a pig with superpowers. Karin was not at all pleased with the gift because she wanted to become a pretty superheroine like ""Cutey Chao"" (a parody of Cutey Honey), not Super Pig. Reluctantly, she became more interested in her role as Super Pig when she found out that she can turn into someone like ""Cutey Chao"" if she can collect 108 pearls through doing good deeds for other people."	['Ai to Yuuki no Pig Girl Tonde Buurin']	['Kokubu, Karin', 'Tonrariaano III', 'Mizuno, Kouichi', 'Kuroha, Keiko', 'Mushanokouji, Takuma', 'Matsumoto, Jimmy', 'Bank Robber', 'Hidaka, Kaoru', 'Yamakawa, Masami', 'Kashiwagi, Hiromi']	['Shiratori, Yuri', 'Fuchizaki, Yuriko', 'Ishida, Akira', 'Matsumoto, Rica', 'Kashiwakura, Tsutomu', 'Takagi, Wataru', 'Cho', 'Asami, Junko', 'Satou, Chie', 'Yamada, Yoshiharu']	[['Hayase, Hiroyuki', 'Sound Director'], ['Matsuura, Johei', 'Storyboard'], ['Hosoda, Masahiro', 'Storyboard'], ['Mendelman, Ami', 'Theme Song Performance']]
