animeTitle	animeType	animeNumEpisode	releaseDate	endDate	animeNumMembers	animeScore	animeUsers	animeRank	animePopularity	animeDescription	animeRelated	animeCharacters	animeVoices	animeStaff
Project BLUE Chikyuu SOS	TV	6	2006-07-02	2006-12-03	3175	6.65	937	5327	8224	"In this exhilarating series paying homage to classic 50s era science fiction, the disappearance of revolutionary G-Reaction engines is but the beginning of the ghastly end for mankind. 


While deranged alien forces prepare a fleet of flying saucers to the invasion of all invasions, teenage geniuses Penny Carter and  Billy Kimura join forces with a clandestine secret alliance to save humanity from the extra-terrestrial helmet worms and their tentacles of doom! 


Avoiding alien attacks and dodging disintegration rays won't be easy, but these courageous kids will have help from above as Ace pilot James and his mentor Cpt. Clayton enter the fray to stave off a threat incomprehensible to mere mortals! 


(Source: DVD) "		['Carter, Penny', 'Kimura, Billy', 'Captain Clayton', 'Brest, Lotta', 'Steamson, Margaret', 'Bucky', 'Washington', 'Brest, Dr.', 'Emely', 'James']	['Saiga, Mitsuki', 'Watanabe, Akeno', 'Ikeda, Masaru', 'Hirohashi, Ryou', 'Higasayama, Tsugumi', 'Miyano, Mamoru', 'Ogawa, Shinji', 'Ohara, Sayaka', 'Ueda, Yuuji']	[['Campbell, Charles', 'Producer, ADR Director'], ['Okamura, Tensai', 'Director, Episode Director, Storyboard'], ['Kimura, Hiroshi', 'Episode Director'], ['Kudou, Susumu', 'Episode Director']]
