animeTitle	animeType	animeNumEpisode	releaseDate	endDate	animeNumMembers	animeScore	animeUsers	animeRank	animePopularity	animeDescription	animeRelated	animeCharacters	animeVoices	animeStaff
Transformers: Choujin Master Force	TV	43	1988-04-12	1989-03-07	2789	6.65	1137	5335	8564	"Even though the Decepticons have been driven off Earth, a small team of Autobot Pretenders have remained behind, just in case. Led by Metalhawk (""Hawk"" in his human identity), the Pretenders live among the humans, using their Pretender shells to assume human size and appearance. The Autobots' caution is rewarded: Decepticon Pretenders soon appear, led by a mysterious force called Devil Z. The Autobots and Decepticons soon build up their forces, recruiting humans to become Junior Headmasters and Godmasters (Powermasters).


(Source: ANN) "	['Transformers: The☆Headmasters', 'Tatakae! Chou Robot Seimeitai Transformers Victory', 'Transformers: Choujin Master Force Soushuuhen']	['Ginrai', 'Lightfoot', 'Metalhawk', 'Wilder', 'Ranger', 'Road King', 'Cancer', 'Clouder', 'God Bomber', 'Minerva']	['Takemura, Hiroshi', 'Kashiwakura, Tsutomu', 'Nanba, Keiichi', 'Ootsuka, Houchuu', 'Shiozawa, Kaneto', 'Hibino, Akari', 'Yamamoto, Yuriko']	[['Nitta, Yoshikata', 'Episode Director'], ['Umezawa, Atsutoshi', 'Episode Director'], ['Hoshiyama, Hiroyuki', 'Script, Series Composition'], ['Kawamori, Shouji', 'Mechanical Design']]
