animeTitle	animeType	animeNumEpisode	releaseDate	endDate	animeNumMembers	animeScore	animeUsers	animeRank	animePopularity	animeDescription	animeRelated	animeCharacters	animeVoices	animeStaff
Seireitsukai no Blade Dance Specials	Special	6	2014-10-08	2015-03-04	33767	6.65	15319	5331	3107	"Mini specials bundled with each Blu-ray/DVD volume of Seireitsukai no Blade Dance.


Each special is tied to the new 32-page short story that original light novel author Shimizu Yuu wrote for the limited first pressing of every Blu-ray/DVD volume."	['Seireitsukai no Blade Dance']	['Est, Terminus', 'Kazehaya, Kamito', 'Rouge, Claire', 'Fahrengart, Ellis', 'Ray Ordesia, Fianna', 'Laurenfrost, Rinslet', 'Ashdoll, Restia', 'Nastassja, Carol', 'Grandol, Freya']	['Kakuma, Ai', 'Furukawa, Makoto', 'Kido, Ibuki', 'Ishigami, Shizuka', 'Oonishi, Saori', 'Yuuki, Kana', 'Hikasa, Youko', 'Tanaka, Manami']	[['Shimizu, Yuu', 'Original Creator'], ['Sakura, Hanpen', 'Original Character Design']]
