animeTitle	animeType	animeNumEpisode	releaseDate	endDate	animeNumMembers	animeScore	animeUsers	animeRank	animePopularity	animeDescription	animeRelated	animeCharacters	animeVoices	animeStaff
Shaman King (2021)	TV	52	2021-04-01		195673	6.66	32354	5312	919	"Shamans are extraordinary individuals with the ability to communicate with ghosts, spirits, and gods, which are invisible to ordinary people. The Shaman Fight—a prestigious tournament pitting shamans from all over the world against each other—is held every five hundred years, where the winner is crowned Shaman King. This title allows the current incumbent to call upon the Great Spirit and shape the world as they see fit.


Finding himself late for class one night, Manta Oyamada, an ordinary middle school student, decides to take a shortcut through the local cemetery. Noticing him, a lone boy sitting on a gravestone invites Manta to stargaze with ""them."" Realizing that ""them"" refers to the boy and his ghostly friends, Manta flees the terror. Later, the boy introduces himself as You Asakura, a Shaman-in-training, and demonstrates his powers by teaming up with the ghost of six-hundred-year-old samurai Amidamaru to save Manta from a group of thugs. You befriends Manta due to his ability to see spirits, and with the help of Amidamaru, they set out to accomplish You's goal of becoming the next Shaman King.


[Written by MAL Rewrite]"	['Shaman King', 'Shaman King (2021): Funbari Onsen Hanjouki']	['Asakura, You', 'Asakura, Hao', 'Kyouyama, Anna', 'Tao, Ren', 'Amidamaru', 'Oyamada, Manta', 'Faust VIII, Johann', 'Usui, Horokeu', 'Umemiya, Ryuunosuke', 'Diethel, Lyserg']	['Hikasa, Youko', 'Takayama, Minami', 'Hayashibara, Megumi', 'Park, Romi', 'Konishi, Katsuyuki', 'Inuyama, Inuko', 'Koyasu, Takehito', 'Ueda, Yuuji', 'Tanaka, Masahiko', 'Soumi, Youko']	[['Furuta, Jouji', 'Director'], ['Mima, Masafumi', 'Sound Director'], ['Horie, Yui', 'Theme Song Performance'], ['Mizuki, Nana', 'Theme Song Performance']]
