animeTitle	animeType	animeNumEpisode	releaseDate	endDate	animeNumMembers	animeScore	animeUsers	animeRank	animePopularity	animeDescription	animeRelated	animeCharacters	animeVoices	animeStaff
Wangpai Yushi	ONA	39	2014-06-27	2016-01-20	3166	6.65	457	5337	8239	"In a world where yin and yang has lost its balance and day merged with night, humans and monsters learn to coexist. Our hardworking censorates do their best to fight the ‘untamed’ monsters in this joyful story.


(Source: EIH Scans)"	['Wangpai Yushi', 'Wangpai Yushi Di 0 Ji']	['Yan, Ye', 'Huang, Xiaoyan', 'Headmaster']		[['Li, Haoling', 'Director'], ['Tong, Yao', 'Original Creator']]
