animeTitle	animeType	animeNumEpisode	releaseDate	endDate	animeNumMembers	animeScore	animeUsers	animeRank	animePopularity	animeDescription	animeRelated	animeCharacters	animeVoices	animeStaff
Cooking Papa	TV	151	1992-04-09	1995-05-25	1551	6.65	212	5349	10103	"The story of Mr. Araiwa and his family. He is a model employee in a large enterprise, but becomes a completely different character at home. He is very keen on cooking and lets pass no occasion to cook delicious dishes for his wife, who is frequently occupied by her work as a journalist, or his young son.


(Source: AniDB)"	['Cooking Papa', 'Cooking Papa Christmas Special']			[['Kasai, Kenichi', 'Director'], ['Tsunoda, Toshitaka', 'Director'], ['Ooba, Hideaki', 'Episode Director, Storyboard'], ['Suzuki, Yoshio', 'Episode Director, Storyboard']]
