animeTitle	animeType	animeNumEpisode	releaseDate	endDate	animeNumMembers	animeScore	animeUsers	animeRank	animePopularity	animeDescription	animeRelated	animeCharacters	animeVoices	animeStaff
Papa to Odorou	TV	16	1999-07-05	1999-07-24	1122	6.65	377	5326	10862	"Imagine two irresponsible siblings (Fuko and Yoshiharu) living under the care of an equally or more irresponsible father (Amachi). Then add some bizarre stuff, like cobras, bad jokes, adult videos, seductive grannies, farting, stupid remarks and insults, terribly foul language, and a nonsensical plethora of strange happenings...


(Source: ANN)"	['Papa to odorou']	['Amachi, Shigeru']	['Inoue, Kazuhiko']	[['Shirahata, Nobuo', 'Director'], ['Tanaka, Kazuya', 'Sound Director'], ['Kikkawa, Koji', 'Theme Song Performance'], ['Sogo, Masashi', 'Series Composition']]
