animeTitle	animeType	animeNumEpisode	releaseDate	endDate	animeNumMembers	animeScore	animeUsers	animeRank	animePopularity	animeDescription	animeRelated	animeCharacters	animeVoices	animeStaff
Akihabara Dennou-gumi: 2011-nen no Natsuyasumi	Movie	1	1999-08-14		2181	6.65	825	5342	9200	"One year after Crane's visit to earth, Hibari dreams about him not being able to sleep well. So, she decides that the Cyberteam has to travel towards the Metatrone and find out if things are ok. Metatrone surveillance system has gone wild, and it's up to Hibari and her friends to fix things out and help Prince Crane.


(Source: ANN)"	['Akihabara Dennou-gumi']	"['Otorii, Tsubame', 'Hanakoganei, Hibari', 'Higashijuujou, Tsugumi', 'Sakurajosui, Suzume', 'Sengakuji, Kamome', 'Gotokuji, Jun', ""Daikan'yama, Hatoko"", 'Bahnsteik, Crane', 'Kitaurawa, Uzura', 'Soshigaya, Miyama']"	['Hayashibara, Megumi', 'Shima, Ryouka', 'Asakawa, Yuu', 'Yoshizumi, Kozue', 'Nagasawa, Miki', 'Honda, Chieko', 'Kakazu, Yumi', 'Yamaguchi, Kappei', 'Tamagawa, Sakiko']	[['Sakurai, Hiroaki', 'Director, Storyboard'], ['Fujimoto, Yoshitaka', 'Director'], ['Tanaka, Hideyuki', 'Sound Director'], ['Onji, Masayuki', 'Episode Director']]
