animeTitle	animeType	animeNumEpisode	releaseDate	endDate	animeNumMembers	animeScore	animeUsers	animeRank	animePopularity	animeDescription	animeRelated	animeCharacters	animeVoices	animeStaff
Akakichi no Eleven	TV	52	1970-04-13	1971-04-05	1806	6.65	426	5341	9702	"At Shinsei high school, soccer is almost a combat sport and new team coach Teppei Matsuki is a fully paid up sadist who will push his team as hard as necessary to win. Headstrong school bad boy Shingo Tamai and his friend Ohira are determined not to be bullied into joining Matsuki's team; instead they set up a squad of their own, and at first play just for fun and struggle to keep up with Matsuki's team. 


As their skills progress, they play other teams and get stronger and craftier, until they face the crack Asakase high school squad and its star player Misugi Yan in the schools' final. In a tangle of subplots involving old rivalries and injuries, and a mixed-race player seeking his identity and his lost mother (who turns out to be in jail), Shingo develops his skills as a center forward and looks forward to playing a visiting Brazilian squad. He is seriously injured in a game, but his talent, which even the legendary Brazilian Pele recognizes, is equaled by his determination. With the help of a friend of his old rival Matsuki, he recovers to help the team to victory. 


Definitely melodrama rather than a sports series proper, this is the first in the line of Japanese soccer soaps that stretches to Captain Tsubasa and beyond. Based on a manga by Ikki Kajiwara and Kosei Sonoda. 


(Source: The Anime Ecyclopedia)"				[['Okaseko, Nobuhiro', 'Episode Director'], ['Suzuki, Yoshitake', 'Script'], ['Kajiwara, Ikki', 'Original Creator']]
