animeTitle	animeType	animeNumEpisode	releaseDate	endDate	animeNumMembers	animeScore	animeUsers	animeRank	animePopularity	animeDescription	animeRelated	animeCharacters	animeVoices	animeStaff
Shouxi Yu Ling Shi	ONA	40	2020-06-20	2020-10-24	845	6.66	204	5313	11597	"Last century, Shi Dali was sealed for 100 years, but he accidentally discovered Qingqing, the celestial nine tails fox. He started his path to become Chief Soul Master, to find out the mistery of his origin and to protect the world.


(Source: themoviedb)"	['Shouxi Yu Ling Shi 2']			
