animeTitle	animeType	animeNumEpisode	releaseDate	endDate	animeNumMembers	animeScore	animeUsers	animeRank	animePopularity	animeDescription	animeRelated	animeCharacters	animeVoices	animeStaff
Tottoko Hamtarou Hai!	TV	77	2006-04-05	2008-03-28	4237	6.66	1651	5316	7488	"Tottoko Hamutaro Hai! is the sequel to Tottoko Hamutaro, or in English, Hamtaro. The series revolves around the 15 original Ham-Hams in short 5-minute episodes. The Hai! series is animated differently from the original series, most notably, the head-to-body ratio is off, and it is also computer-generated in 3-D. 


(Source: Wikipedia)"	['Tottoko Hamtarou']	['Hamtarou', 'Ribon-chan', 'Taishoo-kun', 'Koushi-kun', 'Chourouham', 'Kururin-chan']		[['Hamtarou', 'Main'], ['Ribon-chan', 'Main'], ['Taishoo-kun', 'Main'], ['Koushi-kun', 'Main'], ['Chourouham', 'Supporting'], ['Kururin-chan', 'Supporting']]
