animeTitle	animeType	animeNumEpisode	releaseDate	endDate	animeNumMembers	animeScore	animeUsers	animeRank	animePopularity	animeDescription	animeRelated	animeCharacters	animeVoices	animeStaff
Tokimeki Memorial: Only Love Specials	Special	2	2007-09-21		4474	6.66	1970	5315	7329	"The final DVD volume contains two specials:

Tokimeki no Yuuki

Episode 18 (sometimes labeled 17.5), which was never broadcast on TV. It features the swim captain, Utsumi Koayu.

Tokimeki no Sentaku

Episode 25.5, a recap of all episodes but the last, which was initially displayed at the Konami booth for the Tokyo International Anime Fair in 2007."	['Tokimeki Memorial: Only Love']	"['Amamiya, Sayuri', 'Aoba, Riku', 'Kasuga, Tsukasa', 'Yayoi, Mina', 'Yagen, Ryuichi', 'Kinosaki, Fumihiko', 'Watatake, Haruka', 'Vice Principal', 'Utami, Hiromi', ""Matsuoka, Jun'ya""]"	['Miyano, Mamoru', 'Mito, Takashi']	"[['Amamiya, Sayuri', 'Main'], ['Aoba, Riku', 'Main'], ['Miyano, Mamoru', 'Japanese'], ['Kasuga, Tsukasa', 'Main'], ['Yayoi, Mina', 'Main'], ['Yagen, Ryuichi', 'Supporting'], ['Kinosaki, Fumihiko', 'Supporting'], ['Watatake, Haruka', 'Supporting'], ['Vice Principal', 'Supporting'], ['Utami, Hiromi', 'Supporting'], [""Matsuoka, Jun'ya"", 'Supporting'], ['Mito, Takashi', 'Japanese']]"
