animeTitle	animeType	animeNumEpisode	releaseDate	endDate	animeNumMembers	animeScore	animeUsers	animeRank	animePopularity	animeDescription	animeRelated	animeCharacters	animeVoices	animeStaff
Stratos 4	TV	13	2003-01-05	2003-03-30	10396	6.66	3917	5314	5224	"The Earth has developed a defense system against large meteorites that are on a collision course with it. This protection system is made up of the Comet Blasters based in several space stations as the 1st line of defense, using nuclear warheads launched by spaceships. The 2nd line of defense consists of the Meteor Sweepers launching from ground airbases using hypersonic planes with special missiles to deal with the resulting debris from the blasts. Mikaze is a troubled girl that is a trainee pilot for a Meteor Sweeper team that dreams of becoming a prestigious Comet Blaster pilot. Stratos 4 revolves around Mikaze's and her teammates' challenges to become real pilots, while the Earth faces the threats that come from space.


(Source: ANN, edited by Falre)"	['Stratos 4 OVA', 'Stratos 4: Logbook']	['Honjou, Mikaze', 'Kikuhara, Karin', 'Doi, Shizuha', 'Nakamura, Ayamo', 'Kisaragi, Sayaka', 'Miyazaki, Tsubasa', 'Kubo, Chizuru', 'Mikuriya, Alice', 'Mukai, Touko', 'Boozeman, Betty']	['Kakazu, Yumi', 'Orikasa, Fumiko', 'Shimizu, Kaori', 'Kikuchi, Shiho', 'Ohara, Sayaka', 'Tasaka, Hideki', 'Hiramatsu, Akiko', 'Asano, Mayumi', 'Kimura, Misa', 'Yukino, Satsuki']	[['Mori, Takeshi', 'Director'], ['Tsuruoka, Youta', 'Sound Director'], ['Masuhara, Mitsuyuki', 'Episode Director'], ['Suzuki, Kaoru', 'Episode Director']]
