animeTitle	animeType	animeNumEpisode	releaseDate	endDate	animeNumMembers	animeScore	animeUsers	animeRank	animePopularity	animeDescription	animeRelated	animeCharacters	animeVoices	animeStaff
Min Diao Ju Yi Wen Lu	ONA	12	2020-08-07	2020-10-16	1834	6.65	304	5320	9674	"In the task of catching drug lords in the Yunnan border, a special forces team accidentally enters the ancient caves of the ancient Shu, and intruded on ancient rituals. The squad was almost completely annihilated. Only Shen Shuang and the anti-drug police Sun Desheng survived, as they were rescued by a mysterious white-haired man named Wu Hao. After this incident, the two men accidentally entered the ""Civil Affairs Investigation and Research Bureau"" and gradually became entangled in more supernatural events, revealing the veil of another world.


(Source: AniList)"				
