animeTitle	animeType	animeNumEpisode	releaseDate	endDate	animeNumMembers	animeScore	animeUsers	animeRank	animePopularity	animeDescription	animeRelated	animeCharacters	animeVoices	animeStaff
Choujuu Kishin Dancougar	TV	38	1985-04-05	1985-12-27	4257	6.65	896	5347	7472	"Emperor Muge Zarbados and his Empire of Death decide that their next conquest will be the faraway planet of Earth. Muge becomes even more fearsome because of Shapiro Keats, a power-hungry Earthling-turned-traitor. It's up to Shinobu, Sara (Shapiro's old girldfriend), Masato, and Ryo of the Jyusenkitai/Cyber Beast Force to pilot the four Jyusenki/Beast Mecha (Eagle Fighter, Land Cougar, Land Liger, and Big Moth [a mammoth mecha]), which can combine into the giant mech Dancougar.


(Source: ANN)"	['Choujuu Kishin Dancougar Burn', 'Juusou Kikou Dancougar Nova', 'Choujuu Kishin Dancougar: Ushinawareta Mono-tachi e no Requiem', 'Choujuu Kishin Dancougar: Juusenki-tai Songs']	['Fujiwara, Shinobu', 'Yuki, Sara', 'Shikibu, Masato', 'Shiba, Ryo', 'Keats, Shapiro', 'Igor, Alan', 'Sullivan, Laura']	['Yao, Kazuki', 'Yamamoto, Yuriko', 'Nakahara, Shigeru', 'Shiozawa, Kaneto', 'Wakamoto, Norio', 'Tanaka, Hideyuki', 'Fujiwara, Rie']	[['Habara, Nobuyoshi', 'Director, Character Design'], ['Negishi, Hiroshi', 'Episode Director'], ['Kuriyama, Yoshihide', 'Episode Director'], ['Yuyama, Kunihiko', 'Storyboard']]
