animeTitle	animeType	animeNumEpisode	releaseDate	endDate	animeNumMembers	animeScore	animeUsers	animeRank	animePopularity	animeDescription	animeRelated	animeCharacters	animeVoices	animeStaff
Padak Padak	Movie	1	2012-07-25		677	6.65	290	5325	12174	"A mackerel from the sea attempts to escape from a restaurant! Padak is a mackerel from the sea, who is caught in a net and gets dumped into a restaurant tank. An old flatfish is the only one that's survived very long. He gains the trust of other fish with his survival skills. Thanks to Padak, who attempts to make it back to the ocean, the peace in the tank is shattered and conflicts with the old flatfish get bigger and bigger.


(Source: IMDb)"				
