animeTitle	animeType	animeNumEpisode	releaseDate	endDate	animeNumMembers	animeScore	animeUsers	animeRank	animePopularity	animeDescription	animeRelated	animeCharacters	animeVoices	animeStaff
True Tears Epilogue	Music	1	2010-03-26		12234	6.65	6106	5336	4898	"Three-minute long music video released together with the Blu-Ray version. It's placed right after the ending credits of episode 13 as an ""epilogue"" but in fact it show events that happened after the last scene of the anime (the one with Hiromi and Shinichiro) and before the real epilogue (Noe with her new friends).


It's also an animated adaptation of the three drama CDs released June 25, 2008."	['True Tears']	['Yuasa, Hiromi', 'Isurugi, Noe', 'Andou, Aiko', 'Nakagami, Shinichirou', 'Isurugi, Jun', 'Nobuse, Miyokichi', 'Kurobe, Tomoyo']		[['eufonius', 'Inserted Song Performance'], ['Ueda, Yumehito', 'Original Character Design']]
