animeTitle	animeType	animeNumEpisode	releaseDate	endDate	animeNumMembers	animeScore	animeUsers	animeRank	animePopularity	animeDescription	animeRelated	animeCharacters	animeVoices	animeStaff
Gakuen Handsome	TV	12	2016-10-04	2016-12-20	35000	6.68	16492	5188	3043	"High school student Yoshiki Maeda is starting a new year in the all-boys Baraman High School. On the first day, Yoshiki reconnects with his childhood friend, Takuya Saotome, and meets his odd and dramatic homeroom teacher, Teruhiko Saionji. Yoshiki’s younger sister, Yuu, is aware of many of these handsome boys and seems to take pleasure in teasing her big brother about them.


Yoshiki soon discovers a number of stereotypical romance characters and has no choice but to deal with their outright ludicrous and nonsensical boys' love antics.


[Written by MAL Rewrite]"	['Gakuen Handsome The Animation', 'Gakuen Handsome: Legend of Sexy', 'Gakuen Handsome: Haitoku no Lesson', 'Gakuen Handsome Special']	['Mitsurugi, Sakuya', 'Maeda, Yoshiki', 'Jirou', 'Saionji, Teruhiko', 'Shiga, Shingo', 'Kagami, Renji', 'Yuu', 'Saotome, Takuya']	['Kimura, Ryouhei', 'Hanae, Natsuki', 'Kusunoki, Taiten', 'Suzuki, Yuto', 'Tsuruoka, Satoshi', 'Nomiya, Kazunori', 'Akesaka, Satomi', 'Kakihara, Tetsuya']	[['Mitsurugi, Sakuya', 'Main'], ['Kimura, Ryouhei', 'Japanese'], ['Maeda, Yoshiki', 'Main'], ['Hanae, Natsuki', 'Japanese'], ['Jirou', 'Supporting'], ['Kusunoki, Taiten', 'Japanese'], ['Saionji, Teruhiko', 'Supporting'], ['Suzuki, Yuto', 'Japanese'], ['Shiga, Shingo', 'Supporting'], ['Tsuruoka, Satoshi', 'Japanese'], ['Kagami, Renji', 'Supporting'], ['Nomiya, Kazunori', 'Japanese'], ['Yuu', 'Supporting'], ['Akesaka, Satomi', 'Japanese'], ['Saotome, Takuya', 'Supporting'], ['Kakihara, Tetsuya', 'Japanese']]
