animeTitle	animeType	animeNumEpisode	releaseDate	endDate	animeNumMembers	animeScore	animeUsers	animeRank	animePopularity	animeDescription	animeRelated	animeCharacters	animeVoices	animeStaff
Harukana Receive	TV	12	2018-07-06	2018-09-21	93736	6.68	32888	5190	1708	"In beach volleyball, there is no room for aces. To achieve victory, each player must find their one, irreplaceable partner that they can rely on in the court of sand. At least, that is what Haruka Oozora learns on her first day in Okinawa after moving in with her grandmother and her cousin Kanata Higa. While touring a nearby beach, Haruka stumbles upon some girls practicing beach volleyball and is quickly invited to join. This friendly practice game suddenly turns into a match when one of the girls, Narumi Tooi, notices Kanata approaching the court.


Although the two suffer a devastating defeat, Haruka finally realizes the reason for her cousin’s quiet and distant behavior. Kanata and Narumi used to be an exceptionally talented beach volleyball duo, until Kanata quit due to her short height causing problems for Narumi. Now, with the Junior Tournament just weeks away, Haruka must learn the intricacies of competitive beach volleyball and help Kanata overcome her crippling anxiety towards the sport that she once used to love.


[Written by MAL Rewrite]"	['Harukana Receive', 'Harukana Receive: Yokoku']	['Oozora, Haruka', 'Higa, Kanata', 'Tooi, Narumi', 'Tachibana, Ayasa', 'Thomas, Claire', 'Thomas, Emily', 'Thomas, Marissa', 'Ooshiro, Akari', 'Tanahara, Ai', 'Sunagawa, Mai']	['Yuuki, Kana', 'Miyashita, Saki', 'Shimabukuro, Miyuri', 'Itou, Kanae', 'Tanezaki, Atsumi', 'Suegara, Rie', 'Shouji, Umeka', 'Kimura, Chisa', 'Kitou, Akari', 'Koike, Riko']	[['Kubooka, Toshiyuki', 'Director, Episode Director, Storyboard, Key Animation'], ['Fujita, Akiko', 'Sound Director'], ['Anzai, Takefumi', 'Episode Director, Storyboard'], ['Machida, Touko', 'Script, Series Composition']]
