animeTitle	animeType	animeNumEpisode	releaseDate	endDate	animeNumMembers	animeScore	animeUsers	animeRank	animePopularity	animeDescription	animeRelated	animeCharacters	animeVoices	animeStaff
Gad Guard	TV	26	2003-04-16	2003-09-25	12517	6.68	3992	5187	4841	"Several hundred years in the future, the resources of the Earth runs out, and the progression of the human race has stagnated. The world is now divided into ""Units."" A boy named Hajiki Sanada lives with his mother and sister in Unit 74, in a place called ""Night Town,"" in which all electricity is shut down at midnight. The key in this story is an object called the GAD. GADs have the ability to reconstruct materials while reacting to feelings of an organic life. The size and shape of the resulting product seem to be different depending on the kinds of feelings that the life possesses. When Hajiki comes in contact with one by accident, it transforms into a huge robot—a Tekkoudo, or ""Iron Giant""—which Hajiki names Lightning. And soon he realizes that he isn't the only one with a Tekkoudo, and must find out how to deal with those others who he feels are the ""same"" as himself.


(Source: ANN)"		['Katana', 'Sanada, Hajiki', 'Harmony, Aiko Mary', 'Shinozuka, Arashi', 'Kisaragi, Takumi', 'Flaubert, Catherine', 'Melissa', 'Hachisuka, Kogoro', 'Sayuri', 'Seikai']	['Suwabe, Junichi', 'Suzumura, Kenichi', 'Kurata, Masayo', 'Orikasa, Fumiko', 'Satou, Yuuko', 'Inoue, Kikuko', 'Chiba, Chiemi', 'Ishizuka, Unshou', 'Inohara, Shuri', 'Seki, Tomokazu']	[['Hamano, Takatoshi', 'Producer'], ['Nishikiori, Hiroshi', 'Director, Episode Director, Storyboard, Series Composition'], ['Mima, Masafumi', 'Sound Director, Sound Effects'], ['Kobayashi, Osamu', 'Episode Director, Storyboard, Key Animation, Setting, Animation Director']]
