animeTitle	animeType	animeNumEpisode	releaseDate	endDate	animeNumMembers	animeScore	animeUsers	animeRank	animePopularity	animeDescription	animeRelated	animeCharacters	animeVoices	animeStaff
Lostorage Incited WIXOSS	TV	12	2016-10-08	2016-12-24	51836	6.69	18721	5167	2462	"High school student Homura Suzuko has returned to Ikebukuro, the town where she grew up.


""We're friends forever!"" She treasures her memories of her old friend from when she was little, Morikawa Chinatsu, and she's excited at the prospect of meeting her again.


But when she gets to school, she finds she has trouble fitting in with the rest of the class.


One day, she decides that if she learns to play the card game WIXOSS, she might be able to make some friends. She stops at a card shop on her way home and buys a deck set. When she takes the set home and opens it, the girl on one of the cards begins to move, and speak.


""Welcome, Selector.""


Humans chosen as Selectors must battle for control of the five coins that hold all their memories.


If they can retake all the coins, they win, and can leave the game. But if they lose, as a penalty—


""Lostorage""—What will become of Suzuko as she's caught up in this insane game?


And just like Suzuko, Chinatsu finds herself drawn into the game as well...


(Source: Crunchyroll)"	['Selector Spread WIXOSS', 'Lostorage Conflated WIXOSS', 'Lostorage Conflated WIXOSS: Missing Link']	['Homura, Suzuko', 'Morikawa, Chinatsu', 'Mikage, Hanna', 'Piruluk', 'Lil', 'Nanashi', 'Satomi, Kou', 'Shirai, Shouhei', 'Carnival', 'Hajimari no LRIG']	['Hashimoto, Chinami', 'Iguchi, Yuka', 'Kubo, Yurika', 'Oonishi, Saori', 'Itou, Shizuka', 'Izawa, Shiori', 'Nakamura, Yuuichi', 'Sugawara, Shinsuke', 'Asumi, Kana', 'Hino, Mari']	[['Sakurabi, Katsushi', 'Director'], ['Iwanami, Yoshikazu', 'Sound Director'], ['Shinohara, Masahiro', 'Episode Director, Storyboard'], ['Tachibana, Hideki', 'Storyboard']]
