animeTitle	animeType	animeNumEpisode	releaseDate	endDate	animeNumMembers	animeScore	animeUsers	animeRank	animePopularity	animeDescription	animeRelated	animeCharacters	animeVoices	animeStaff
Bakumatsu no Spasibo	Movie	1	1997-09-20		1267	6.68	315	5175	10545	"Based on the real life events around Yevfimy Vasilyevich Putyatin, a Russian admiral noted for his diplomatic missions to Japan and China, and the signing of the Treaty of Shimoda in 1855.


(Source: AniDB)"		['Putyatin, Yevfimy Vasilyevich']	['Katou, Seizou']	[['Dezaki, Satoshi', 'Script']]
