animeTitle	animeType	animeNumEpisode	releaseDate	endDate	animeNumMembers	animeScore	animeUsers	animeRank	animePopularity	animeDescription	animeRelated	animeCharacters	animeVoices	animeStaff
IS: Infinite Stratos	TV	12	2011-01-07	2011-04-01	560573	6.68	317562	5192	268	"An exoskeleton weapon engineered by Japan, Infinite Stratos (IS) can be piloted only by women. Its power and combat prowess are so immense that an international treaty has been signed banning its use as a military asset. 


When it is discovered that 15-year-old Ichika Orimura is the only male capable of steering an IS, he is forcibly enrolled in the Infinite Stratos Academy: an all-female boarding school, the students of which graduate to become IS pilots. At this training school, Ichika is reunited with two of his childhood friends, Houki Shinonono and Lingyin Huang, and befriends Cecilia Alcott, an IS representative from the United Kingdom.


Guided by the legendary pilot Chifuyu Orimura—their strict homeroom teacher and Ichika's older sister—Ichika and the girls will need to use everything at their disposal to defend themselves and their academy against the dangers that will arise during the course of their thrilling school life.


[Written by MAL Rewrite]"	['IS: Infinite Stratos', 'IS: Infinite Stratos Encore - Koi ni Kogareru Rokujuusou']	['Dunois, Charlotte', 'Bodewig, Laura', 'Shinonono, Houki', 'Orimura, Ichika', 'Alcott, Cecilia', 'Huang, Lingyin', 'Orimura, Chifuyu', 'Shinonono, Tabane', 'Nohotoke, Honne', 'Yamada, Maya']	['Hanazawa, Kana', 'Inoue, Marina', 'Hikasa, Youko', 'Uchiyama, Kouki', 'Yukana', 'Shimoda, Asami', 'Toyoguchi, Megumi', 'Tamura, Yukari', 'Kadowaki, Mai', 'Shitaya, Noriko']	[['Kikuchi, Yasuhito', 'Director, Storyboard'], ['Mima, Masafumi', 'Sound Director'], ['Nakajima, Toshihiko', 'Sound Director'], ['Kanegae, Tooru', 'Sound Director']]
