animeTitle	animeType	animeNumEpisode	releaseDate	endDate	animeNumMembers	animeScore	animeUsers	animeRank	animePopularity	animeDescription	animeRelated	animeCharacters	animeVoices	animeStaff
Crayon Shin-chan Movie 14: Densetsu wo Yobu Odore! Amigo!	Movie	1	2006-04-15		3186	6.69	1545	5154	8227	"An action comedy film based on the ""duplicating humans' invasion"" setting derived from Jack Finney's Sci-Fi novel ""The Body Snatchers"", combining Sci-Fi horror-like story and dance (samba). An authority on biotechnology and a developer of ""konjaclone"" technology, Amigo Suzuki carries out ""Transformation Plans for Samba World"", in which he makes human clones using konjac as a material and makes them dance a samba. In Kasukabe city, people switch places with false ones who look just like the real persons. The Nohara family and the members of Kasukabe Defense Forces try to escape from Kasukabe with the help of a mystery beautiful girl Jacqueline Feeney (Jackie). 


(Source: Manabu Tsuribe)"	['Crayon Shin-chan', 'Crayon Shin-chan Movie 15: Arashi wo Yobu Utau Ketsu dake Bakudan!', 'Crayon Shin-chan Movie 13: Densetsu wo Yobu Buriburi 3 Pun Dai Shingeki']	['Nohara, Shinnosuke', 'Nohara, Hiroshi', 'Nohara, Misae', 'Boo-chan', 'Kazama, Tooru', 'Sakurada, Nene', 'Suotome, Ai', 'Takakura, Bunta', 'Ageo, Masumi', 'Sato, Masao']	['Yajima, Akiko', 'Fujiwara, Keiji', 'Narahashi, Miki', 'Satou, Chie', 'Mashiba, Mari', 'Hayashi, Tamao', 'Kawasumi, Ayako', 'Naya, Rokurou', 'Mitsuishi, Kotono', 'Ichiryuusai, Teiyuu']	[['Mutou, Yuuji', 'Director, Storyboard'], ['Ookuma, Akira', 'Sound Director'], ['Kouda, Kumi', 'Theme Song Lyrics, Theme Song Performance'], ['Usui, Yoshito', 'Original Creator']]
