animeTitle	animeType	animeNumEpisode	releaseDate	endDate	animeNumMembers	animeScore	animeUsers	animeRank	animePopularity	animeDescription	animeRelated	animeCharacters	animeVoices	animeStaff
Kindaichi Shounen no Jikenbo: Shinigami Byouin Satsujin Jiken	Special	1	1997-04-27		1302	6.68	412	5197	10498	"A one-hour special that aired after a month of the series' absence on television between episodes 23 and 24.


Kindaichi will have to investigate in a hospital where series of murder happen."	['Kindaichi Shounen no Jikenbo']	['Kindaichi, Hajime', 'Nanase, Miyuki', 'Kenmochi, Isamu', 'Akechi, Kengo', 'Yukimuro, Yuuichi', 'Mizushima, Taki', 'Takazawa, Kazuko', 'Kine, Junya', 'Kiyomasa, Tomoaki', 'Daigo, Maki']	['Matsuno, Taiki', 'Nakagawa, Akiko', 'Kosugi, Juurouta', 'Morikawa, Toshiyuki', 'Ikeda, Shuuichi', 'Uemura, Noriko', 'Igarashi, Rei', 'Futamata, Issei', 'Nakamura, Hidetoshi', 'Dodo, Asako']	[['Laputa', 'Theme Song Performance'], ['Suzuki, Sarina', 'Theme Song Performance'], ['Kibayashi, Shin', 'Original Creator'], ['Satou, Fumiya', 'Original Character Design']]
