animeTitle	animeType	animeNumEpisode	releaseDate	endDate	animeNumMembers	animeScore	animeUsers	animeRank	animePopularity	animeDescription	animeRelated	animeCharacters	animeVoices	animeStaff
Cheer Danshi!!	TV	12	2016-07-05	2016-09-27	58326	6.69	21719	5151	2293	"After suffering from a shoulder injury, shy first-year university student Haruki Bandou gladly takes the opportunity to give up judo, failing to find happiness in the sport regardless of his family owning a dojo. He did not expect, however, that his best friend Kazuma Hashimoto would also decide to leave their university's judo club at the same time as him. Despite Haruki's protests, Kazuma already has plans for a new and revolutionary activity: a cheerleading team made up of only men. Although heavily reluctant, Haruki ends up helping his friend set up the team. Through sheer determination, and with support from their newfound club members, Haruki and Kazuma persist in founding the Breakers, the first ever all-male cheerleading team of Meishiin University, slowly making history in spite of the feminine tag attached to the sport of cheerleading and the prejudices, physical challenges, and self-doubts that inevitably follow.


[Written by MAL Rewrite]"	['Cheer Danshi!!: Go Breakers', 'Cheer Danshi!! Recap', 'Cheer Danshi!! Specials']	['Bandou, Haruki', 'Hashimoto, Kazuma', 'Mizoguchi, Wataru', 'Tokugawa, Shou', 'Sakuma, Ryuuzou', 'Mori, Hisashi', 'Chen, Zixuan', 'Suzuki, Souichirou', 'Takagi, Satsuki', 'Bandou, Haruko']	['Yonai, Yuki', 'Okamoto, Nobuhiko', 'Sugita, Tomokazu', 'Ono, Yuuki', 'Murase, Ayumu', 'Hatanaka, Tasuku', 'Bun, Yousei', 'Kuwano, Kousuke', 'Kaida, Yuuko', 'Fujimura, Ayumi']	[['Yoshimura, Ai', 'Director'], ['Kimura, Eriko', 'Sound Director'], ['Utsumi, Teruko', 'Script'], ['Sugita, Tomokazu', 'Theme Song Performance']]
