animeTitle	animeType	animeNumEpisode	releaseDate	endDate	animeNumMembers	animeScore	animeUsers	animeRank	animePopularity	animeDescription	animeRelated	animeCharacters	animeVoices	animeStaff
Bakuten Shoot Beyblade 2002	TV	51	2002-01-07	2002-12-30	58710	6.68	36753	5176	2280	"The Bladebreakers have to join forces once again because a mysterious group under the lead of Oozuma has defeated them, but the real enemy is not Oozuma. The real threath is formed by a group of people who use cyber-BitBeasts to capture the original ones from the Bladebreakers.


(Source: ANN)"	['Bakuten Shoot Beyblade', 'Bakuten Shoot Beyblade G Revolution', 'Bakuten Shoot Beyblade the Movie: Gekitou!! Takao vs. Daichi']	['Hiwatari, Kai', 'Kon, Rei', 'Kinomiya, Takao', 'Mizuhara, Max', 'Tachibana, Hiromi', 'Ozuma', 'Mariam', 'Kyouju', 'Zagart, Zeo', 'Daitenji, Kogorou']	['Takano, Urara', 'Hisakawa, Aya', 'Kumai, Motoko', 'Orikasa, Ai', 'Kikuchi, Shiho', 'Kaida, Yuki', 'Komatsu, Yuka', 'Kuwashima, Houko', 'Yanai, Hisayo', 'Ooki, Tamio']	[['Takeuchi, Yoshio', 'Director, Series Composition'], ['Hayase, Hiroyuki', 'Sound Director'], ['Sekita, Osamu', 'Script'], ['Yatabe, Katsuyoshi', 'Storyboard']]
