animeTitle	animeType	animeNumEpisode	releaseDate	endDate	animeNumMembers	animeScore	animeUsers	animeRank	animePopularity	animeDescription	animeRelated	animeCharacters	animeVoices	animeStaff
Amaenaide yo!! Katsu!!	TV	12	2006-01-04	2006-03-22	47170	6.68	24312	5173	2576	"In this sequel, a girl named Kazusano Kazuki joins up with the 6 girls and Ikko. With Kazuki around, Ikko will find himself in more embarrassing situations with these priestesses-in-training.


(Source: ANN)"	['Amaenaide yo!!', 'Amaenaide yo!! Katsu!!: Damasarenaide yo!!']	['Nanbu, Chitose', 'Kazusano, Kazuki', 'Satonaka, Ikkou', 'Sugai, Hinata', 'Amanogawa, Haruka', 'Atouda, Yuuko', 'Ikuina, Sumi', 'Amanogawa, Miyako', 'Sugai, Sakura', 'Yanagi']	['Nakahara, Mai', 'Sanada, Asami', 'Suzuki, Chihiro', 'Shintani, Ryouko', 'Watanabe, Akeno', 'Higuchi, Chieko', 'Kawakami, Tomoko', 'Mitsuishi, Kotono', 'Nanao, Haruhi', 'Hatano, Wataru']	[['Motonaga, Keitarou', 'Director'], ['Sokuza, Makoto', 'Episode Director, Storyboard'], ['Ishikura, Kenichi', 'Episode Director'], ['Uezu, Makoto', 'Script, Series Composition']]
