animeTitle	animeType	animeNumEpisode	releaseDate	endDate	animeNumMembers	animeScore	animeUsers	animeRank	animePopularity	animeDescription	animeRelated	animeCharacters	animeVoices	animeStaff
Goshuushou-sama Ninomiya-kun	TV	12	2007-10-05	2007-12-21	91089	6.69	44942	5157	1732	"Shungo Ninomiya is just an ordinary, run-of-the-mill high school student who lives at home with his older sister Ryoko—at least when she's not away doing her job as a mercenary. However, Shungo's life ceases to be normal the moment a cute girl named Mayu Tsukimura descends into the middle of his school's campus in a military-grade helicopter. It turns out Ryoko sent this girl, along with her older brother Mikihiro, to live at the Ninomiya household.


But the newly-arrived siblings are a little special: Mayu is, in fact, a succubus and her brother, an incubus! And as if the circumstances are not problematic enough, Mayu is crippled with androphobia—the fear of men—and it's up to Shungo to help her overcome this at the behest of his sister. Ryoko plans to force Mayu to be closer to Shungo, and to do this, she’ll employ some questionable methods such as having them share the same bed and even take baths together. 


The situation further complicates when student council president Reika Houjou arrives as the new maid of the Ninomiya family, and she will stop at nothing to thwart Shungo and Mayu’s sexually-geared training. With the sudden arrival of all these oddities, Shungo's ordinary life is about to be thrown into utter turmoil.


[Written by MAL Rewrite]"	['Goshuushou-sama Ninomiya-kun']	['Tsukimura, Mayu', 'Houjou, Reika', 'Ninomiya, Shungo', 'Ninomiya, Ryouko', 'Kirishima, Shinobu', 'Ayakawa, Hinako', 'Tsukimura, Mikihiro', 'Hosaka, Mitsuru', 'Yoshida, Heisuke', 'Okushiro, Irori']	['Kadowaki, Mai', 'Sawashiro, Miyuki', 'Majima, Junji', 'Neya, Michiko', 'Chiba, Saeko', 'Akesaka, Satomi', 'Narita, Ken', 'Miyata, Kouki', 'Kondou, Takashi', 'Tsunakake, Hiromi']	[['Yoshikawa, Kouji', 'Director'], ['Iwanami, Yoshikazu', 'Sound Director'], ['Shiraishi, Michita', 'Episode Director'], ['Abe, Masashi', 'Episode Director']]
