animeTitle	animeType	animeNumEpisode	releaseDate	endDate	animeNumMembers	animeScore	animeUsers	animeRank	animePopularity	animeDescription	animeRelated	animeCharacters	animeVoices	animeStaff
30-sai no Hoken Taiiku	TV	12	2011-04-07	2011-06-23	57089	6.68	23408	5171	2325	"Based on Mitsuba and Ichijinsha's 30-sai no Hoken Taiiku (Health and Physical Education for 30-Year-Olds) guidebook. The guide is aimed at men in their 30s who have not experienced romance or sex with women yet.


Imagawa Hayao is a 30-year-old virgin bachelor. One day, a cupid descends from heaven with the express purpose of forcing him to graduate from virginity. Thus unfolds a pure love story between a 30-year-old bachelor and a 30-year-old bachelorette.


(Source: AniDB)"	['30-sai no Hoken Taiiku Specials']	['Andou, Natsu', 'Imagawa, Hayao', 'Macaron', 'Daigorou', 'Pii-chan', 'Kuu-chan', 'Hoshi, Ginga', 'Dorm Supervisor', 'Mo', 'Wada-san']	['Nazuka, Kaori', 'Shimono, Hiro', 'Watanabe, Yui', 'Okiayu, Ryoutarou', 'Kitamura, Eri', 'Kushida, Yasumichi', 'Sakamoto, Raikou', 'Akutsu, Kana', 'Nabatame, Hitomi']	[['Mankyuu', 'Director'], ['Yamada, Haru', 'Sound Director'], ['Kasugamori, Haruki', 'Episode Director, Storyboard'], ['Takata, Masahiro', 'Episode Director, Storyboard, Assistant Director']]
