animeTitle	animeType	animeNumEpisode	releaseDate	endDate	animeNumMembers	animeScore	animeUsers	animeRank	animePopularity	animeDescription	animeRelated	animeCharacters	animeVoices	animeStaff
Lupin III: Napoleon no Jisho wo Ubae	Special	1	1991-08-09		5295	6.68	2088	5199	6840	"Lupin has a lively time of it this time in a classic car race from Madrid to Paris. The race prize is Napoleon's dictionary, which contains the key to the Treasure of the Empire, something that just about everybody seems to be after. Lupin and his buddies take off after the prize, pursued not only by the perennial Inspector, but also by an army of secret agents from around the world. Classic cars and state-of-the-art weapons heighten the speed and thrills of this adventure.


(Source: AniDB)"	['Lupin III']	['Lupin III, Arsene', 'Jigen, Daisuke', 'Mine, Fujiko', 'Ishikawa XIII, Goemon', 'Zenigata, Kouichi']	['Yamada, Yasuo', 'Kobayashi, Kiyoshi', 'Masuyama, Eiko', 'Inoue, Makio', 'Naya, Gorou']	[['Dezaki, Osamu', 'Director, Animation Director'], ['Kawagoe, Jun', 'Director'], ['Nakamura, Ryuutarou', 'Storyboard'], ['Monkey Punch', 'Original Creator']]
