animeTitle	animeType	animeNumEpisode	releaseDate	endDate	animeNumMembers	animeScore	animeUsers	animeRank	animePopularity	animeDescription	animeRelated	animeCharacters	animeVoices	animeStaff
Concrete Revolutio: Choujin Gensou	TV	13	2015-10-04	2015-12-27	80601	6.69	22569	5153	1887	"On a sunny July day in the 41st year of the Shinka Era, Jirou Hitoyoshi is tasked with covertly listening in on a secret meeting between a top government scientist and an industrial spy. However, his cover is blown, and the spy reveals himself to be an alien in disguise. Amidst the ensuing chaos, Jirou enlists the aid of cafe waitress and magical girl Kikko Hoshino, one of many ""superhumans"" who blend into society and secretly protect humanity from extraterrestrial threats. As a member of the government agency known as the Super Population Research Laboratory, Jirou has the dual task of protecting superhumans that defend humanity and disposing of any deemed too dangerous to live. Having proven herself a worthy ally, Kikko is invited to join the agency as its newest recruit.


Fast forward five years: disapproval and distaste for superhumans are now commonplace in Tokyo. From government corruption and conflicting ideas of justice, to the morality of superhuman rights, the relationship between humans and the supernatural minority balances precariously in a world pervaded by whispers of unrest and unease. Under mysterious circumstances, Jirou has betrayed the agency, and is now a fugitive on the run. As he skulks through the rainy back alleys of Shinjuku, he is pursued by the very same superhumans that he himself once recruited.


[Written by MAL Rewrite]"	['Concrete Revolutio: Choujin Gensou', 'Concrete Revolutio: Choujin Gensou - The Last Song']	['Hitoyoshi, Jirou', 'Hoshino, Kikko', 'Kino, Emi', 'Earth-chan', 'Shiba, Raito', 'Fuurouta', 'Yoshimura, Hyouma', 'Otonashi, Yumihiko', 'Onda', 'Campe']	['Ishikawa, Kaito', 'Uesaka, Sumire', 'Toyosaki, Aki', 'Taketatsu, Ayana', 'Suzumura, Kenichi', 'Nakamura, Eriko', 'Kawashima, Tokuyoshi', 'Murase, Ayumu', 'Ogino, Seirou', 'Mizuki, Nana']	[['Mizushima, Seiji', 'Director'], ['Mima, Masafumi', 'Sound Director'], ['Suzuki, Norimitsu', 'Episode Director, Storyboard, Key Animation'], ['Kamei, Osamu', 'Episode Director, Storyboard']]
