animeTitle	animeType	animeNumEpisode	releaseDate	endDate	animeNumMembers	animeScore	animeUsers	animeRank	animePopularity	animeDescription	animeRelated	animeCharacters	animeVoices	animeStaff
Jewelpet	TV	52	2009-04-05	2010-03-28	9964	6.69	2708	5161	5309	"When what looks to be a cluster of shooting stars appear in the sky, Rinko Kougyoku and her friend Minami each make a wish.


What the girls truly saw were not stars, but 'Jewel Charms' falling to the Earth. These charms were created by three magicians in a magical world names Jewel Land, each housing one of its many native Jewelpets. Although these creatures are free to roam the world in their original form, the magicians sometimes turn them into charms so that they can be carried around with great ease. Most Jewelpets don't find this troublesome, but once a mischievous bunny by the name of Ruby feels overly claustrophobic, she devises her escape.


One day, the magicians decide to move the Jewelpets, and task a pelican with delivering them to the Dream Forest. All is well until a strong gust of wind disorients the bird, who then drops all of the charms that he was carrying. Instead of heading towards the Dream Forest, all the Jewelpets but Ruby fall to Rinko’s home city on Earth. Someone must go and retrieve them all, and as Ruby was the worst-behaved of the bunch, she is given the task of going to Earth.


When Ruby reaches Earth in the form of a red Jewel Charm, she falls into Rinko’s water glass, and thus begins a rather unexpected adventure. Rinko, Minami, and Ruby form an alliance to search and gather all of the fallen charms, encountering strange creatures and tons of helpful allies along the way. Will they be able to succesfully bring the Jewelpets home safely, or is Earth full of more danger than they had expected? "	['Jewel Pet', 'Jewelpet Twinkle☆', 'Jewelpet Sunshine', 'Jewelpet Kira☆Deco!', 'Jewelpet Movie: Sweets Dance Princess', 'Jewelpet Happiness', 'Lady Jewelpet', 'Jewelpet Magical Change', 'Jewelpet: Attack Chance!?', 'Jewelpet: Attack Travel!']	['Ruby', 'Sapphie', 'Garnet', 'Kougyoku, Rinko', 'Arisugawa, Aoi', 'Diana', 'Asaoka, Minami', 'Labra', 'Dian', 'Sango']	['Saitou, Ayaka', 'Sasaki, Nozomi', 'Hirano, Aya', 'Kamei, Eri', 'Sawashiro, Miyuki', 'Shishido, Rumi', 'Akina', 'Fukuyama, Jun', 'Sakai, Rei']	[['Watanabe, Kazuya', 'Producer'], ['Hiramitsu, Takuya', 'Sound Director'], ['Ishiodori, Hiroshi', 'Episode Director, Storyboard'], ['Tanaka, Tomoya', 'Episode Director']]
