animeTitle	animeType	animeNumEpisode	releaseDate	endDate	animeNumMembers	animeScore	animeUsers	animeRank	animePopularity	animeDescription	animeRelated	animeCharacters	animeVoices	animeStaff
Dahufa	Movie	1	2017-07-13		656	6.68	160	5183	12294	"A warrior named Da Hufa goes to save his prince from a dystopian village. He finds the dystopian village ruled by a fake God and his guards. In order to save the prince, Da hufa has to defeat the God and his men and discloses the whole conspiracy.


(Source: IMBD)"		['Dahufa']		[['Dahufa', 'Main']]
