animeTitle	animeType	animeNumEpisode	releaseDate	endDate	animeNumMembers	animeScore	animeUsers	animeRank	animePopularity	animeDescription	animeRelated	animeCharacters	animeVoices	animeStaff
Mayoi Neko Overrun!	TV	13	2010-04-06	2010-06-29	126642	6.69	53798	5170	1345	"Takumi Tsuzuki is a high school student who attends the Umenomori Private Academy, free of charge, alongside Fumino Serizawa, a childhood friend of his whom always says the opposite of what she feels. He spends most of his time at school fending off Chise Umenomori, the granddaughter of the board chairman and a pampered princess, who is constantly roping him into her eccentric hobbies. After school, he goes to work at the ""Stray Cats"" confectionery, a cake shop run by his adoptive older sister, Otome Tsuzuki, until it's time to go to bed. This is the average routine in the day and the life of Takumi.

Mayoi Neko Overrun follows another seemingly average day in the life of Takumi. With his sister away from the shop, having gone to save someone else in need of help, Fumino takes it upon herself to wake him up so that he won't be late for their usual walk to school together, giving him a glimpse of her blue and white striped panties in the process. What a nice way to start the day.


When Otome returns home, she brings with her a girl named Nozomi Kiriya, whose hair and mannerisms resemble that of a large cat. It turns out that she is a runaway that Otome can't help but take in. Takumi's ordinary days are transformed into splendid chaos as he tries to unravel who this mysterious beauty is and what she's running away from..."	['Mayoi Neko Overrun!', 'Mayoi Neko Overrun! Specials']	['Kiriya, Nozomi', 'Serizawa, Fumino', 'Umenomori, Chise', 'Tsuzuki, Takumi', 'Tsuzuki, Otome', 'Chikumaen, Kaho', 'Kikuchi, Ieyasu', 'Suzuki', 'Satou', 'Fujino, Tamao']	['Taketatsu, Ayana', 'Itou, Kanae', 'Iguchi, Yuka', 'Okamoto, Nobuhiko', 'Satou, Satomi', 'Tamura, Yukari', 'Yoshino, Hiroyuki', 'Arai, Satomi', 'Satou, Rina', 'Nanri, Yuuka']	[['Kasai, Kenichi', 'Producer'], ['Kawase, Kouhei', 'Producer'], ['Nakayama, Nobuhiro', 'Producer'], ['Matsuura, Hiroaki', 'Producer']]
