animeTitle	animeType	animeNumEpisode	releaseDate	endDate	animeNumMembers	animeScore	animeUsers	animeRank	animePopularity	animeDescription	animeRelated	animeCharacters	animeVoices	animeStaff
Eureka Seven AO	TV	24	2012-04-13	2012-11-20	88619	6.68	37164	5184	1774	"The story is set on Okinawa's isolated island of Iwado, which has seen a growing movement advocating a return to an autonomous government. Ao Fukai, a 12-year-old boy with a missing father, lives on the island with an old doctor named Toshio and is about to enter middle school. Ao's mother was taken away a decade ago by unknown individuals. Naru Arata, Ao's 12-year-old childhood friend and the story's heroine, lives with her father, older sister, and grandmother. She has a ""Yuta"" power awakened within her due to an incident when she was young. A mysterious entity called ""Secret"" suddenly appears and launches an attack on the Scub Coral lifeform on the island. Ao launches a certain military FP called ""Nirvash"" aboard a Japanese military transport in his fervent desire to protect the island. 


(Source: FUNimation) "	"['Eureka Seven AO', 'Koukyoushihen Eureka Seven', 'Eureka Seven AO: Jungfrau no Hanabana-tachi', 'Aratanari Fukaki Ao', ""Eureka Seven AO: One More Time - Lord Don't Slow Me Down""]"	['Fukai, Ao', 'Blanc, Fleur', 'Peoples, Elena', 'Arata, Naru', 'Eureka', 'Thurston, Renton', 'Truth', 'Tanović, Ivica', 'Secretary Of State', 'Kwan, Maggie']	['Honjou, Yuutaro', 'Ohashi, Ayaka', 'Omigawa, Chiaki', 'Miyamoto, Kanako', 'Nazuka, Kaori', 'Fujiwara, Keiji', 'Inoue, Kazuhiko', 'Gotou, Tetsuo', 'Fujimura, Ayumi']	[['Kyouda, Tomoki', 'Director, Storyboard'], ['Wakabayashi, Kazuhiro', 'Sound Director'], ['Tamura, Koutarou', 'Episode Director, Storyboard'], ['Wada, Junichi', 'Episode Director']]
