animeTitle	animeType	animeNumEpisode	releaseDate	endDate	animeNumMembers	animeScore	animeUsers	animeRank	animePopularity	animeDescription	animeRelated	animeCharacters	animeVoices	animeStaff
Coo: Tooi Umi kara Kita Coo	Movie	1	1993-12-19		1897	6.68	621	5182	9565	"Obata Yousuke lives on Pagopago in the Fiji archipelago with his father Tetsuo, a specialist in oceanographic biology. After a storm strikes the island, Yousuke rides to the lagoon with his Jet Ski and finds a strange baby dinosaur there. He takes it to his father's laboratory and names it Coo.


Coo grows and seems to be a large marine reptile (a baby plesiosaur) which lived there some 65 million years ago. But Coo soon becomes an object of interest for the French secret service, assigned to protect the nuclear interests of France in that otherwise peaceful part of the world. 


(Source: AniDB)"		['Obata, Yousuke', 'Nozaki, Cathy']	['Yamazaki, Yuuta', 'Yamaguchi, Tomoko']	[['Imazawa, Tetsuo', 'Director'], ['Hosoda, Mamoru', 'Assistant Animation Director'], ['Suda, Masami', 'Key Animation'], ['Fukuda, Michio', 'Key Animation']]
