animeTitle	animeType	animeNumEpisode	releaseDate	endDate	animeNumMembers	animeScore	animeUsers	animeRank	animePopularity	animeDescription	animeRelated	animeCharacters	animeVoices	animeStaff
Herlock Saga: Nibelung no Yubiwa	OVA	6	1999-01-25	1999-11-25	5542	6.69	2062	5159	6712	"Captain Herlock is drawn into a saga of intergalactic proportions when the son of a deceased comrade unwittingly forges the Ring of the Niebelung. Evil forces gather to wage war against the last remaining superpowers of the galaxy led by a demented outcast. Herlock must counter the amassed armadas that threaten the last gods and recover the ring before Paradise is lost. 


(Source: ANN)"	['Nibelung no Yubiwa', 'Uchuu Kaizoku Captain Herlock', 'Maetel Legend']	['Captain Herlock', 'Ooyama, Tochirou', 'Maetel', 'Emeraldas', 'Miime', 'Daiba, Tadashi', 'Yattaran', 'Fafner', 'Fasolt', 'Fricka']	['Yamadera, Kouichi', 'Ikeda, Masako', 'Katsuki, Masako', 'Yanaga, Kazuko', 'Seki, Toshihiko', 'Chiba, Shigeru', 'Miki, Shinichiro', 'Koyasu, Takehito', 'Ueda, Miyuki']	[['Takeuchi, Yoshio', 'Director, Storyboard'], ['Okuwaki, Masaharu', 'Storyboard'], ['Otagi, Nozomi', 'Theme Song Performance'], ['Matsumoto, Leiji', 'Original Creator']]
