animeTitle	animeType	animeNumEpisode	releaseDate	endDate	animeNumMembers	animeScore	animeUsers	animeRank	animePopularity	animeDescription	animeRelated	animeCharacters	animeVoices	animeStaff
Grimm Douwa: Kin no Tori	Movie	1	1987-03-14		1634	6.68	525	5189	10003	"""Kin No Tori"" is an adaptation of the homonymous fairy tale ""The Golden Bird"" by Brothers Grimm.


A golden apple is stolen from the King's garden. The King orders his three sons to guard the apples in turn and to find out who is the thief. When the youngest son, Hansu, presents a feather that he got from the golden bird that stole the apple the king sends his three sons to bring this bird to him and so Hansu journey begins. 


Completed in 1984, this film was shelved for three years before being theatrically released."		['Hans', 'Lulu', 'Big Bird', 'White Rose King', 'Prince Croyler', 'Prince Walner', 'King Kaiser', 'Pincess Roland', 'King Kanematch', 'Witch']	['Miwa, Katsue', 'Fujita, Toshiko', 'Yanami, Jouji', 'Aono, Takeshi', 'Furukawa, Toshio', 'Yamamoto, Keiko', 'Miyauchi, Kouhei', 'Konoha, Noko', 'Takiguchi, Junpei', 'Tomiyama, Kei']	"[['Hirata, Toshio', 'Director'], ['Tashiro, Junji', 'Script'], ['Miwa, Katsue', 'Theme Song Performance'], [""Koorogi '73"", 'Theme Song Performance']]"
