animeTitle	animeType	animeNumEpisode	releaseDate	endDate	animeNumMembers	animeScore	animeUsers	animeRank	animePopularity	animeDescription	animeRelated	animeCharacters	animeVoices	animeStaff
Battle Spirits: Burning Soul	TV	51	2015-04-01	2016-03-30	3460	6.68	958	5179	8027	"In the near future, a battle card game called ""Battle Spirits"" has gained enormous popularity. Players of the game—known as ""Battlers""—start duelings everywhere using their color-coded cards with different attributes, creating a ""Sengoku (Warring States) period"" for the game.


(Source: ANN)"	['Saikyou Ginga Ultimate Zero: Battle Spirits', 'Battle Spirits: Double Drive']	['Rekka, Yukimura', 'Kuroda, Kanna', 'Akatsuki, Sasuke', 'Gunjou, Souun', 'Hyakki, Hanzou', 'Homura, Toshiie', 'Shikigami, Ranmaru', 'Shirogane, Kenshin', 'Akai, Nagayori', 'Midoriyama, Okuni']	['Yamashita, Seiichirou', 'Yamashita, Nanami', 'Kanada, Aki', 'Shindou, Kei', 'Majima, Junji', 'Arai, Ryouhei', 'Tamura, Mutsumi', 'Kondou, Takashi', 'Sakaguchi, Shuuhei', 'Oomori, Nichika']	[['Sugishima, Kunihisa', 'Director'], ['Andou, Ryou', 'Episode Director'], ['Itou, Tatsufumi', 'Episode Director, Storyboard'], ['Sasaki, Sayaka', 'Theme Song Performance, Theme Song Lyrics']]
