animeTitle	animeType	animeNumEpisode	releaseDate	endDate	animeNumMembers	animeScore	animeUsers	animeRank	animePopularity	animeDescription	animeRelated	animeCharacters	animeVoices	animeStaff
Bokura no Nanokakan Sensou	Movie	1	2019-12-13		22158	6.68	5937	5180	3841	"Mamoru Suzuhara is an introverted high school student who spends his free time reading up on modern warfare. Upon discovering that his crush, Aya Chiyono, is reluctantly moving away with her family next week, he musters enough courage to ask her to run away with him. Consequently, Mamoru, Aya, and four of their fellow classmates set out and camp in the abandoned Satomi Coal Factory. After enjoying themselves during their first day there, they come to the surprising conclusion that they may not be alone in the factory.

Bokura no Nanokakan Sensou, based on the novel of the same name, is a coming-of-age story about an act of rebellion that evolves into a full-out war against the adults. Meanwhile, the children struggle to open up about their feelings and protect what they hold dear.


[Written by MAL Rewrite]"	['Bokura no Nanokakan Sensou']			[['Arai, Shuuhei', 'Producer'], ['Murano, Yuuta', 'Director'], ['Ookouchi, Ichirou', 'Script'], ['Shimizu, Hiroshi', 'Character Design']]
