animeTitle	animeType	animeNumEpisode	releaseDate	endDate	animeNumMembers	animeScore	animeUsers	animeRank	animePopularity	animeDescription	animeRelated	animeCharacters	animeVoices	animeStaff
Bannou Bunka Neko-Musume	OVA	6	1992-10-21	1994-05-25	10209	6.68	3941	5178	5264	"Ryuunosuke Natsume is the son of genius inventor Kyusaku Natsume and overbearing Akiko Natsume, CEO of Mishima Heavy Industries. Using funds from his wife's company and the brain from his son's beloved cat, Kyusaku creates a revolutionary android called Atsuko ""Nuku Nuku"" Natsume. To Kyusaku's disgust, Akiko wants to use her husband's technology to create weaponized robots for her company's customers, resulting in Ryuunosuke getting caught within the explosive fights between his parents


The android Nuku Nuku tries to live as a normal high school student, adopting the role of Ryuunosuke's elder sister, but usually ends up acting as her family's protector. Nuku Nuku will do anything to protect the ones she loves.


[Written by MAL Rewrite]"	['Bannou Bunka Neko-Musume', 'Bannou Bunka Neko-Musume DASH!', 'Bannou Bunka Neko-Musume (1998)']	['Nuku Nuku', 'Natsume, Kyusaku', 'Natsume, Ryuunosuke', 'Natsume, Akiko', 'Shinichi', 'Arisa', 'Kyouko', 'Hagiwara, Yoshimi', 'Yoshikawa, Eimi']	['Hayashibara, Megumi', 'Kamiya, Akira', 'Ikura, Kazue', 'Shimazu, Saeko', 'Furuta, Nobuyuki', 'Hisakawa, Aya', 'Hiramatsu, Akiko', 'Koorogi, Satomi', 'Kanai, Mika']	[['Watanabe, Jun', 'Sound Director'], ['Mikasa, Osamu', 'Episode Director'], ['Masuo, Shouichi', 'Episode Director'], ['Misawa, Shin', 'Episode Director']]
