animeTitle	animeType	animeNumEpisode	releaseDate	endDate	animeNumMembers	animeScore	animeUsers	animeRank	animePopularity	animeDescription	animeRelated	animeCharacters	animeVoices	animeStaff
Koutetsu Tenshi Kurumi Encore	OVA	4	2000-07-19	2000-10-04	6309	6.68	2956	5198	6378	"Four additional short stories of the Steel Angels: Saki becomes a film actress, Karinka goes on a blind date with Kamihito, Kurumi practices the art of becoming a traditional Japanese woman, and the rest of the Steel Angels engage in a contest to win Nakahito's heart. 


(Source: ANN)"	['Koutetsu Tenshi Kurumi']	['Kurumi', 'Karinka', 'Saki', 'Kagura, Nakahito', 'Kagura, Kamihito', 'Ayanokouji, Tetsuo', 'Kaga', 'Dr. Brandow']	['Enomoto, Atsuko', 'Kurata, Masayo', 'Tanaka, Rie', 'Kuwashima, Houko', 'Matsumoto, Yasunori', 'Suzuoki, Hirotaka', 'Tezuka, Chiharu', 'Morikawa, Toshiyuki']	[['Takahashi, Naohito', 'Director'], ['Tanaka, Rie', 'Theme Song Performance'], ['Enomoto, Atsuko', 'Theme Song Performance'], ['Kurata, Masayo', 'Theme Song Performance']]
