animeTitle	animeType	animeNumEpisode	releaseDate	endDate	animeNumMembers	animeScore	animeUsers	animeRank	animePopularity	animeDescription	animeRelated	animeCharacters	animeVoices	animeStaff
Chou Denji Robo Combattler V	TV	54	1976-04-17	1977-05-28	2940	6.67	844	5252	8427	"The first of Tadao Nagahama's Romance Super Robot Trilogy. (#2: Chou Denji Machine Voltes V, #3: Toushou Daimos)


Thousands of years ago, the people of the planet Campbell decided to leave their planet and seek out new worlds to inhabit. One group, lead by the scientist Oreana, landed on Earth, but was delayed from their mission. In the early 21st century, Oreana's group reawakens and begins their plan to conquer the Earth. The only effective defense against the Campbellians' giant biomechanical slave beasts is the super-electromagnetic robot, Combattler V and its pilots.


(Source: AniDB)"	['Chou Denji Machine Voltes V', 'Toushou Daimos']	['Aoi, Hyouma', 'Professor Yotsuya', 'Kita, Kosuke', 'Naniwa, Juuzou', 'Nanbara, Chizuru', 'Nisikawa, Daisaku', 'Garuda', 'Doctor Nanbara', 'Dungele', 'Miia']	['Mitsuya, Yuuji', 'Chijimatsu, Sachiko', 'Yamada, Keaton', 'Ueda, Miyuki', 'Tatekabe, Kazuya', 'Ichikawa, Osamu', 'Ogata, Kenichi']	[['Nagahama, Tadao', 'Director, Episode Director, Theme Song Lyrics, Chief Animation Director'], ['Tomino, Yoshiyuki', 'Episode Director, Storyboard'], ['Tsuji, Masaki', 'Script'], ['Kaneko, Yutaka', 'Script']]
