animeTitle	animeType	animeNumEpisode	releaseDate	endDate	animeNumMembers	animeScore	animeUsers	animeRank	animePopularity	animeDescription	animeRelated	animeCharacters	animeVoices	animeStaff
Mobile Suit Gundam F91	Movie	1	1991-03-16		25516	6.66	13884	5299	3562	"In the year 123 of the Universal Century, skirmishes between the Federation government and the rebel group Crossbones Vanguard echo across Earth's space colonies. One of these small battles breaks in the hometown of young Seabook Arno, forcing him and his friends to flee and ensnaring them in the political turmoil that is quickly evolving into an all-out war.


Seabook meets Cecily Fairchild, granddaughter of the aristocrat Meitzer Ronah, who seeks to create a new political power called ""Cosmo Babylonia."" Using the Crossbone Vanguard as its muscle, the Ronah family schemes to restore aristocratic rule and establish an economic system that will benefit the nobility, thus devastating the quality of life for the common people of the Earth Sphere.


Seabook is tasked with piloting the Gundam F91, a mobile suit created by his mother, and must choose between protecting the status Federation's status quo or cooperating with Cecily to find a better way of life for all.


[Written by MAL Rewrite]"	['Kidou Senshi Gundam F91', 'Kidou Senshi Gundam F91: Crossbone Vanguard', 'Mobile Suit Victory Gundam', 'Mobile Suit Gundam Unicorn', 'Mobile Suit Gundam: Twilight Axis - Akaki Zan-ei', 'Mobile Suit Gundam: Hikaru Inochi Chronicle U.C.']	['Arno, Seabook', 'Fairchild, Cecily', 'Ronah, Carozzo', 'Chareux, Zabine', 'Maujin, Migen', 'Editoh, Minmi', 'Arno, Monica', 'Panopa, Manuela', 'Edaberry, Leahlee', 'Hein, Kochun']	['Tsujitani, Kouji', 'Touma, Yumi', 'Maeda, Masaaki', 'Yanada, Kiyoyuki', 'Koujiro, Chie', 'Chihara, Eriko', 'Shouji, Miyoko', 'Ichiryuusai, Teiyuu', 'Yokoo, Mari', 'Yoshida, Konami']	[['Yatate, Hajime', 'Producer'], ['Tomino, Yoshiyuki', 'Director, Script, Storyboard, Original Creator'], ['Fujino, Sadayoshi', 'Sound Director'], ['Itou, Tsunehisa', 'Script']]
