animeTitle	animeType	animeNumEpisode	releaseDate	endDate	animeNumMembers	animeScore	animeUsers	animeRank	animePopularity	animeDescription	animeRelated	animeCharacters	animeVoices	animeStaff
Dragon Ball Z Movie 01: Ora no Gohan wo Kaese!!	Movie	1	1989-07-15		105457	6.66	66073	5279	1545	"Piccolo is training at a barren cliff when a handful of mysterious enemies attacks and defeats him. These same enemies then go to Mount Paozu to steal Gohan Son's ""Dragon Ball."" Upon arrival, not only do they defeat Gokuu Son's spouse and father-in-law—Chi-Chi and Gyumao, respectively—but they also kidnap Gohan in the process.


Feeling something isn't right, Gokuu rushes home, only to find Chi-Chi lying on the ground as she explains the situation. He then goes to Kame House and borrows the Dragon Radar in order to locate the Dragon Balls and, with them, the enemies and Gohan.


[Written by MAL Rewrite]"	['Dragon Ball Z']	['Son, Gokuu', 'Son, Gohan', 'Piccolo', 'Garlic Junior', 'Bulma', 'Muten-Roushi', 'Kuririn', 'Chi-Chi', 'Shen Long', 'Kami']	['Nozawa, Masako', 'Furukawa, Toshio', 'Kamiya, Akira', 'Tsuru, Hiromi', 'Miyauchi, Kouhei', 'Tanaka, Mayumi', 'Watanabe, Naoko', 'Utsumi, Kenji', 'Aono, Takeshi']	[['Watson, Barry', 'Producer'], ['Nishio, Daisuke', 'Director'], ['Vale, Eric', 'Script'], ['Koyama, Takao', 'Script']]
