animeTitle	animeType	animeNumEpisode	releaseDate	endDate	animeNumMembers	animeScore	animeUsers	animeRank	animePopularity	animeDescription	animeRelated	animeCharacters	animeVoices	animeStaff
Ginyuu Mokushiroku Meine Liebe Wieder	TV	13	2006-01-22	2006-04-13	6833	6.66	2069	5285	6177	"The Strahl candidates are enjoying a brief holiday in their various homes. However, many surprises await them when they finally come back to their elite boarding school: Rosenstolz Academy. There is a new headmaster, and his policies are not necessarily to the advantage of the main characters. 


(Source: Wikipedia)"	['Meine Liebe: Eien Naru Traumerei', 'Ginyuu Mokushiroku Meine Liebe']	['Herzog von Mohn Nahe Liechtenstein, Ludwig', 'Pfalzgraf von Silvaner Lüneburg, Camus', 'Ishizuki, Naoji', 'Fürst von Marmelade Nahe Görz, Orpherus', 'Markgraf von Sekt Braunschweig, Eduard', 'Cavendish, Sir Isaac', 'Nicolas', 'Elmunt', 'Gerald', 'Daniel']	['Seki, Toshihiko', 'Hoshi, Souichirou', 'Ishida, Akira', 'Sakurai, Takahiro', 'Seki, Tomokazu', 'Koyasu, Takehito', 'Matsukaze, Masaya', 'Tsuda, Kenjirou', 'Maeda, Takeshi', 'Itou, Kentarou']	[['Kawatsura, Shinya', 'Director'], ['Omode, Akemi', 'Script'], ['Yamashita, Yoshimitsu', 'Storyboard, Animation Director, Character Design'], ['A9', 'Theme Song Performance']]
