animeTitle	animeType	animeNumEpisode	releaseDate	endDate	animeNumMembers	animeScore	animeUsers	animeRank	animePopularity	animeDescription	animeRelated	animeCharacters	animeVoices	animeStaff
Dan Doh!!	TV	26	2004-04-03	2004-09-25	3720	6.67	1425	5255	7832	"Dandoh was playing a baseball game with friends Yuka and Kohei and hits a wild fly ball which crashes into the principal's potted plants. Rather than getting mad, the principal admires Dandoh's swing and introduces him to the world of golf. It's now an adventure in golf as Dandoh is under the watchful eye of a former pro-golfer. They enter a tournament together and play for a shot at the national championships.


(Source: ANN)"	['Dan Doh!!']	['Aoba, Tadamichi', 'Sunada, Yuka', 'Akano, Takuya', 'Mikiyasu, Shinjo', 'Ooike, Kouhei', 'Kazama, Ryuuji', 'Aoba, Kyoko']	['Kobayashi, Yuu', 'Hirayama, Aya', 'Inada, Tetsu', 'Nakahara, Shigeru', 'Ichita, Rie', 'Noda, Junko']	[['Shizuno, Koubun', 'Co-Director'], ['Oomori, Hidetoshi', 'Director, Storyboard, Character Design, Animation Director'], ['Watanabe, Jun', 'Sound Director'], ['Shimomura, Yoko', 'Music']]
