animeTitle	animeType	animeNumEpisode	releaseDate	endDate	animeNumMembers	animeScore	animeUsers	animeRank	animePopularity	animeDescription	animeRelated	animeCharacters	animeVoices	animeStaff
.hack//Unison	Special	1	2003-10-24		22192	6.66	10493	5272	3813	"Somewhere in the MMORPG called ""The World,"" a group is gathered at a pub, awaiting the start of an event. There, old friends and acquaintances are reunited, including those who rarely log on. Some are even forging new relationships for the first time. Together, invited by the hacker Helba, the group leaves for the event in the Net Slums where a celebration awaits them all.


[Written by MAL Rewrite]"	['.hack//Sign']	['Tsukasa', 'Subaru', 'Kite', 'Balmung', 'Sora', 'Mimiru', 'Bear', 'Crim', 'Blackrose', 'Aura']	['Saiga, Mitsuki', 'Nazuka, Kaori', 'Aida, Sayaka', 'Freeman, Crispin', 'Yanaka, Hiroshi', 'Toyoguchi, Megumi', 'Nakata, Kazuhiro', 'Miki, Shinichiro', 'Asano, Masumi', 'Sakamoto, Maaya']	[['Takagi, Kazunori', 'Producer'], ['Morimoto, Kouji', 'Producer'], ['Egawa, Kuninori', 'Producer'], ['Mashimo, Kouichi', 'Director, Sound Director, Script, Storyboard']]
