animeTitle	animeType	animeNumEpisode	releaseDate	endDate	animeNumMembers	animeScore	animeUsers	animeRank	animePopularity	animeDescription	animeRelated	animeCharacters	animeVoices	animeStaff
Kyouryuu Boukenki Jura Tripper	TV	39	1995-04-02	1995-12-24	1564	6.66	426	5294	10083	"On a school yachting trip, fifteen children of various ages are mysteriously transported to another world where dinosaurs still roam. While attempting to return home, they encounter talking dinosaurs, revolutionaries, pirates, a princess and primitive scientists. These unlikely allies help them escape from soldiers, bandits, vicious dinosaurs, and fanatical priests. Aggression between the two oldest boys leads to a split in ranks, and a sneaky double cross plot. Unlikely romances bloom in this tense atmosphere, and the group learns that each has strengths that can help them get home, if they work together. Losely based on the book Deux ans De Vacances, by Jules Verne from 1888.


(Source: ANN)"		['God', 'Tiger', 'Shachou', 'Hime', 'Kashira', 'Hakase', 'Jueru', 'Ajari', 'Mosar', 'Danmari']	['Ishino, Ryuuzou', 'Amano, Yuri', 'Miki, Shinichiro', 'Mizutani, Yuuko', 'Kikuchi, Masami', 'Neya, Michiko', 'Hayashibara, Megumi', 'Orikasa, Ai', 'Matsumoto, Yasunori', 'Takemasa, Hiroko']	[['Yuyama, Kunihiko', 'Director, Episode Director, Script, Storyboard'], ['Tanaka, Hideyuki', 'Sound Director'], ['Komura, Toshiaki', 'Episode Director'], ['Yatabe, Katsuyoshi', 'Script, Screenplay']]
