animeTitle	animeType	animeNumEpisode	releaseDate	endDate	animeNumMembers	animeScore	animeUsers	animeRank	animePopularity	animeDescription	animeRelated	animeCharacters	animeVoices	animeStaff
Monster Strike The Animation	ONA	63	2018-07-08	2019-12-31	4550	6.66	613	5300	7293	"The Angelic Guard, who call the heavens their home, have been tasked with collecting the orbs scattered across the world. Lucifer—a leader of the Angelic Guard with a rebellious streak, said to wield power rivaling the Almighty—carries out her duty along with Uriel, also a leader of the guard. Together, they go about executing their mission, until Holy Magistrate Keter—the one who leads the heavens under the Almighty's will—tells Uriel of Lucifer's planned rebellion. Initially in disbelief, Uriel then learns that the accusations against Lucifer may be connected to an event that once threatened to shatter the heavens.


(Source: Official YouTube Channel)"	['Monster Strike the Movie: Sora no Kanata', 'Monster Strike the Movie: Lucifer - Zetsubou no Yoake', 'Monster Strike The Animation Episode 0']	['Lucifer', 'Pandora', 'Gabriel', 'Binah', 'Arthur', 'Solomon', 'Noah', 'Uriel', 'Merlin', 'Mystery Box Monster']	['Hikasa, Youko', 'Hidaka, Rina', 'Horie, Yui', 'Mizuki, Nana', 'Uchida, Maaya', 'Saitou, Souma', 'Komatsu, Mikako', 'Fukuen, Misato', 'Yamamoto, Itaru']	[['Mizuki, Nana', 'Theme Song Performance'], ['Ooishi, Masayoshi', 'Theme Song Performance'], ['Knock Out Monkey', 'Theme Song Performance']]
