animeTitle	animeType	animeNumEpisode	releaseDate	endDate	animeNumMembers	animeScore	animeUsers	animeRank	animePopularity	animeDescription	animeRelated	animeCharacters	animeVoices	animeStaff
Kiss x Sis (TV)	TV	12	2010-04-05	2010-06-21	500676	6.67	289626	5267	324	"After Keita Suminoe's mother passed away, his father promptly remarried, introducing two step-sisters into Keita's life: twins Ako and Riko. But since their fateful first encounter, a surge of incestuous love for their younger brother overcame the girls, beginning a lifelong feud for his heart.


Now at the end of his middle school career, Keita studies fervently to be able to attend Ako and Riko's high school. While doing so however, he must resolve his conflicting feelings for his siblings and either reject or succumb to his sisters' intimate advances. Fortunately—or perhaps unfortunately for Keita—his sisters aren't the only women lusting after him, and there's no telling when the allure of temptation will get the better of the boy as well.


[Written by MAL Rewrite]"	['Kiss x Sis']	['Suminoe, Riko', 'Suminoe, Ako', 'Suminoe, Keita', 'Kiryuu, Yuuzuki', 'Suminoe, Father', 'Mikuni, Miharu', 'Kiryuu, Mikazuki', 'Suminoe, Mother', 'Edogawa, Toda']	['Tatsumi, Yuiko', 'Taketatsu, Ayana', 'Takeuchi, Ken', 'Imai, Asami', 'Shimura, Tomoyuki', 'Nagata, Yoriko', 'Oogame, Asuka', 'Hanba, Tomoe', 'Furushima, Kiyotaka']	[['Nawa, Munenori', 'Director, Storyboard'], ['Kikuta, Hiromi', 'Sound Director'], ['Koshida, Tomoaki', 'Episode Director'], ['Suzuki, Masashi', 'Script']]
