animeTitle	animeType	animeNumEpisode	releaseDate	endDate	animeNumMembers	animeScore	animeUsers	animeRank	animePopularity	animeDescription	animeRelated	animeCharacters	animeVoices	animeStaff
Mobile Suit Gundam 0083: The Fading Light of Zeon	Movie	1	1992-08-29		7767	6.66	2845	5298	5868	"U.C. 0083 - Three years after the end of the catastrophic One Year War, peace on Earth and the colonies is shattered by the presence of the Delaz Fleet, a rogue Zeon military group loyal to the ideals of the late dictator Gihren Zabi. Delaz Fleet`s ace pilot Anavel Gato, once hailed as ""The Nightmare of Solomon"", infiltrates the Federation`s Torrington base in Australia and steals the nuclear-armed Gundam GP02A ""Physalis"" prototype. Rookie pilot Kou Uraki - with the aid of Anaheim Electronics engineer Nina Purpleton and the crew of the carrier Albion - pilots the Gundam GP01 ""Zephyranthes"" prototype in an attempt to recover the stolen Gundam unit and prevent another war from breaking out. 


(Source: AniDB)"	['Kidou Senshi Gundam 0083: Hoshikuzu no Eiyuu - Operation Stardust', 'Mobile Suit Gundam 0083: Stardust Memory']	['Gato, Anavel', 'Uraki, Kou', 'Purpleton, Nina', 'Garahau, Cima', 'Burning, South', 'Layzner, Kelly', 'Delaz, Aiguille']	['Ootsuka, Akio', 'Horikawa, Ryo', 'Sakuma, Rei', 'Mashiba, Mari', 'Sugawara, Masashi', 'Genda, Tesshou']	[['Yatate, Hajime', 'Producer'], ['Ueda, Masuo', 'Producer'], ['Minami, Masahiko', 'Assistant Producer'], ['Imanishi, Takashi', 'Director, Episode Director, Storyboard']]
