animeTitle	animeType	animeNumEpisode	releaseDate	endDate	animeNumMembers	animeScore	animeUsers	animeRank	animePopularity	animeDescription	animeRelated	animeCharacters	animeVoices	animeStaff
Bakegyamon	TV	51	2006-04-03	2007-03-26	2924	6.66	651	5273	8447	"Sanshirou's chances of having an adventure are slim to none in his tiny island hometown, until the day a mysterious stranger invites him to play a game... Without warning, Sanshirou is taken to a backwards universe to play BakéGyamon—a game pitting monsters against monsters. Along the way he meets other players who have a particular reason for being there—to obtain the wish that is granted to the winner. But how far can Sanshirou get when the monsters he's been paired with are a bunch of little mud balls?!


(Source: VIZ Media)"	['Bakegyamon']	['Saegusa, Toshio', 'Tamon, Sanshiro', 'Sugai, Masato', 'Fue', 'Kimidori', 'Kawaguchi, Mikiharu', 'Satomura, Shu', 'Oki, Sayaka', 'Hino, Aki']	['Saiga, Mitsuki', 'Kobayashi, Yumiko', 'Namikawa, Daisuke', 'Gouda, Hozumi', 'Fukuhara, Kaori', 'Katou, Nanae', 'Yasumura, Makoto', 'Sakuragi, Amisa', 'Yukana']	[['Negishi, Hiroshi', 'Director'], ['Saiga, Mitsuki', 'Theme Song Performance'], ['Fukuhara, Kaori', 'Theme Song Performance'], ['Chafurin', 'Theme Song Performance']]
