animeTitle	animeType	animeNumEpisode	releaseDate	endDate	animeNumMembers	animeScore	animeUsers	animeRank	animePopularity	animeDescription	animeRelated	animeCharacters	animeVoices	animeStaff
Hina Logi: From Luck & Logic	TV	12	2017-07-01	2017-09-23	25523	6.66	7611	5289	3572	"Liones Yelistratova, a pure princess from a small country, enters a school in Hokkaido on a spring day. The school is a specialized educational institution operated by ALCA to train Logicalists, who maintain world peace. Liones enters class S, where she meets many classmates with unique personalities, like Nina. A lively and cute everyday life begins now.


(Source: MAL News)"	['Hina Logi: From Luck & Logic - Amakuchi', 'Luck & Logic']	['Yelistratova, Liones', 'Alexandrovna, Nina', 'Tachibana, Yayoi', 'Kyoubashi, Mahiro', 'Morigaya, Yuuko', 'Asuha, Mana', 'Maxwell, Chloë', 'Gakuenchou', 'Lion no Otousan', 'Ananko, Veronica']	['Asahina, Madoka', 'Yamamura, Hibiku', 'Mimori, Suzuko', 'Takamori, Natsumi', 'Ueda, Kana', 'Minase, Inori', 'Tokui, Sora', 'Yajima, Akiko', 'Koyama, Rikiya', 'Mizuno, Risa']	[['Akagi, Hiroaki', 'Director, Episode Director, Storyboard'], ['Enomoto, Takahiro', 'Sound Director'], ['Haraguchi, Hiroshi', 'Episode Director, Storyboard'], ['Shirahata, Yoshiyuki', 'Episode Director, Storyboard']]
