animeTitle	animeType	animeNumEpisode	releaseDate	endDate	animeNumMembers	animeScore	animeUsers	animeRank	animePopularity	animeDescription	animeRelated	animeCharacters	animeVoices	animeStaff
Dondon Dommel to Ron	TV	52	1988-04-05	1989-03-27	921	6.66	390	5278	11340	"Dommel is a lazy dog who does nothing more than eating and sleeping. His owner, Semafoor, is an inventor of the strangest things you could imagine. Together this becomes a mix for some funny events.


(Source: ANN)"		['Ron', 'Dommel', 'Police', 'Blacky', 'Bob', 'Beatrice', 'Cherry']	['Kimotsuki, Kaneta', 'Yamadera, Kouichi', 'Matsumoto, Rica', 'Tarako', 'Sugiyama, Kazuko', 'Tominaga, Miina']	[['Sasagawa, Hiroshi', 'Director'], ['Kramer, Steve', 'Script'], ['Arisawa, Takanori', 'Music']]
