animeTitle	animeType	animeNumEpisode	releaseDate	endDate	animeNumMembers	animeScore	animeUsers	animeRank	animePopularity	animeDescription	animeRelated	animeCharacters	animeVoices	animeStaff
Chibi Maruko-chan Movie: Italia kara Kita Shounen	Movie	1	2015-12-23		702	6.67	237	5251	12078	"When six international students descend on Shimizu for a homestay, an Italian boy takes an unusual liking to Maruko, who isn't too impressed by the situation. Can she put aside her annoyance in order to help him connect to the memory of one of his closest family members? Join the expansive cast of Chibi Maruko-chan as they embark on their first cinematic adventure in 23 years!


(Source: MaruChanSubs)"	['Chibi Maruko-chan: Kimi wo Wasurenai yo', 'Chibi Maruko-chan (1995)']	['Sakura, Momoko', 'Sakura, Sakiko', 'Sakura, Tomozou', 'Yamada, Shouta', 'Yamane, Tsuyoshi', 'Hanawa, Kazuhiko', 'Oono, Kenichi', 'Nagasawa, Kimio', 'Sugiyama, Satoshi', 'Fujiki, Shigeru']	['Tarako', 'Mizutani, Yuuko', 'Shimada, Bin', 'Yamamoto, Keiko', 'Suyama, Akio', 'Kikuchi, Masami', 'Numata, Yusuke', 'Chafurin', 'Mayama, Ako', 'Naka, Tomoko']	[['Ohara, Sakurako', 'Theme Song Performance']]
