animeTitle	animeType	animeNumEpisode	releaseDate	endDate	animeNumMembers	animeScore	animeUsers	animeRank	animePopularity	animeDescription	animeRelated	animeCharacters	animeVoices	animeStaff
Juubee-chan: Lovely Gantai no Himitsu	TV	13	1999-04-06	1999-06-29	16862	6.66	6722	5291	4314	"Jiyu Nanohana is an ordinary schoolgirl until she runs across a scatterbrained 300 year old samurai who tells her that she is the reincarnation of Yagyu Jubei. With the help of the ""Lovely Eyepatch"" she transforms into the legendary swordsman whenever she needs to use his awesome fighting ability, which she needs to do quite often as a rival clan is dead set on conquering Yagyu to satisfy an old family grudge.

(Source: ANN)
"	['Juubee-chan 2: Siberia Yagyuu no Gyakushuu']	['Nanohana, Jiyu', 'Odago, Koinosuke', 'Nanohana, Sai', 'Sanbonmatsu, Bantaro', 'Ryujoji, Shiro', 'Yagyu, Jubei', 'Tsumura, Mikage', 'Ryujoji, Hajime', 'Maruyama, Shoko', 'Toyama, Sachi']	['Konishi, Hiroko', 'Okiayu, Ryoutarou', 'Fujiwara, Keiji', 'Ueda, Yuuji', 'Nakazaki, Tatsuya', 'Yasuhara, Reiko', 'Ikoma, Harumi', 'Suzuki, Masami']	[['Daichi, Akitarou', 'Director, Script, Storyboard'], ['Tanaka, Kazuya', 'Sound Director'], ['Araki, Tetsurou', 'Production Manager'], ['Masuda, Toshio', 'Music']]
