animeTitle	animeType	animeNumEpisode	releaseDate	endDate	animeNumMembers	animeScore	animeUsers	animeRank	animePopularity	animeDescription	animeRelated	animeCharacters	animeVoices	animeStaff
Long Riders!	TV	12	2016-10-08	2017-02-05	24562	6.67	8022	5269	3634	"Falling in love at first sight with a collapsible bicycle outside the station, Ami Kurata, first-year university student empties her account without a second thought and buys the bicycle. Now she enjoys weekend cycling trips with Aoi, her childhood friend, and Hinako, a senior at her university. ""Owning a road bike may change your view of the world completely."" Prompted by the comment, Ami purchased a road bike, and she is really impressed with the traveling performance. As soon as she places her feet on the pedals and presses down, everything about riding a road bicycle—the lightness of the pedal, the speed, the acceleration—is nothing like she has ever experienced. Ami's cycle life gets going with the new road cycle as her partner!


(Source: Showgate, edited)"	['Long Riders!', 'Long Riders! Recap']	['Kurata, Ami', 'Saijou, Hinako', 'Niigaki, Aoi', 'Ichinose, Yayoi', 'Takamiya, Saki', 'Saeki, Miya', 'Paca-san', 'Kurata, Emi']	['Touyama, Nao', 'Ookubo, Rumi', 'Igarashi, Hiromi', 'Kurosawa, Yurika', 'Hikasa, Youko', 'Kusuda, Aina', 'Toujou, Sayako', 'Watanabe, Yui']	[['Kisara, Youhei', 'Producer'], ['Yoshihara, Tatsuya', 'Director, Episode Director, Storyboard, Key Animation'], ['Morishita, Hiroto', 'Sound Director'], ['China', 'Episode Director, Storyboard, Animation Director']]
