animeTitle	animeType	animeNumEpisode	releaseDate	endDate	animeNumMembers	animeScore	animeUsers	animeRank	animePopularity	animeDescription	animeRelated	animeCharacters	animeVoices	animeStaff
Master Mosquiton	OVA	6	1996-11-21	1997-04-19	5083	6.67	2093	5270	6939	"In the 1920's, Inaho resurrects a vampire named Mosquiton with her blood. He awakens and becomes her slave. Now, Inaho is after the O-Part, which will grant her immortality. However, a bunch of supernatural monsters are out to stop them from achieving their goal.


(Source: ANN)"	"['Master Mosquiton', ""Master Mosquiton '99""]"	['Mosquiton, Alucard von', 'Hitomebore, Inaho', 'Camilla, Camille Inaho', 'Honoo', 'Yuki']	['Koyasu, Takehito', 'Imai, Yuka', 'Tsuru, Hiromi', 'Ueda, Yuuji']	[['Yamamoto, Yuusuke', 'Director'], ['Ishihara, Tatsuya', 'Episode Director, Storyboard'], ['Imai, Yuka', 'Theme Song Performance'], ['Mima, Masafumi', 'Sound Effects']]
