animeTitle	animeType	animeNumEpisode	releaseDate	endDate	animeNumMembers	animeScore	animeUsers	animeRank	animePopularity	animeDescription	animeRelated	animeCharacters	animeVoices	animeStaff
Haunted Junction	TV	12	1997-04-02	1997-06-25	3874	6.66	1389	5288	7716	"Saito High is a high school with its spiritual beings and a principal whose hobby is collecting occult paraphernalia. The school has the prophecy-chosen members of the Holy Student Council to protect it. These students have problems of their own; Haruto Houjo, the president, has a way of summoning spirits, and would resign from his duty for a normal life if it weren't for the principal. Kazumi Ryodo, the next member, is good at being possessed and has something for the Hanako. The last member is Mutsuki Asahina, who is a master of exorcism and is attracted to small boys. Unfortunately, these three are in charge of keeping the school in line and defending the world from supernatural beings, and this mission brings them through wacky predicaments.


(Source: ANN)"	['Haunted Junction']	['Houjo, Haruto', 'Mutsuki, Asahina', 'Ryudo, Kazumi', 'Blue Hanten', 'Rijichou', 'Teke Teke', 'Nanjou, Haruto', 'Yamiko', 'Kagamiko', 'Satou, Haruo']	['Oda, Yuusei', 'Nakama, Yukie', 'Furumoto, Shinnosuke', 'Hikami, Kyouko', 'Aono, Takeshi', 'Ootani, Ikue', 'Matsuyama, Takashi', 'Hiramatsu, Akiko', 'Iizuka, Mayumi', 'Shimaka, Yuu']	[['Mukudori, Nemu', 'Producer, Original Creator'], ['Mutou, Yuuji', 'Director'], ['Yoshida, Shunji', 'Episode Director'], ['Ueda, Shigeru', 'Episode Director']]
