animeTitle	animeType	animeNumEpisode	releaseDate	endDate	animeNumMembers	animeScore	animeUsers	animeRank	animePopularity	animeDescription	animeRelated	animeCharacters	animeVoices	animeStaff
Boku no Tonari ni Ankoku Hakaishin ga Imasu.	TV	12	2020-01-11	2020-03-28	47925	6.66	14517	5274	2564	"In the distant past, Miguel, the God of Destruction, was sealed inside the knight who ruled over light and darkness, Sturmhurt. Alongside the knight was Gestöber, who accompanied him through countless battles. In the present day, destiny causes them to reincarnate as Kabuto Hanadori and Seri Koyuki, two classmates.


Their reunion should be a joyous moment, if not for the fact that these fantasied heroes are just products of Kabuto's delusions. As the fictional ""Gestöber,"" Seri finds himself in various embarrassing situations due to Kabuto's antics that sometimes grow out of his control. Moreover, his classmate Utsugi Tsukimiya joins the fray with his absurdly accurate mind-reading abilities, slowly destroying Seri's social life.


Seri tries hard to stay away from them, refusing to acknowledge their shenanigans, however with Kabuto's chuunibyou and Utsugi's unpredictability, he is only bound to be swept by the craziness coming his way.


[Written by MAL Rewrite]"	['Boku no Tonari ni Ankoku Hakaishin ga Imasu.']	['Hanadori, Kabuto', 'Koyuki, Seri', 'Tsukimiya, Utsugi', 'Kimiya, Hibiki', 'Sumiso, Kotoko', 'Cerberus', 'Mogami, Kimikage', 'Aitsu', 'Mogami, Suzuran', 'Tokimune, Shikimi']	['Sakurai, Takahiro', 'Fukuyama, Jun', 'Kimura, Ryouhei', 'Yonaga, Tsubasa', 'Kayano, Ai', 'Akasaki, Chinatsu', 'Tachibana, Shinnosuke', 'Masuda, Toshiki', 'Ikuta, Yoshiko', 'Toriumi, Kousuke']	[['Nigorikawa, Atsushi', 'Director'], ['Asaoka, Takuya', 'Episode Director, Storyboard'], ['Fujimoto, Saeka', 'Script'], ['AOP', 'Theme Song Performance']]
