animeTitle	animeType	animeNumEpisode	releaseDate	endDate	animeNumMembers	animeScore	animeUsers	animeRank	animePopularity	animeDescription	animeRelated	animeCharacters	animeVoices	animeStaff
Mezzo DSA	TV	13	2004-01-04	2004-03-28	18640	6.67	7295	5271	4120	"Mikura, Kurokawa, and Harada are the 3 members of the Danger Service Agency (DSA). Mikura is the brawns of the group, Harada is the brains, and Kurokawa is just a bitter ex-cop that likes to think he's in charge. They'll take on any job as long as it involves lots of danger and, of course, money. If you want to live long enough to eat dinner, you better not cross them. Their biggest case, however, could prove to be finding out why someone wants Kurokawa assassinated. 


(Source: ANN) "	['Mezzo Forte']	['Suzuki, Mikura', 'Kurokawa, Kenichi', 'Igarashi, Asami', 'Harada, Tomohisa', 'Momoi, Momomi', 'Kazuto', 'Sayoki, Mugiyama', 'Sakurada, Sakura', 'Hasegawa, Aiko', 'Asakura, Manon']	['Kotani, Tomoko', 'Hirokawa, Taichirou', 'Matsuki, Miyu', 'Yamazaki, Takumi', 'Miyazaki, Issei', 'Cho', 'Nagasawa, Miki', 'Noto, Mamiko', 'Noda, Junko']	[['Chung, Jin Ho', 'Producer, ADR Director'], ['Umetsu, Yasuomi', 'Director, Episode Director, Storyboard, Key Animation, Animation Director, Character Design, Chief Animation Director'], ['Yoshioka, Takao', 'Screenplay'], ['Ooshiro, Tsutomu', 'Key Animation']]
