animeTitle	animeType	animeNumEpisode	releaseDate	endDate	animeNumMembers	animeScore	animeUsers	animeRank	animePopularity	animeDescription	animeRelated	animeCharacters	animeVoices	animeStaff
Fate/Zero: Onegai! Einzbern Soudanshitsu	Special	6	2012-03-07	2012-09-19	33797	6.66	14632	5280	3099	"Written by Kinoko Nasu, these specials are included in the BD box sets I & II.


Join Irisviel as she helps Disciple No. Zero understand more details and history relating to the Holy Grail War."	['Fate/Zero', 'Fate/Zero 2nd Season']	['von Einzbern, Irisviel', 'Fujimura, Taiga', 'Lancer', 'Berserker', 'Caster', 'Assassin']	['Ohara, Sayaka', 'Kanemoto, Hisako', 'Midorikawa, Hikaru', 'Okiayu, Ryoutarou', 'Tsuruoka, Satoshi', 'Kawamura, Takuo']	[['Nasu, Kinoko', 'Screenplay'], ['Type-Moon', 'Original Creator'], ['Takeuchi, Takashi', 'Character Design']]
