animeTitle	animeType	animeNumEpisode	releaseDate	endDate	animeNumMembers	animeScore	animeUsers	animeRank	animePopularity	animeDescription	animeRelated	animeCharacters	animeVoices	animeStaff
Ginga Senpuu Braiger	TV	39	1981-10-06	1982-06-30	1999	6.67	358	5261	9447	"In the year 2111, the solar system has been colonized. The colonized moons and planets are lawless and the police are helpless. In order to battle the evil within the solar system, Isaac Godonov creates J9, made up of himself, Blaster Kid, Stephen Bowie, and Angel Omachi. They are a team that will handle any missions the police will not with their robot Braiger... for a price. Meanwhile, the Nubia section of Earth has a plan to destroy Jupiter to create 30 more planets for human colonization. But this plan will result in the destruction of Earth. 


(Source: ANN)"	['Ginga Reppuu Baxingar']	['Kido, Jotaro', 'Godonov, Isaac', 'Bowie, Steven', 'Valencia, Machiko', 'Carmen, Carmen', 'Pancho, Poccho']	['Shiozawa, Kaneto', 'Sogabe, Kazuyuki', 'Mori, Katsuji', 'Ichiryuusai, Harumi', 'Tanaka, Kazumi', 'Yanami, Jouji']	[['Yotsuji, Takao', 'Director'], ['Matsuura, Johei', 'Episode Director'], ['Takagaki, Kouzou', 'Episode Director'], ['Matsuzaki, Kenichi', 'Script']]
