animeTitle	animeType	animeNumEpisode	releaseDate	endDate	animeNumMembers	animeScore	animeUsers	animeRank	animePopularity	animeDescription	animeRelated	animeCharacters	animeVoices	animeStaff
Fresh Precure! Movie: Omocha no Kuni wa Himitsu ga Ippai!?	Movie	1	2009-10-31		4080	6.66	1755	5283	7582	"After resolving the problems in the Labyrinth Kingdom, Love Momozono and her friends live a happy life and continue their dance training. Suddenly, the town children's toys start to go missing and the girls agree to help find them. Love Momozono's stuffed rabbit then comes to life and tells the Cures that the Toymajin is responsible. The Fresh Pretty Cure cast then travel to the Kingdom of Toys to save the day!


(Source: bakabt)"	['Fresh Precure!']	['Higashi, Setsuna', 'Momozono, Love', 'Yamabuki, Inori', 'Aono, Miki', 'Chiffon', 'Tart', 'Toymajin ', 'Usapyon', 'Tachibana, Kaoru', 'Cymbal Monkey']	['Komatsu, Yuka', 'Oki, Kanae', 'Nakagawa, Akiko', 'Kitamura, Eri', 'Koorogi, Satomi', 'Matsuno, Taiki', 'Sakamoto, Chika', 'Tsuru, Hiromi', 'Maeda, Ken', 'Yabe, Masahito']	[['Shimizu, Junji', 'Director'], ['Hayashi, Momoko', 'Theme Song Performance'], ['Takanashi, Yasuharu', 'Music'], ['Nishii, Terumi', 'Key Animation']]
