animeTitle	animeType	animeNumEpisode	releaseDate	endDate	animeNumMembers	animeScore	animeUsers	animeRank	animePopularity	animeDescription	animeRelated	animeCharacters	animeVoices	animeStaff
Mach GoGoGo	TV	52	1967-04-02	1968-03-31	12916	6.66	5842	5295	4773	"The Mach 5 is one of the fastest and most technologically advanced race cars built by man. Equipped with various gadgets and a powerful engine, it provides a challenge for anyone who would dare race against it. The driver of this amazing vehicle is Gou Mifune, a teenager who dreams of breaking into the world of professional racing.


In spite of this, Gou's father and the creator of the Mach 5, Daisuke Mifune, does not want his son anywhere near a racetrack. Undeterred, his girlfriend Michi, younger brother Kurio, and Kurio's monkey sidekick Sanpei become Gou's biggest fans as he sets out to become the greatest racer of all time.


However, Gou soon learns that becoming a professional racer is not easy. From the underhanded plots of corrupt businessmen to stiff competition in the form of his rival, Racer X, Gou faces many obstacles on the road ahead, and has a lot to prove before he can cross the finish line.


[Written by MAL Rewrite]"	['Mach GoGoGo', 'Mach GoGoGo (1997)', 'Pandora to Akubi']	['Mifune, Gou', 'Shimura, Michi', 'Mifune, Kenichi', 'Mifune, Kurio', 'Sanpei', 'Sabu', 'Mifune, Daisuke', 'Narration', 'Mifune, Aya', 'Rokugou']	['Mori, Katsuji', 'Matsuo, Yoshiko', 'Aikawa, Kinya', 'Hori, Junko', 'Ootake, Hiroshi', 'Tomiyama, Kei', 'Oomiya, Teiji', 'Kinomiya, Ryouko', 'Utsumi, Kenji']	[['Sasagawa, Hiroshi', 'Director'], ['Kuri, Ippei', 'Episode Director'], ['Toriumi, Hisayuki', 'Episode Director'], ['Fernandez, Peter', 'Script, ADR Director']]
