animeTitle	animeType	animeNumEpisode	releaseDate	endDate	animeNumMembers	animeScore	animeUsers	animeRank	animePopularity	animeDescription	animeRelated	animeCharacters	animeVoices	animeStaff
Arad Senki: Slap Up Party	TV	26	2009-04-04	2009-09-26	15332	6.73	5015	4959	4481	"The anime will follow the adventures of Baron, a man living on continent of Arad in the year 981 after ""the cursed light of Kazan"" has fallen across the land. Thanks to the curse, one of his arms has become possessed. After finding a sword that has been possessed by the spirit Roxy, he embarks on a quest to unravel the secret of the curse and meets various people who also join his party.


(Source: ANN)"	['Arad Senki: Slap Up Party', 'Arad: Suming Zhi Men']	['Capensis', 'Abel, Baron', 'Jun, Ixia', 'Ranka, Ryunmei', 'Roxy', 'Raxpa, Jeda', 'Black Cat', 'Mintai', 'Danjin', 'Kagon']	['Suzumura, Kenichi', 'Kondou, Takashi', 'Tsuji, Ayumi', 'Nogawa, Sakura', 'Watanabe, Akeno', 'Kuroda, Takaya', 'Katou, Emiri', 'Ono, Daisuke', 'Yonaga, Tsubasa']	[['Ikezoe, Takahiro', 'Director, Episode Director, Storyboard'], ['Yoshida, Tomohiro', 'Sound Director'], ['Sueda, Yoshifumi', 'Episode Director'], ['Yamanobe, Kazuki', 'Script']]
