animeTitle	animeType	animeNumEpisode	releaseDate	endDate	animeNumMembers	animeScore	animeUsers	animeRank	animePopularity	animeDescription	animeRelated	animeCharacters	animeVoices	animeStaff
Aishite Knight	TV	42	1983-03-01	1984-01-24	7233	6.73	2664	4956	6058	"Yaeko Mitamura is an 18 year old girl working in her father's Okonomiyaki restaurant. One day Yakko casually meets a little boy, Hashizo and his odd cat Juliano. Hashizo has lost both parents when still a baby and has been brought up by his elder brother. Hashizo's brother Go Kato is the lead singer of the emerging rock band ""Bee Hive"". When Yakko meets Go and his friend and ""Bee Hive"" member Satomi Okawa an unexpected series of events unfolds. Love, jealousy, rock'n roll and the sparkle of newly borned stars is what makes this anime so lovable.


(Source: ANN)"	['Aishite Knight']	['Mitamura, Yaeko', 'Kato, Go', 'Kato, Hashizo', 'Juliano', 'Mitamura, Shigemaru', 'Okawa, Satomi', 'Sugi, Hiroyuki', 'Kajiwara, Meiko', 'Tono, Eiji']	['Horie, Mitsuko', 'Sasaki, Isao', 'Mita, Yuuko', 'Amenomori, Masashi', 'Aono, Takeshi', 'Mori, Katsuji', 'Hori, Hideyuki', 'Kawashima, Chiyoko', 'Shiozawa, Kaneto']	[['Koshi, Shigeo', 'Director'], ['Kasai, Osamu', 'Director'], ['Tomita, Sukehiro', 'Script'], ['Hisaishi, Joe', 'Theme Song Arrangement']]
