animeTitle	animeType	animeNumEpisode	releaseDate	endDate	animeNumMembers	animeScore	animeUsers	animeRank	animePopularity	animeDescription	animeRelated	animeCharacters	animeVoices	animeStaff
Boku wa Tomodachi ga Sukunai Episode 0	OVA	1	2011-09-22		113289	6.73	63002	4963	1459	"Hasegawa Kodaka has transferred schools, and he's having a hard time making friends. It doesn't help that his blond hair tends to make people think he's a delinquent. One day, he runs into his bad-tempered solitary classmate Yozora while she's talking animatedly to her imaginary friend Tomo. Realizing that neither of them have any actual friends, they decide that the best way to alter this situation is to form a club and start recruiting.

That is how ""Rinjinbu"", The Neighbours' Club, was formed, a club specifically designed for people who don't have very many friends. As other lonely classmates slowly join their little club, they'll try to learn how to build friendships through cooking together, playing games, and other group activities. But will this group of relationship-challenged misfits really be able to get along?


(Source: MU)  "	['Boku wa Tomodachi ga Sukunai']	['Kashiwazaki, Sena', 'Mikazuki, Yozora', 'Hasegawa, Kodaka', 'Hasegawa, Kobato', 'Shiguma, Rika', 'Takayama, Maria', 'Kusunoki, Yukimura']	['Itou, Kanae', 'Inoue, Marina', 'Kimura, Ryouhei', 'Hanazawa, Kana', 'Fukuen, Misato', 'Iguchi, Yuka', 'Yamamoto, Nozomi']	[['Saitou, Hisashi', 'Director'], ['Kitahata, Tooru', 'Episode Director, Assistant Director'], ['Inoue, Marina', 'Theme Song Performance'], ['Itou, Kanae', 'Theme Song Performance']]
