animeTitle	animeType	animeNumEpisode	releaseDate	endDate	animeNumMembers	animeScore	animeUsers	animeRank	animePopularity	animeDescription	animeRelated	animeCharacters	animeVoices	animeStaff
Candy Candy (Movie)	Movie	1	1992-04-25		3508	6.72	1475	4989	7980	"A young girl named Candice White who was left on the doorstep of the ""Pony Home"", an orphanage, when she was just a baby. The sisters took her first name from a doll she had in her basket, with the name ""Candy"" on it, and her last name from the snowstorm she was rescued from. Life is quiet and happy.. or.. as quiet as life can be with Candy around. She has a penchant for getting into trouble, climbing trees and tussling with the best of them. However, tragedy begins to strike. 


(Source: ANN)"	['Candy Candy', 'Candy Candy: Haru no Yobigoe', 'Candy Candy: Candy no Natsu Yasumi']	['White Adley, Candice', 'Brown, Anthony', 'Adley, William Albert', 'Cornwell, Alistair', 'Leagan, Eliza', 'Cornwell, Archibald', 'Brighton, Annie', 'Miss Pony', 'Leagan, Neil']	['Matsushima, Minori', 'Horikawa, Ryo', 'Onosaka, Masaya', 'Yamada, Eiko', 'Midorikawa, Hikaru', 'Touma, Yumi', 'Nakao, Ryusei']	[['Imazawa, Tetsuo', 'Director'], ['Matsuyama, Yuushi', 'Theme Song Arrangement'], ['Igarashi, Yumiko', 'Original Character Design'], ['Watanabe, Takeo', 'Music']]
