animeTitle	animeType	animeNumEpisode	releaseDate	endDate	animeNumMembers	animeScore	animeUsers	animeRank	animePopularity	animeDescription	animeRelated	animeCharacters	animeVoices	animeStaff
Domestic na Kanojo	TV	12	2019-01-12	2019-03-30	561457	6.72	325549	4993	279	"In their teenage years, few things can hurt people more than the heartaches that come with unrequited love. Such is the case for Natsuo Fujii, who has found himself entranced by his school's ever-cheerful teacher Hina. Deflated by this unreachable desire, Natsuo humors his friends and attends a mixer. There he meets Rui, a girl whose lack of excitement rivals that of himself. After bonding over their mutual awkwardness, Rui takes Natsuo to her house and asks him to have sex with her, hoping that the experience will stop her friends from treating her like a clueless child. With his hopeless feelings towards Hina still on his mind, Natsuo hesitantly agrees.


Equally unfulfilled by their ""first times,"" the two decide to part ways as strangers. However, before he even has a chance to process this experience, Natsuo's father drops a major bombshell: he is getting remarried, and his new wife Tsukiko Tachibana is coming over now to meet Natsuo. As if that was not enough of a shock, her daughters—and, in turn, Natsuo's new sisters—are Hina and Rui Tachibana, the woman he's in love with and the girl with whom he shared his first night. Now, Natsuo must come to terms with the feelings he has for his step-siblings as his eyes open to a darker side of love.


[Written by MAL Rewrite]"	['Domestic na Kanojo', 'Kawaki wo Ameku']	['Tachibana, Rui', 'Tachibana, Hina', 'Fujii, Natsuo', 'Kashiwabara, Momo', 'Kobayashi, Masaki', 'Kiriya, Reiji', 'Kurimoto, Fumiya', 'Ashihara, Miu', 'J. Matsukawa, Alex', 'Tachibana, Tsukiko']	['Uchida, Maaya', 'Hikasa, Youko', 'Yashiro, Taku', 'Yoshimura, Haruka', 'Tsuda, Kenjirou', 'Midorikawa, Hikaru', 'Eguchi, Takuya', 'Kohara, Konomi', 'Hatanaka, Tasuku', 'Hino, Yurika']	[['Ibata, Shouta', 'Director, Episode Director, Animation Director'], ['Tateishi, Yayoi', 'Sound Director'], ['Ou, Jackson', 'Script'], ['Kusakawa, Keizou', 'Storyboard']]
