animeTitle	animeType	animeNumEpisode	releaseDate	endDate	animeNumMembers	animeScore	animeUsers	animeRank	animePopularity	animeDescription	animeRelated	animeCharacters	animeVoices	animeStaff
Majime ni Fumajime Kaiketsu Zorori	TV	97	2005-02-13	2007-01-28	1044	6.73	306	4985	11032	"Season 1 focuses on the wizard Nelly and the mysterious Najo as Zorori, Ishishi, and Noshishi help them restore the magic forest in a magical country (episodes 1-50).

Season 2 focuses on Puppe's search for the Minus Eel (episodes 51-97).

(Source: Wikipedia)"	['Kaiketsu Zorori', 'Majime ni Fumajime Kaiketsu Zorori: Nazo no Otakara Daisakusen', 'Kaiketsu Zorori: Mamoru ze! Kyouryuu no Tamago', 'Motto! Majime ni Fumajime Kaiketsu Zorori']	['Zorori', 'Noshishi', 'Ishishi']	['Yamadera, Kouichi']	[['Kase, Mitsuko', 'Director'], ['Okada, Mari', 'Script'], ['Nanba, Hitoshi', 'Storyboard'], ['Kusumi, Naoko', 'Storyboard']]
