animeTitle	animeType	animeNumEpisode	releaseDate	endDate	animeNumMembers	animeScore	animeUsers	animeRank	animePopularity	animeDescription	animeRelated	animeCharacters	animeVoices	animeStaff
Mahou Shoujo Lyrical Nanoha ViVid	TV	12	2015-04-03	2015-06-19	23154	6.73	8238	4983	3746	"The series takes place four years after the events of Mahou Shoujo Lyrical Nanoha StrikerS, during which, magical girl Nanoha Takamachi rescued and adopted a young girl named Vivio, who is the reincarnation of the Sankt Kaiser, Olivie Segbrecht. After entering her fourth year of elementary school, Vivio is given her own intelligence device, Sacred Heart, and gains the power to transform using her adult Sankt Kaiser mode. She soon comes across a girl named Einhart Stratos who, similar to Vivio, is the descendant of another Sankt Kaiser ruler, Claus G.S. Ingvalt. As Einhart becomes determined to prove her fighting style is the strongest, Vivio befriends her and together with her friends, enters a martial arts tournament where they fight against various magical opponents and learn more about their past lives.


(Source: Wikipedia)"	['Mahou Shoujo Lyrical Nanoha ViVid', 'Mahou Shoujo Lyrical Nanoha StrikerS', 'Mahou Shoujo Lyrical Nanoha ViVid: Special Program', 'ViVid Strike!']	['Vivio', 'Stratos, Einhald', 'Testarossa, Fate', 'Takamachi, Nanoha', 'Yagami, Hayate', 'Vita', 'Signum', 'Nakajima, Subaru', 'Lanster, Teana', 'Reinforce II']	['Mizuhashi, Kaori', 'Noto, Mamiko', 'Mizuki, Nana', 'Tamura, Yukari', 'Ueda, Kana', 'Sanada, Asami', 'Shimizu, Kaori', 'Saitou, Chiwa', 'Nakahara, Mai', 'Yukana']	[['Itou, Yuuki', 'Director'], ['Majima, Takahiro', 'Episode Director'], ['Kobayashi, Naruaki', 'Script'], ['Kaneko, Shingo', 'Storyboard']]
