animeTitle	animeType	animeNumEpisode	releaseDate	endDate	animeNumMembers	animeScore	animeUsers	animeRank	animePopularity	animeDescription	animeRelated	animeCharacters	animeVoices	animeStaff
Mahoutsukai ni Taisetsu na Koto	TV	12	2003-01-10	2003-03-28	23600	6.73	6247	4984	3708	"Yume Kikuchi, a girl who can use magic, goes to Tokyo to be an apprentice mage to the handsome Masami Oyamada (a professional mage). In Tokyo, Yume learns about magic, helping people, and various other things on her way to being a mage. But she soon also finds out that even just magic alone isn't enough to make someone truly happy...


(Source: ANN)"	['Mahoutsukai ni Taisetsu na Koto', 'Mahoutsukai ni Taisetsu na Koto: Natsu no Sora']	['Kikuchi, Yume', 'Oyamada, Masami', 'Brooks, Angela', 'Furusaki, Rikiya', 'Inoue, Sakuya ', 'Morikawa, Runa', 'Zennosuke', 'Kato, Go', 'Iwashita, Melinda', 'Iwanaga, Junko']	['Miyazaki, Aoi', 'Suwabe, Junichi', 'Watanabe, Akeno', 'Kiyokawa, Motomu', 'Tobita, Nobuo', 'Ishige, Sawa', 'Ueda, Yuuji', 'Iida, Hiroshi', 'Hiramatsu, Akiko', 'Kurumado, Akiko']	[['Matsuda, Akio', 'Producer'], ['Shimoda, Masami', 'Director'], ['Tanaka, Hideyuki', 'Sound Director'], ['Nakayama, Katsuichi', 'Episode Director, Storyboard, Key Animation']]
