animeTitle	animeType	animeNumEpisode	releaseDate	endDate	animeNumMembers	animeScore	animeUsers	animeRank	animePopularity	animeDescription	animeRelated	animeCharacters	animeVoices	animeStaff
Highlander: The Search for Vengeance	Movie	1	2007-02-14		15716	6.73	7733	4976	4437	"Colin MacLeod, the immortal Scottish Highlander, travels with the wise-cracking ghost Amergan in search of the immortal despot Marcus Octavius, who killed Colin's lover on the Celtic plains centuries earlier. The once great city of New York is now submerged under water, with only one dominant fortress towering over the sea, the fortress of Marcus Octavius. MacLeod is torn between saving the survivors of New York and hunting down his nemesis.


(Source: ANN)"		['MacLeod, Colin', 'Dahlia', 'Octavius, Marcus', 'Gregor', 'Rudy', 'Malike', 'Doc', 'Amergan', 'Joe', 'Kyala']	['Oguri, Shun', 'Park, Romi', 'Yamadera, Kouichi', 'Hashi, Takaya', 'Yara, Yuusaku', 'Sasaki, Seiji', 'Ishizuka, Unshou', 'Tomita, Kousei', 'Takayama, Minami', 'Hayashibara, Megumi']	[['Hamasaki, Hiroshi', 'Co-Director, Storyboard, Key Animation'], ['Saitou, Yuuichirou', 'Assistant Producer'], ['Kawajiri, Yoshiaki', 'Director'], ['HIM', 'Theme Song Performance']]
