animeTitle	animeType	animeNumEpisode	releaseDate	endDate	animeNumMembers	animeScore	animeUsers	animeRank	animePopularity	animeDescription	animeRelated	animeCharacters	animeVoices	animeStaff
Code:Breaker OVA	OVA	3	2012-12-17	2013-04-17	30105	6.72	12372	4990	3288	"A three-volume OVA of Code:Breaker.  Each volume will be bundled with volumes 22-24 of the manga, respectively. 


Subtitles and release dates:

 Vol.1: ""code:extra 1,2,3 & Plus 1"", Dec 17, 2012

 Vol.2: ""code:100 & extra HANAMI & Plus 2"", Feb 15, 2013

 Vol.3: ""code:4koma Special Theater"", Apr 17, 2013"	['Code:Breaker']	['Oogami, Rei', 'Sakurakouji, Sakura', 'Tenpouin, Yuuki', 'Fujiwara, Toki', 'Hitomi', 'Heike, Masaomi', 'Hachiouji, Rui', 'Nyanmaru', 'Emperor', 'Takatsu, Aoba']	['Okamoto, Nobuhiko', 'Hikasa, Youko', 'Toyonaga, Toshiyuki', 'Suzumura, Kenichi', 'Miki, Shinichiro', 'Kimura, Subaru', 'Saiga, Mitsuki', 'Itou, Kanae', 'Sendai, Eri']	[['Noshitani, Mitsutaka', 'Episode Director'], ['Sakoi, Masayuki', 'Storyboard'], ['Suzumura, Kenichi', 'Theme Song Performance'], ['Itou, Kanae', 'Theme Song Performance']]
