animeTitle	animeType	animeNumEpisode	releaseDate	endDate	animeNumMembers	animeScore	animeUsers	animeRank	animePopularity	animeDescription	animeRelated	animeCharacters	animeVoices	animeStaff
Full Moon wo Sagashite: Kawaii Kawaii Daibouken	Special	1	2002-11-01		9175	6.72	4195	4998	5480	"Mitsuki wakes up late, and must rush to a photo shoot. However, in her hury she forgets to bring Takuto and Meroko along. Now they must catch up to her, before the photo shoot begins, despite everything that gets in their way.


(Source: ANN)"	['Full Moon wo Sagashite']	['Kira, Takuto', 'Kouyama, Mitsuki', 'Yui, Meroko']	['Ootsuda, Hiromi', 'Myco']	[['Tanemura, Arina', 'Original Creator']]
