animeTitle	animeType	animeNumEpisode	releaseDate	endDate	animeNumMembers	animeScore	animeUsers	animeRank	animePopularity	animeDescription	animeRelated	animeCharacters	animeVoices	animeStaff
Dragon Ball Specials	Special	2	1988-06-08		27646	6.72	13531	4994	3430	"Specials included with the original series.

Goku no Koutsuuanzen (Goku's Traffic Safety)

Goku is heading to West City to attend Bulma's birthday party, and on the way he ends up learning the rules for getting through traffic. The movie was for children to watch so it would teach them how to get across a pedestrian crossing.

Goku no Shouboutai (Goku's Fire Brigade)

An episode for kids where Goku and the others work for the Fire brigade and explain how avoid problems with fire."	['Dragon Ball']	['Son, Gokuu', 'Bulma', 'Muten-Roushi', 'Kuririn', 'Yamcha', 'Suno']	['Nozawa, Masako', 'Tsuru, Hiromi', 'Miyauchi, Kouhei', 'Tanaka, Mayumi', 'Furuya, Toru', 'Watanabe, Naoko']	[['Son, Gokuu', 'Main'], ['Nozawa, Masako', 'Japanese'], ['Bulma', 'Main'], ['Tsuru, Hiromi', 'Japanese'], ['Muten-Roushi', 'Main'], ['Miyauchi, Kouhei', 'Japanese'], ['Kuririn', 'Supporting'], ['Tanaka, Mayumi', 'Japanese'], ['Yamcha', 'Supporting'], ['Furuya, Toru', 'Japanese'], ['Suno', 'Supporting'], ['Watanabe, Naoko', 'Japanese']]
