animeTitle	animeType	animeNumEpisode	releaseDate	endDate	animeNumMembers	animeScore	animeUsers	animeRank	animePopularity	animeDescription	animeRelated	animeCharacters	animeVoices	animeStaff
Bastard!!: Ankoku no Hakaishin	OVA	6	1992-08-25	1993-06-25	30762	6.72	14449	4988	3244	"The kingdom of Metallicana is under attack from the Four Lords of Havoc. This party of villains—ninja master Gara, deadly thunder empress Nei Arshes, cold and calculating Kall-Su, and enigmatic dark priest Abigail—will stop at nothing to get what they want, even if it leaves utter destruction in their wake.


High Priest Geo is desperate to help save the kingdom and its people. He unleashes the mighty wizard Dark Schneider, a man who used to be an ally of the villains. Unfortunately, Dark Schneider has his own plans in mind. Will he stop the Four Lords of Havoc or join them in their conquest of the world?


[Written by MAL Rewrite]"	['Bastard!!: Ankoku no Hakaishin']	['Schneider, Dark', 'Tia Noto, Yoko', 'Arshes, Nei', 'Gara', 'Princess Sheila', 'Metallicana, Lars Ulu', 'Dianno, Porno', 'Harn, Kai', 'Kall-Su', 'Narrator']	['Yao, Kazuki', 'Koyama, Yuka', 'Sakuma, Rei', 'Genda, Tesshou', 'Yoshida, Konami', 'Kikuchi, Masami', 'Kobayashi, Yuko', 'Seki, Toshihiko']	[['Akiyama, Katsuhito', 'Director, Storyboard'], ['Iwanami, Yoshikazu', 'Sound Director'], ['Oobari, Masami', 'Episode Director, Storyboard'], ['Yamaguchi, Hiroshi', 'Script']]
