animeTitle	animeType	animeNumEpisode	releaseDate	endDate	animeNumMembers	animeScore	animeUsers	animeRank	animePopularity	animeDescription	animeRelated	animeCharacters	animeVoices	animeStaff
Cardfight!! Vanguard: Legion Mate-hen	TV	33	2014-03-09	2014-10-19	13640	6.73	6606	4964	4684	"Several days after the mortal battle against Link Joker which embroils the whole world, the world has returned to peace.


But Kai Toshiki faces a surprising situation. Sendou Aichi, the hero who saved the world from the invasion of Link Joker, has suddenly disappeared. In addition, everyone's memory about Aichi is lost...Almost all hints have been lost, and Kai starts to search Aichi with ""Blaster Blade"" and the deck of Royal Paladin, the only existing hint and the proof of their bonds.


Kai is approached by fighters who call themselves ""Quatre Knights"". The four---Gaillard, Neve, Ratie and Sarah---are fighters with world-class power in vanguard fights. They control mysterious power and urge Kai to give up searching Aichi. What is their purpose...!? And what is their relationship with Aichi...!?


Kai, with the new power ""Legion"" in his hand, fights to take Aichi back. Now, the war has begun! 


(Source: Cardfight!! Vanguard Wikia)"	['Cardfight!! Vanguard: Link Joker-hen', 'Cardfight!! Vanguard Movie: Neon Messiah', 'Cardfight!! Vanguard G']	['Kai, Toshiki', 'Tokura, Misaki', 'Miwa, Taishi', 'Katsuragi, Kamui', 'Ishida, Naoki', 'Souryuu, Leon', 'Sendou, Aichi', 'Suzugamori, Ren', 'Tatsunagi, Kourin', 'Sendou, Emi']	['Satou, Takuya', 'Kitta, Izumi', 'Morikubo, Shoutarou', 'Ishikawa, Shizuka', 'Nara, Tooru', 'Kanbara, Daichi', 'Yonaga, Tsubasa', 'Abe, Atsushi', 'Mimori, Suzuko', 'Enomoto, Atsuko']	[['Tsuji, Hatsuki', 'Director'], ['Takadera, Takeshi', 'Sound Director'], ['Umemoto, Yui', 'Episode Director, Assistant Director'], ['DAIGO', 'Theme Song Lyrics, Theme Song Composition']]
