animeTitle	animeType	animeNumEpisode	releaseDate	endDate	animeNumMembers	animeScore	animeUsers	animeRank	animePopularity	animeDescription	animeRelated	animeCharacters	animeVoices	animeStaff
Araiguma Rascal	TV	52	1977-01-02	1977-12-25	2248	6.73	657	4960	9126	"Life in Brailsford Junction, Wisconsin, is simple and quiet for Sterling North, who spends most of his free time caring for animals. With his mother in the hospital and his brother fighting on the Western Front, the boy lives only with his father and his dog Hauser.


One weekend, cutting away from his usual chores, Sterling, his friend Oscar, and Hauser head off on a fishing trip. On their way to the river, his dog catches a scent at the base of a tree. Unearthing a raccoon's nest, the two boys find an orphaned kit. A passing hunter has killed the kit's mother to make a fur hat, leaving Sterling to adopt and care for the orphaned raccoon.


Torn by his fracturing family, a brother in the trenches, along with the ailing health of his mother, Sterling's bonds with life and the world around him are kept together and strengthened by life with his new friend, the ""ring-tailed wonder"" and scoundrel, whom he names Rascal.


[Written by MAL Rewrite]"	['Peter Pan no Bouken', 'Poka Poka Mori no Rascal', 'Meitantei Rascal', 'Araiguma Rascal Specials', 'Shiawase Pasta Story']	['Rascal', 'North, Sterling', 'Sunderland, Greta', 'Oscar', 'Wharen', 'Thurman, Gabriel ', 'Sunderland, Herman ']	['Nozawa, Masako', 'Shikamata, Yuuji', 'Sugiyama, Kazuko', 'Nagai, Ichiro', 'Ishimori, Takkou']	[['Bessho, Takaharu', 'Producer'], ['Koshi, Shigeo', 'Director'], ['Saitou, Hiroshi', 'Director, Storyboard'], ['Endou, Masaharu', 'Director, Character Design']]
