animeTitle	animeType	animeNumEpisode	releaseDate	endDate	animeNumMembers	animeScore	animeUsers	animeRank	animePopularity	animeDescription	animeRelated	animeCharacters	animeVoices	animeStaff
B-Project: Zecchou*Emotion	TV	12	2019-01-12	2019-03-30	12728	6.73	3499	4961	4822	"Tsubasa continues her job at the A&R department of the major recording company Gandala Music. The idol group ""B-PROJECT"" that she has been in charge of, now made up of four idol units instead of three: Kitakore, Thrive, MooNs, and KiLLER KiNG. Tsubasa must deals with not only the various challenges of her job but also a group of young men with different personalities.


(Source: ANN)"	['B-Project: Mousou*Scandal', 'B-Project: Kodou*Ambitious', 'B-Project 3rd Season']	['Kaneshiro, Goushi', 'Korekuni, Ryuuji', 'Kitakado, Tomohisa', 'Ashuu, Yuuta', 'Aizome, Kento', 'Masunaga, Kazuna', 'Onzai, Momotarou', 'Osari, Hikaru', 'Sekimura, Mikado', 'Nome, Tatsuhiro']	['Toyonaga, Toshiyuki', 'Kishio, Daisuke', 'Ono, Daisuke', 'Hanae, Natsuki', 'Kato, Kazuki', 'Uemura, Yuuto', 'Kakihara, Tetsuya', 'Morikubo, Shoutarou', 'Masuda, Toshiki', 'Ookawa, Genki']	[['T.M.Revolution', 'Producer'], ['Moriwaki, Makoto', 'Director, Episode Director, Storyboard, Series Composition'], ['Tanaka, Ryou', 'Sound Director'], ['Shikura, Chiyomaru', 'Original Creator']]
