animeTitle	animeType	animeNumEpisode	releaseDate	endDate	animeNumMembers	animeScore	animeUsers	animeRank	animePopularity	animeDescription	animeRelated	animeCharacters	animeVoices	animeStaff
Lupin III: Russia yori Ai wo Komete	Special	1	1992-07-24		5587	6.73	2247	4981	6695	"This time Lupin is after 500 tons of gold bullion that used to belong to the House of Romanov, the last rulers of the Russian Empire. His only clue is a code in an old book that a cipher machine has broken down to the words ""Bank of Liberty."" As always, whenever Lupin's involved, the situation gets complicated. This adventure takes him through the USA and Russia, with loads of action and classic Lupin-style escapades along the way.


(Source: AniDB)"	['Lupin III']	['Lupin III, Arsene', 'Jigen, Daisuke', 'Mine, Fujiko', 'Ishikawa XIII, Goemon', 'Zenigata, Kouichi']	['Yamada, Yasuo', 'Kobayashi, Kiyoshi', 'Masuyama, Eiko', 'Inoue, Makio', 'Naya, Gorou']	[['Dezaki, Osamu', 'Director, Storyboard'], ['Monkey Punch', 'Original Creator'], ['Oono, Yuuji', 'Music'], ['Motonaga, Keitarou', 'Assistant Animation Director']]
