animeTitle	animeType	animeNumEpisode	releaseDate	endDate	animeNumMembers	animeScore	animeUsers	animeRank	animePopularity	animeDescription	animeRelated	animeCharacters	animeVoices	animeStaff
Mao Yao de Huo Han	ONA	20	2018-12-21	2019-06-13	579	6.73	155	4987	12634	"A cat demon with a split personality is reincarnated with the memories of her past life. She wishes revenge on her lover from her past life, but upon meeting him finds herself falling all over for him again. What should she do?! A female main character with no sense of moral principles, between an arrogant, abstinent man and the charming, indifferent demon king, who will she choose!


(Source: Anilist)"				
