animeTitle	animeType	animeNumEpisode	releaseDate	endDate	animeNumMembers	animeScore	animeUsers	animeRank	animePopularity	animeDescription	animeRelated	animeCharacters	animeVoices	animeStaff
Cop Craft	TV	12	2019-07-09	2019-10-01	101177	6.72	41666	4991	1615	"Fifteen years ago, a hyperspace gate appeared in the middle of the Pacific Ocean, connecting Earth to a strange world filled with fairies and monsters. The city of San-Teresa became a home for over two million of these otherworldly visitors. Unfortunately, the population boom also brought its fair share of problems—drugs, prostitution, and trafficking. To combat the rampant crime lurking in the city's shadows, a new department was established in the San-Teresa Metropolitan Police.


Former JSDF soldier Kei Matoba is one of the best cops that the department has to offer, despite his inclination to occasionally bend the rules. After a fairy trafficking case goes wrong, Kei loses Rick Fury, his friend and partner of four years, setting him on a quest for vengeance. To help him with the case, the department pairs him with Tilarna Exedilika, a noble of the Farbani Kingdom. As one of the Knights of Mirvor, her duty is to rescue the noble fairy that Kei encountered during his last case. Despite his distaste for non-humans, he accepts the arrangement at the request of his superiors. Now, the unlikely duo must come together and overcome their differences in order to return the missing fairy to her country and avenge the death of Kei's partner.


[Written by MAL Rewrite]"	['Cop Craft: Dragnet Mirage Reloaded', 'Cop Craft: Utsukushiki Onna Kishi! Toraware no Yousei wo Oe!']	['Exedilika, Tilarna', 'Matoba, Kei', 'Zelada', 'Estefan, Cameron', 'Mcbee, Tony', 'Epps, Cecil', 'Roth, Jack', 'Austin, Jamie']	['Yoshioka, Mayu', 'Tsuda, Kenjirou', 'Ootsuka, Houchuu', 'Inoue, Marina', 'Takahashi, Ryousuke', 'Orikasa, Fumiko', 'Hamada, Kenji', 'Nakahara, Mai']	[['Itagaki, Shin', 'Director, Storyboard, Assistant Animation Director, Layout, Animation Director, Key Animation'], ['Gatoh, Shoji', 'Script, Series Composition, Original Creator'], ['Ooishi, Masayoshi', 'Theme Song Composition, Theme Song Lyrics, Theme Song Performance, Theme Song Arrangement'], ['Yoshioka, Mayu', 'Theme Song Performance']]
