animeTitle	animeType	animeNumEpisode	releaseDate	endDate	animeNumMembers	animeScore	animeUsers	animeRank	animePopularity	animeDescription	animeRelated	animeCharacters	animeVoices	animeStaff
Yama no Susume: Kabe tte Kowakunai no?	Special	1	2013-05-24		18240	6.73	9608	4954	4170	"Aoi Yukimura and her friends decide to take on a new challenge: indoor rock climbing! However, the sight of the wall flusters Aoi, who frets over its height and complexity. Fortunately, Kaede Saitou is there to explain the rules of indoor climbing, inspiring the girls to give it a try themselves. Though the wall may seem intimidating and insurmountable, Aoi finds that with a little help from her friends, she may be able to overcome this challenge.


[Written by MAL Rewrite]"	['Yama no Susume', 'Yama no Susume: Second Season']	['Yukimura, Aoi', 'Kuraue, Hinata', 'Aoba, Kokona', 'Saitou, Kaede']	['Iguchi, Yuka', 'Asumi, Kana', 'Ogura, Yui', 'Hikasa, Youko']	[['siro', 'Original Creator']]
