animeTitle	animeType	animeNumEpisode	releaseDate	endDate	animeNumMembers	animeScore	animeUsers	animeRank	animePopularity	animeDescription	animeRelated	animeCharacters	animeVoices	animeStaff
Uchuu Koukyoushi Maetel: Ginga Tetsudou 999 Gaiden	TV	13	2004-08-06	2004-11-01	3961	6.68	1164	5219	7669	"Maetel abandoned her mother and her home planet, the doomed and frozen La Metal, where people must become cyborgs to survive. When she is beckoned to return, her options seem slim: follow her mother's path (and with it a robot mind and the contempt of all humans), or run away and fight with humans against the machines. Yet, she is not without comrades and defenders. If she can accept the friendship of beings of metal who desire peace, and oppose those who think being made of flesh and blood is enough to make one human, she may still have a chance to find her own path.


(Source: Anime-Planet)"	['Ginga Tetsudou 999', 'Maetel Legend']	['Maetel', 'Emeraldas', 'Holy Queen Larela', 'Nazca', 'Captain Herlock', 'Ooyama, Tochirou', 'Promethium II, La Andromeda', 'Error Franken-bach, Leopard']	['Yukino, Satsuki', 'Inoue, Kikuko', 'Kanai, Mika', 'Saiga, Mitsuki', 'Takemoto, Eiji', 'Yamaguchi, Kappei', 'Han, Keiko', 'Matsumoto, Yasunori']	[['Masaki, Shinichi', 'Director'], ['Matsuura, Noriyoshi', 'Sound Director'], ['Hayase, Hiroyuki', 'Sound Director'], ['Egami, Kiyoshi', 'Storyboard']]
