animeTitle	animeType	animeNumEpisode	releaseDate	endDate	animeNumMembers	animeScore	animeUsers	animeRank	animePopularity	animeDescription	animeRelated	animeCharacters	animeVoices	animeStaff
Maiko-san Chi no Makanai-san	TV	12	2021-02-25		11559	6.68	1638	5202	5023	"Kiyo and Sumire came to Kyoto from Aomori Prefecture, dreaming of becoming maiko. But after an unexpected turn of events, Kiyo starts working as the live-in cook at the Maiko House. Their story unfolds in the Kagai, the Geiko and maiko district in Kyoto, alongside their housemate maikos. Kiyo nourishes them daily with her home-cooked meals, and Sumire strives toward her promising future as the once-in-a-century maiko.


Step into the glamorous Kagai, warm your heart with behind-the-scenes anecdotes and Kiyo's kitchen episodes. Stay tuned for this touching tale of 2 childhood friends lifting each other up as they grow together. 


(Source: NHK World Japan, edited)"	['Maiko-san Chi no Makanai-san']	"['Nozuki, Kiyo ', 'Herai, Sumire', 'Tsurukoma', 'Big Brother', ""Ichi's Mother"", 'Nakanowatari, Kenta']"	['Hanazawa, Kana', 'Ichimichi, Mao', 'Matsuda, Satsumi', 'Koyama, Rikiya', 'Katakai, Kaoru', 'Takayama, Minami']	[['Suzuki, Youhei', 'Director'], ['Sakabe, Gou', 'Music'], ['Koyama, Aiko', 'Original Creator'], ['Yamakawa, Susumu', 'Series Composition']]
