animeTitle	animeType	animeNumEpisode	releaseDate	endDate	animeNumMembers	animeScore	animeUsers	animeRank	animePopularity	animeDescription	animeRelated	animeCharacters	animeVoices	animeStaff
Sumikko Gurashi Movie 1: Tobidasu Ehon to Himitsu no Ko	Movie	1	2019-11-08		1116	6.68	340	5216	10901	"Sumikko Gurashi debuted in 2012 as slightly negative characters who like to stay in the corner of a room. The characters include ""Shirokuma,"" a polar bear who is sensitive to cold; ""Penguin?"" (with a question mark in its name), a penguin who is unsure if it is actually a penguin; ""Tonkatsu,"" a piece of pork cutlet that was left uneaten; ""Neko,"" a shy cat; and ""Tokage,"" who hides his nature as one of the last dinosaurs.


The franchise has inspired toys, books, stationery material, video games--and now a feature film.


(Source: ANN)"	['Sumikko Gurashi Movie 2']			[['Mankyuu', 'Director'], ['Sumita, Takashi', 'Screenplay'], ['Hino, Kaori', 'Art Director']]
