animeTitle	animeType	animeNumEpisode	releaseDate	endDate	animeNumMembers	animeScore	animeUsers	animeRank	animePopularity	animeDescription	animeRelated	animeCharacters	animeVoices	animeStaff
Ao no Kanata no Four Rhythm	TV	12	2016-01-12	2016-03-29	135431	6.67	56025	5248	1288	"With the invention of anti-gravitational shoes known as Grav-Shoes, the ability to fly freely has become an everyday experience for the people inhabiting a four-island archipelago south of Japan. This invention has brought the people new ways of living and also a new sport known as ""Flying Circus,"" where participants gain points by either touching floating buoys or their opponent's back.


The gullible and clumsy Asuka Kurashina, newly transferred to Kunahama High School, enters this world of flight unknowingly when she is able to pull off a difficult maneuver the first time she participates in a Flying Circus match. Eventually, this leads her to join her school’s Flying Circus club. Led by their coach, Masaya Hinata, their members consist of the experienced Misaki Tobisawa and her overprotective friend, Mashiro Arisaka. Ao no Kanata no Four Rhythm follows this rookie group soaring high above the skies and toward their dreams, armed only with their unwavering passion against an uncertain future.


[Written by MAL Rewrite]"	['Ao no Kanata no Four Rhythm']	['Tobisawa, Misaki', 'Kurashina, Asuka', 'Arisaka, Mashiro', 'Ichinose, Rika', 'Hinata, Masaya', 'Inui, Saki', 'Kagami, Aoi', 'Satouin, Reiko', 'Avalon, Irina', 'Aoyagi, Madoka']	['Asakura, Azumi', 'Fukuen, Misato', 'Yamamoto, Nozomi', 'Yonezawa, Madoka', 'Oosaka, Ryouta', 'Takamori, Natsumi', 'Ogata, Megumi', 'Taneda, Risa', 'Mizuhashi, Kaori', 'Wakabayashi, Naomi']	[['Oizaki, Fumitoshi', 'Director'], ['Morishita, Hiroto', 'Sound Director'], ['Furukawa, Tomohiro', 'Storyboard'], ['Kawada, Mami', 'Theme Song Performance, Theme Song Lyrics, Inserted Song Performance']]
