animeTitle	animeType	animeNumEpisode	releaseDate	endDate	animeNumMembers	animeScore	animeUsers	animeRank	animePopularity	animeDescription	animeRelated	animeCharacters	animeVoices	animeStaff
Rilu Rilu Fairilu: Yousei no Door	TV	59	2016-02-06	2017-03-25	2151	6.68	261	5211	9262	"""Fairilu"" are fairies of flowers, insects, mermaids, or other entities that are born from ""Farilu Seeds."" All Fairilu are born with their own key, and they must search to find and open the door that fits only their key. Once the Fairilu pass through the doors, they mature. The doors are also related to the human world.


(Source: ANN)"	['Rilu Rilu Fairilu: Mahou no Kagami']	['Lip', 'Rose', 'Himawari', 'Sumire', 'Hanamura, Nozomu']	['Hanamori, Yumiri', 'Kusuda, Aina', 'Uchida, Aya', 'Hidaka, Rina', 'Hanae, Natsuki']	[['Umetsu, Satoshi', 'Producer'], ['Yamamoto, Kouji', 'Sound Director'], ['Tsubota, Fumi', 'Script'], ['Shiggy Jr.', 'Theme Song Performance']]
