animeTitle	animeType	animeNumEpisode	releaseDate	endDate	animeNumMembers	animeScore	animeUsers	animeRank	animePopularity	animeDescription	animeRelated	animeCharacters	animeVoices	animeStaff
Ai Tenshi Densetsu Wedding Peach DX	OVA	4	1996-12-24	1997-07-25	5250	6.67	2376	5246	6854	"The 1996–1997 anime OVAs of Ai Tenshi Densetsu Wedding Peach, also known as Ai Tenshi Densetsu Wedding Peach DX (Deluxe). These four OVAs were uniquely designed and scripted, and the art style had been changed slightly from the original series as well. Each of these OVAs feature one of the Ai Tenshi along with a season: Wedding Peach—Summer, Angel Salvia—Autumn, Angel Daisy—Winter, Angel Lily—Spring. They are, however, in no way related to each other, except for some indication of previous OVAs by Hinagiku and Yuri. These are the adventures of the four Ai Tenshi, two years after their battle with Reine Devila.


(Source: AniDB)"	['Wedding Peach', 'Ai Tenshi Densetsu Wedding Peach']	['Hanasaki, Momoko', 'Tanima, Yuri', 'Ohara, Scarlet', 'Tamano, Hinagiku', 'Fuuma, Yousuke', 'Potamos', 'Jama-P', 'Aphrodite', 'Amano, Takuro', 'Dr. Belphegor']	['Hikami, Kyouko', 'Yukana', 'Miyamura, Yuko', 'Ueda, Yuuji', 'Mitsuishi, Kotono', 'Matsumoto, Miwa', 'Yamaguchi, Kappei', 'Yao, Kazuki']	[['Yuyama, Kunihiko', 'Director, Screenplay'], ['Yamamoto, Harukichi', 'Theme Song Composition'], ['Yazawa, Nao', 'Original Creator'], ['Ledford, John', 'Executive Producer']]
