animeTitle	animeType	animeNumEpisode	releaseDate	endDate	animeNumMembers	animeScore	animeUsers	animeRank	animePopularity	animeDescription	animeRelated	animeCharacters	animeVoices	animeStaff
Shinkon Gattai Godannar!!	TV	13	2003-10-01	2003-12-24	15338	6.68	4090	5214	4479	"Five years ago, while battling an alien force known as the ""Mimesis,"" Dannar pilot Goh Saruwatari first met Anna Aoi. Today, on the day of their wedding, the ceremony is interrupted when the Mimesis strike again. As Goh struggles in his battle against the alien threat, Anna stumbles upon a top secret robot known as the ""Neo-Okusaer"" and uses it as a last-resort to save her fiancee. At that moment, Dannar and Neo-Okusaer merge to become the mighty robot ""Godannar.""


(Source: ANN)"	['Shinkon Gattai Godannar!! 2nd Season']	['Saruwatari, Goh', 'Aoi, Anna', 'Aoi, Kiriko', 'Fujimura, Shizuru', 'Roux, Lou', 'Ackerman, Mira', 'Ekaterina', 'Kouji, Tetsuya', 'Kagemaru', 'Luna']	['Kondou, Takayuki', 'Nakahara, Mai', 'Honda, Takako', 'Kakazu, Yumi', 'Shimizu, Kaori', 'Hisakawa, Aya', 'Yamada, Miho', 'Hiyama, Nobuyuki', 'Yamaguchi, Tarou', 'Kawakami, Tomoko']	[['Nagaoka, Yasuchika', 'Director, Storyboard, Original Creator'], ['Aketagawa, Jin', 'Sound Director'], ['Motonaga, Keitarou', 'Episode Director'], ['Izumi, Akihiro', 'Episode Director, Key Animation']]
