animeTitle	animeType	animeNumEpisode	releaseDate	endDate	animeNumMembers	animeScore	animeUsers	animeRank	animePopularity	animeDescription	animeRelated	animeCharacters	animeVoices	animeStaff
Sasami-san@Ganbaranai	TV	12	2013-01-11	2013-03-29	76887	6.67	24075	5232	1930	"The Japanese call them hikikomori—people who've become so withdrawn socially that they refuse to leave their homes for weeks and even months at a time. For Sasami Tsukuyomi, who's attempting to pass her first year of high school despite being a shut in, it's more than just a word. Fortunately though, she lives with her older brother Kamiomi, who just happens to be a teacher at the school Sasami is supposed to attend. Not to mention, her ""Brother Surveillance Tool"" which lets her view the outside world via her computer and will, theoretically, allow her to readjust to interfacing with people again. What it mainly does, however, is let her view her brother's interactions with the three very odd Yagami sisters, who inexplicably seem to have had their ages reversed and have various types of ""interest"" in Kamiomi. And then things start to get really weird... Magical powers? Everything turning into chocolate? Is life via the web warping Sasami's brain, or is it the universe that's going crazy?


(Source: Sentai Filmworks)"	['Sasami-san@Ganbaranai']	['Tsukuyomi, Sasami', 'Yagami, Kagami', 'Yagami, Tsurugi', 'Tsukuyomi, Kamiomi', 'Yagami, Tama', 'Edogawa, Jou', 'Tsukuyomi, Juju', 'Tamamo no mae', 'Futsuno, Mika', 'Susanoo']	['Asumi, Kana', 'Hanazawa, Kana', 'Saitou, Chiwa', 'Ootsuka, Houchuu', 'Nonaka, Ai', 'Numakura, Manami', 'Asakawa, Yuu', 'Hidaka, Rina', 'Hazuki, Erino', 'Kirimoto, Takuya']	[['Ooshima, Miku', 'Producer'], ['Shinbou, Akiyuki', 'Director'], ['Okada, Kenjirou', 'Episode Director'], ['Tatsuwa, Naoyuki', 'Episode Director, Storyboard, Key Animation, Assistant Director']]
