animeTitle	animeType	animeNumEpisode	releaseDate	endDate	animeNumMembers	animeScore	animeUsers	animeRank	animePopularity	animeDescription	animeRelated	animeCharacters	animeVoices	animeStaff
Ojamajo Doremi OVA	OVA	3	2001-01-01		1780	6.68	435	5206	9748	"Traffic Safety: Onpu teaches traffic safety.
Bicycle Safety Classroom: Momoko teaches bicycle safety.
Let's!! Cooking: Learn how to make special treats!

(Source: Royal Patraine)"	['Motto! Ojamajo Doremi']			[['Takanashi, Shizue', 'Original Character Design'], ['Oku, Keiichi', 'Music']]
