animeTitle	animeType	animeNumEpisode	releaseDate	endDate	animeNumMembers	animeScore	animeUsers	animeRank	animePopularity	animeDescription	animeRelated	animeCharacters	animeVoices	animeStaff
Akage no Anne: Green Gables e no Michi	Movie	1	2010-07-17		2651	6.67	626	5247	8716	"A recap film of the first 6 episodes of the TV series.


Anne is an orphan full of imagination. When she arrives at her new home she learns that sometimes you have to be a sensible person too; at the same time her unique character changes, or at least attracts, the people around her. The story covers Anne's growth from about eleven to seventeen years old as she makes friends, goes to school and studies. At a difficult point in her life, Anne will have to make a hard choice and perhaps find a new dream. "	['Akage no Anne']	['Shirley, Anne', 'Cuthbert, Marilla', 'Sloane, Charlie']	['Yamada, Eiko']	[['Takahata, Isao', 'Director'], ['Kouyama, Seijirou', 'Script'], ['Oowada, Ritsuko', 'Theme Song Performance, Inserted Song Performance'], ['Kondou, Yoshifumi', 'Animation Director, Character Design']]
