animeTitle	animeType	animeNumEpisode	releaseDate	endDate	animeNumMembers	animeScore	animeUsers	animeRank	animePopularity	animeDescription	animeRelated	animeCharacters	animeVoices	animeStaff
Wo Jia Da Shixiong Naozi You Keng	ONA	26	2018-04-04	2018-06-23	3212	6.67	578	5244	8217	"The hilarious adventures of the eldest apprentice of a sect who has a problem with his brain.


Dongfang Xianyun is reincarnated as the eldest disciple of the Care-free sect. But the only thing that goes through his mind is to make sure he doesn't end up dying by the hands of the ""main character"". Read as he makes no sense to his sibling disciples while avoiding flags left and right.


(Source: MoroseTrans)"	['Wo Jia Da Shixiong Shi Ge Fanpai']	['Yin, Fei Xing', 'Dong Fang, Xian Yun', 'Yi, Xiang Feng', 'Gong, Chang Sheng', 'Ye, Zhao Zhao', 'Xiao Yao, Du Ying', 'Xiao Yao, Xing He']		[['Yin, Fei Xing', 'Main'], ['Dong Fang, Xian Yun', 'Main'], ['Yi, Xiang Feng', 'Supporting'], ['Gong, Chang Sheng', 'Supporting'], ['Ye, Zhao Zhao', 'Supporting'], ['Xiao Yao, Du Ying', 'Supporting'], ['Xiao Yao, Xing He', 'Supporting']]
