animeTitle	animeType	animeNumEpisode	releaseDate	endDate	animeNumMembers	animeScore	animeUsers	animeRank	animePopularity	animeDescription	animeRelated	animeCharacters	animeVoices	animeStaff
Recorder to Randoseru Do♪	TV	13	2012-01-06	2012-03-28	48791	6.67	23026	5230	2529	"Atsushi Miyagawa is an 11-year-old boy with the appearance of a fully-grown man. His 17-year-old sister, Atsumi, has the stature of a child! From Atsushi being arrested numerous times as a suspected predator to Atsumi constantly grabbed like a small child more times than she can count, many things go wrong for this curious sibling duo. Atsumi's classmate is even in love with Atsushi, oblivious to his true age!  Despite all this, indeed, there is not a single dull moment in the Miyagawa household.


[Written by MAL Rewrite]"	['Recorder to Randoseru', 'Recorder to Randoseru Re♪']	['Miyagawa, Atsushi', 'Miyagawa, Atsumi', 'Morita, Mayu', 'Takahashi, Sayo', 'Take-nii', 'Matsuzaka, Hana', 'Jun-chan', 'Kijima', 'Midori', 'Moriyama, Futami']	['Okiayu, Ryoutarou', 'Kugimiya, Rie', 'Hirano, Aya', 'Sakurai, Takahiro', 'Toujou, Sayako', 'Akesaka, Satomi', 'Kashiyama, Nanami', 'Tamiyasu, Tomoe']	[['Kimura, Hiroshi', 'Director, Episode Director'], ['Kawazoe, Kengo', 'Sound Director'], ['Karasuma, Ryou', 'Script, Screenplay'], ['Tada, Aoi', 'Theme Song Performance']]
