animeTitle	animeType	animeNumEpisode	releaseDate	endDate	animeNumMembers	animeScore	animeUsers	animeRank	animePopularity	animeDescription	animeRelated	animeCharacters	animeVoices	animeStaff
Mirai Keisatsu Urashiman	TV	50	1983-01-09	1983-12-24	1963	6.67	361	5220	9488	"By chance, Ryo has slipped from the 1980s into the future, and is trying to get back. In the interim, he's working for the police force of the future, solving cases by applying his unique and often comical approach.


(Source: ANN)"		['Claude', 'Sophia', 'Urashima, Ryuu', 'Führer', 'Myaa', 'von Ludovich, Adolf', 'Saberiewa, Mylene ']	['Kamiya, Akira', 'Yokozawa, Keiko', 'Kobayashi, Michitaka', 'Katsuki, Masako', 'Shiozawa, Kaneto', 'Kitahama, Haruko']	[['Ishiyama, Takaaki', 'Episode Director, Storyboard'], ['Kogawa, Yoriyasu', 'Episode Director, Storyboard'], ['Tomita, Sukehiro', 'Script'], ['Terada, Kenji', 'Script']]
