animeTitle	animeType	animeNumEpisode	releaseDate	endDate	animeNumMembers	animeScore	animeUsers	animeRank	animePopularity	animeDescription	animeRelated	animeCharacters	animeVoices	animeStaff
Sengoku Majin Goushougun: Toki no Etranger	Movie	1	1985-04-27		2580	6.68	808	5212	8786	"Remy Shimoda is in a hurry. She's on her way to a reunion with the other members of the Go Shogun team, and she's late. A police action with some robbers gets in her way, so she runs the robbers off the road. Her vision blurs and she gets into an accident. The movie splits into two with one plot following Remy's slow decline at the hospital with the Go Shogun members and former enemies at her side, and her experience in a strange city where she, and the rest of the team have their deaths foretold. Remy, herself, is plagued by visions of her death, and visitations from a threatening girl and her panther-like cat. The temple at the center of the city is the key, so the team sets out to battle their way into it. Based on the giant robot series ""Go Shogun"", this is a story focusing on Remy, the female member of the team. 


(Source: AniDB)"	['Sengoku Majin Goushougun']	"['Shimada, Remy', 'Bundle, Leonardo Medici', 'Gagler, Killy', 'Hojoh, Shingo', 'Cuttnal, Suegni', 'Commander Kernagul', 'Doctor', 'Nurse', ""Kernagul's secretary""]"	['Koyama, Mami', 'Shiozawa, Kaneto', 'Tanaka, Hideyuki', 'Suzuoki, Hirotaka', 'Kihara, Shoujirou', 'Gouri, Daisuke', 'Matsuoka, Fumio', 'Suzuki, Tomiko', 'Kawashima, Chiyoko']	[['Yuyama, Kunihiko', 'Director'], ['Matsuura, Noriyoshi', 'Sound Director'], ['Shudou, Takeshi', 'Script, Original Creator'], ['Takami, Akio', 'In-Between Animation']]
