animeTitle	animeType	animeNumEpisode	releaseDate	endDate	animeNumMembers	animeScore	animeUsers	animeRank	animePopularity	animeDescription	animeRelated	animeCharacters	animeVoices	animeStaff
Bokusatsu Tenshi Dokuro-chan 2	OVA	2	2007-08-11	2007-11-10	98774	6.67	60128	5250	1644	"Only more bizarre, troublesome, and funny adventures await Sakura Kusakabe as he continues living with the angel sisters Dokuro and Zakuro Mitsukai. More angels, including the polite Sabato Mihashigo and the quirky Zansu, show up to join in on the crazy situations. More often than not, their antics lead to Dokuro and her trusty Excalibolg killing Sakura, turning him into a bloody pulp.


[Written by MAL Rewrite]"	['Bokusatsu Tenshi Dokuro-chan']	['Mitsukai, Dokuro', 'Kusakabe, Sakura', 'Ichiro, Binkan', 'Mitsukai, Zakuro', 'Mihashigo, Sabato', 'Zansu', 'Minagami, Shizuki', 'Minami-san', 'Mihashigo, Babel']	['Chiba, Saeko', 'Takagi, Reiko', 'Iwata, Mitsuo', 'Watanabe, Akeno', 'Kugimiya, Rie', 'Tobita, Nobuo', 'Kawasumi, Ayako', 'Ohara, Sayaka']	[['Mizushima, Tsutomu', 'Director, Script, Theme Song Lyrics, Theme Song Composition'], ['Iwanami, Yoshikazu', 'Sound Director'], ['Chiba, Saeko', 'Theme Song Performance'], ['Okayu, Masaki', 'Original Creator']]
