animeTitle	animeType	animeNumEpisode	releaseDate	endDate	animeNumMembers	animeScore	animeUsers	animeRank	animePopularity	animeDescription	animeRelated	animeCharacters	animeVoices	animeStaff
Re:Stage! Dream Days♪	TV	12	2019-07-07	2019-09-29	9204	6.68	2983	5210	5486	"Mana Shikimiya has just transferred into Marehoshi Academy, a school which requires each of its students to join one of the many sports or cultural clubs. After a quick tour of most of the clubs by the Student Council Vice President Minori Hasegawa, Mana stumbles upon the Lyrical Tradition Dance Club. There she meets its sole members: Mizuha Ichikishima and Sayu Tsukisaka. Drawn to their singing and dancing, Mana joins the club and together they work towards their dream of winning the Prism Stage—a national competition to determine the top idols of the country.


However, before Mana and her new friends can worry about the Prism Stage, there is a more immediate problem at hand: the club is about to be disbanded by the student council! Without enough members or any notable achievements, the club will be shut down and the members' dreams will be over before they've begun to pursue them. It's up to the three of them to find the additional club members they need and become an idol group strong enough to qualify for the Prism Stage and to win it as well.


[Written by MAL Rewrite]"		['Tsukisaka, Sayu', 'Shikimiya, Mana', 'Hasegawa, Minori', 'Honjou, Kasumi', 'Ichikishima, Mizuha', 'Hiiragi, Kae', 'Misaki, Sango', 'Shikimiya, Aone', 'Itsumura, Haruka', 'Itsumura, Yukari']	['Kitou, Akari', 'Makino, Amane', 'Tanaka, Aimi', 'Takahashi, Minami', 'Hanamori, Yumiri', 'Ozawa, Ari']	[['Katagai, Shin', 'Director'], ['Kameyama, Toshiki', 'Sound Director'], ['Yamamoto, Kohta', 'Music'], ['Naitou, Ken', 'Art Director']]
