animeTitle	animeType	animeNumEpisode	releaseDate	endDate	animeNumMembers	animeScore	animeUsers	animeRank	animePopularity	animeDescription	animeRelated	animeCharacters	animeVoices	animeStaff
Tsukumo	Movie	1	2012-06-04		6758	6.67	3450	5239	6205	"One night during the 18th century, deep in the mountains, a man loses his way and comes across a small shrine. As he enters, the space transforms into a room of a different world.


(Source: Annecy)"	['Hi no Youjin', 'Buki yo Saraba', 'Gambo', 'Short Peace Opening']	['Man']	['Yamadera, Kouichi']	[['Arias, Michael', 'Producer'], ['Morita, Shuuhei', 'Director, Screenplay'], ['Ledford, John', 'Executive Producer'], ['Nakamura, Hideki', 'Background Art']]
