animeTitle	animeType	animeNumEpisode	releaseDate	endDate	animeNumMembers	animeScore	animeUsers	animeRank	animePopularity	animeDescription	animeRelated	animeCharacters	animeVoices	animeStaff
Uchuu Senkan Yamato: Aratanaru Tabidachi	Special	1	1979-07-31		3237	6.67	1047	5240	8189	"It is the year 2201. The Yamato has returned from the devastating battle with Emperor Zordar and the Comet Empire. Sanada, Aihara, and Shima are released from the hospital, and go to pay their respects to the fallen crew members at Okita's memorial. They meet Tokugawa's son Tasuke, who says that he will be joining the crew once he graduates from cadet school. The next day at his graduation, he ends up capsizing a boat full of new cadets because they are all too busy staring at the Yamato to watch where they are going.


After some problems during launch due to the new engine crew hitting the wrong switches and stalling the ship, the Yamato departs on what should be a simple training mission.


(Source: AniDB)"	['Uchuu Senkan Yamato: Aratanaru Tabidachi', 'Uchuu Senkan Yamato 2', 'Yamato yo Towa ni', 'Uchuu Senkan Yamato 2205: Aratanaru Tabidachi - Zenshou: Take Off', '']	['Kodai, Susumu', 'Desler, Aberdt', 'Mori, Yuki', 'Sanada, Shirou', 'Shima, Daisuke', 'Analyzer', 'Sado, Sakezou', 'Kodai, Mamoru', 'Starsha', 'Kodai, Sasha']	['Tomiyama, Kei', 'Ibu, Masatou', 'Ichiryuusai, Harumi', 'Aono, Takeshi', 'Nakamura, Shuusei', 'Ogata, Kenichi', 'Nagai, Ichiro', 'Hirokawa, Taichirou', 'Ueda, Miyuki']	[['Matsumoto, Leiji', 'Original Creator'], ['Kanada, Yoshinori', 'Key Animation'], ['Kogawa, Tomonori', 'Key Animation'], ['Miyagawa, Hiroshi', 'Music']]
