animeTitle	animeType	animeNumEpisode	releaseDate	endDate	animeNumMembers	animeScore	animeUsers	animeRank	animePopularity	animeDescription	animeRelated	animeCharacters	animeVoices	animeStaff
Oretachi ni Tsubasa wa Nai: Under the Innocent Sky.	TV	12	2011-04-04	2011-06-20	80053	6.68	28855	5207	1895	"Haneda Takashi has a secret he cannot speak of. To leave his dull school-life, he was supposed to have escaped to another world. However, he is reeled in by certain ties on his heart. One of these is Kobato, his awkward younger sister. The other is Watarai Asuka, his negligent girlfriend.


Chitose Shuusuke is a poor freeloader. He passes his days working at various part-time jobs. One day, he has a disastrous first encounter with Tamaizumi Hiyoko. The next time they meet, Shuusuke discovers that they are fellow employees at his part-time job.


Narita Hayato sees himself as a ""hard-boiled"" person. Back-breaking jobs are nothing to him. Hayato shuns normal human contact, but, during the nights, he would get together with delinquents and other denizens of the night. One such night, he meets the cheerful and oblivious Otori Naru.


The relationships with these girls will greatly affect these 3 young men. But what, exactly, is the relationship these young men have with each other?


(Source: AnimeNFO)"	['Oretachi ni Tsubasa wa Nai - Prelude', 'Oretachi ni Tsubasa wa Nai -Rhapsody-', 'Oretachi ni Tsubasa wa Nai ~berceuse~', 'Oretachi ni Tsubasa wa Nai: Hadairo Ritsu Kyuuwari Zou!?']	['Narita, Hayato', 'Ootori, Naru', 'Watarai, Asuka', 'Chitose, Shuusuke', 'Tamaizumi, Hiyoko', 'Haneda, Takashi', 'Haneda, Youji', 'Haneda, Kobato', 'Alice', 'Ootori, Kakeru']	['Suwabe, Junichi', 'Gotou, Yuuko', 'Yoshida, Mayumi', 'Miura, Hiroaki', 'Ono, Ryouko', 'Shimono, Hiro', 'Yonaga, Tsubasa', 'Matayoshi, Ai', 'Aoki, Sayaka', 'Hino, Satoshi']	[['Ushiro, Shinji', 'Director, Episode Director, Storyboard'], ['Enomoto, Takahiro', 'Sound Director'], ['Tsuchiya, Hiroyuki', 'Episode Director'], ['Kamanaka, Nobuharu', 'Episode Director, Storyboard, Assistant Director']]
