animeTitle	animeType	animeNumEpisode	releaseDate	endDate	animeNumMembers	animeScore	animeUsers	animeRank	animePopularity	animeDescription	animeRelated	animeCharacters	animeVoices	animeStaff
Pokemon Fushigi no Dungeon: Sora no Tankentai - Toki to Yami wo Meguru Saigo no Bouken	Special	1	2009-04-12		9395	6.68	4251	5209	5438	"In a world where Pokémon live and communicate with each other, there are mythical treasures known as the Time Gears that regulate the flow of time in their respective areas. If one is removed from its resting place, time will freeze in that area, so even evil Pokémon do not dare to steal them. But recently, anomalies in time have been appearing throughout the land, causing the appearance of Mystery Dungeons and violent Pokémon. Pokémon exploration teams have been formed to explore these Mystery Dungeons, arrest the violent Pokémon, and help maintain the peace.


It turns out that the anomalies in time have not been caused by the recent disappearance of the Time Gears, but by Temporal Tower slowly falling apart and Dialga corrupting into Dark Dialga. The newly infamous thief Juptile had stolen the Time Gears in order to take them to Temporal Tower and stop its deterioration. The Pokémon exploration team Team Pokédans—which consists of Hikozaru and a once-human Pochama—must team up with Juptile to go to the Phantom Land where Temporal Tower is located. If the trio fails, Temporal Tower will completely collapse, leaving the whole world frozen in time forever...


[Written by MAL Rewrite]"	['Pokemon Diamond & Pearl', 'Pokemon Fushigi no Dungeon: Toki no Tankentai, Yami no Tankentai']			[['Yuyama, Kunihiko', 'Director'], ['Tajiri, Satoshi', 'Original Creator'], ['Sugimori, Ken', 'Original Character Design'], ['Nicodème, Jean-Daniel', 'ADR Director']]
