animeTitle	animeType	animeNumEpisode	releaseDate	endDate	animeNumMembers	animeScore	animeUsers	animeRank	animePopularity	animeDescription	animeRelated	animeCharacters	animeVoices	animeStaff
Nana Maru San Batsu	TV	12	2017-07-05	2017-09-20	69350	6.68	28338	5204	2060	"As soon as he entered high school, the first year student Koshiyama Shiki was invited to the mysterious Quiz Study Group led by his senpai. What will Shiki run into when being dragged along by his class mate Mari into the dazzling world of competitive quizzes?!


(Source: Comic Walker)"	['Nana Maru San Batsu']	['Koshiyama, Shiki', 'Fukami, Mari', 'Mikuriya, Chisato', 'Sasajima, Gakuto', 'Inoue, Daisuke', 'Sasajima, Jinko', 'Sonohara, Akira', 'Niina, Takumi', 'Sonohara, Chiaki', 'Sasaki, Hajime']	['Horie, Shun', 'Kawashima, Umika', 'Ishikawa, Kaito', 'Satou, Takuya', 'Hatanaka, Tasuku', 'Matsuda, Satsumi', 'Nagatsuka, Takuma', 'Suzuki, Tatsuhisa', 'Sakura, Ayane', 'Yamaya, Yoshitaka']	[['Okuwaki, Masaharu', 'Director'], ['Watanabe, Jun', 'Sound Director'], ['Kakihara, Yuuko', 'Script, Series Composition'], ['Hirota, Mitsutaka', 'Script']]
