animeTitle	animeType	animeNumEpisode	releaseDate	endDate	animeNumMembers	animeScore	animeUsers	animeRank	animePopularity	animeDescription	animeRelated	animeCharacters	animeVoices	animeStaff
Rewrite	TV	13	2016-07-02	2016-09-24	186186	6.67	76283	5231	964	"Kazamatsuri, a modern, well-developed city renowned for its burgeoning greenery and rich Japanese culture, is home to Kotarou Tennouji, a high schooler least privy to the place's shared values. Content to fill his pockets with frivolity, the proud and nosey boy whiles away his time pestering the self-proclaimed delinquent Haruhiko, and indulging in his amorous feelings toward the oddball Kotori.


Equipped with the superhuman ability to permanently rewrite any part of his body to multiply his strength or speed, Kotarou is naturally drawn to the supernatural. One special meeting with the lone member and president of the Occult Research Club, the ""Witch"" Akane Senri, leads to Kotarou reviving the Occult Club by recruiting Kotori and three other members: the clumsy transfer student Chihaya, the strict class representative Lucia, and the unassuming Shizuru. As Kotarou unveils hidden secrets of each member of the Occult Club through their shared adventures, he will inevitably encounter a fate that only he might be able to rewrite.


[Written by MAL Rewrite]"	['Rewrite:Side-Terra', 'Rewrite 2nd Season']	['Tennouji, Kotarou', 'Nakatsu, Shizuru', 'Kanbe, Kotori', 'Konohana, Lucia', 'Senri, Akane', 'Kagari', 'Ootori, Chihaya', 'Ootori, Sakuya', 'Yoshino, Haruhiko', 'Esaka, Sougen']	['Morita, Masakazu', 'Suzuki, Keiko', 'Saitou, Chiwa', 'Asaki, Risa', 'Kitamura, Eri', 'Hanazawa, Kana', 'Shinomiya, Saya', 'Konishi, Katsuyuki', 'Yanagita, Junichi', 'Touchi, Hiroki']	[['Tanaka, Motoki', 'Director, Series Composition'], ['Hamano, Takatoshi', 'Sound Director'], ['Majima, Takahiro', 'Episode Director'], ['Aoshima, Takashi', 'Script']]
