animeTitle	animeType	animeNumEpisode	releaseDate	endDate	animeNumMembers	animeScore	animeUsers	animeRank	animePopularity	animeDescription	animeRelated	animeCharacters	animeVoices	animeStaff
Oishinbo	TV	136	1988-10-17	1992-03-17	2507	6.68	260	5205	8853	"Oishinbo is a drama about newspaper reporters. The main character is a cynical food critic named Yamaoka. Oishinbo is a popular mainstream comic for adults in Japan. It is even mentioned in an episode of ""Iron Chef.""


(Source: AniDB)"	['Oishinbo', 'Oishinbo: Kyuukyoku tai Shikou, Chouju Ryouri Taiketsu!!', 'Oishinbo Pilot']	['Yamaoka, Shirou', 'Kurita, Yuuko', 'Kaibara, Yuuzan', 'Tomii, Osamu', 'Chairman Oohara', 'President Itayama', 'Kinzou', 'Soba Vendor', 'Okaboshi, Seiichi']	['Inoue, Kazuhiko', 'Shou, Mayumi', 'Otsuka, Chikao', 'Aomori, Shin', 'Saka, Osamu', 'Tsujimura, Mahito', 'Ootsuka, Houchuu', 'Futamata, Issei', 'Wakamoto, Norio']	[['Takeuchi, Yoshio', 'Director'], ['Urakami, Yasuo', 'Sound Director'], ['Mizushima, Tsutomu', 'Episode Director, Storyboard, Production Manager, Color Setting'], ['Yonetani, Yoshitomo', 'Episode Director, Storyboard']]
