animeTitle	animeType	animeNumEpisode	releaseDate	endDate	animeNumMembers	animeScore	animeUsers	animeRank	animePopularity	animeDescription	animeRelated	animeCharacters	animeVoices	animeStaff
Ultraman	ONA	13	2019-04-01		20903	6.7	9596	5118	3941	"Fifty years ago, an extraterrestrial giant of light known as Ultraman saved the earth but vanished. Ultraman's human host, Shin Hayata, was left with no memory of his time as a hero. Hayata's young son, Shinjirou, is found to have been born with a more powerful and durable body than any normal human. The organization who aided Ultraman, the SSSP, reveals Hayata's past to him. His father then dons a power suit again, assuming the role of Ultraman once more.


One night, Shinjirou is attacked by an alien named Bemular and rescued by his father, who is severely injured in the battle. With dangerous aliens lurking in the city and Hayata out of commission, it falls to Shinjirou to pick up the torch. But in working with the SSSP as the new Ultraman, Shinjirou finds himself wondering how far is he willing to go to help people.


[Written by MAL Rewrite]"	['Ultraman', 'The☆Ultraman', 'Ultraman Season 2']	['Hayata, Shinjirou', 'Hayata, Shin', 'Moroboshi, Dan', 'Kurata', 'Jack', 'Adad', 'Endou, Yousuke', 'Ide, Mitsuhiro', 'Shiraishi', 'Bemlar']	['Kimura, Ryouhei', 'Tanaka, Hideyuki', 'Eguchi, Takuya', 'Sekido, Hirokazu', 'Takeuchi, Ryouta', 'Tsuda, Kenjirou', 'Hanawa, Eiji', 'Uo, Ken', 'Shiraishi, Minoru', 'Soze, Kaiji']	[['Kamiyama, Kenji', 'Director'], ['Aramaki, Shinji', 'Director, Storyboard'], ['Sunayama, Kurasumi', 'Script'], ['Higaki, Ryou', 'Script']]
