animeTitle	animeType	animeNumEpisode	releaseDate	endDate	animeNumMembers	animeScore	animeUsers	animeRank	animePopularity	animeDescription	animeRelated	animeCharacters	animeVoices	animeStaff
Uta∽Kata	TV	12	2004-10-03	2004-12-19	23096	6.7	8186	5119	3745	"It's the last day of the school term in Kamakura Girl's School, and summer is about to begin. Serious but polite 14-year-old Ichika Tachibana is excited to make her summer vacation with her friends a special break to remember! But little does Ichika know that this summer will be more special than she could have ever imagined.


While cleaning in an unused school building, Ichika notices an image of an unfamiliar girl in place of her own reflection in a large mirror. Convinced by her friends that she was just seeing things, she is surprised to see the girl in the mirror later that day, holding her lost cell phone. Introducing herself as Manatsu Kuroki, she comes out of the mirror and hands Ichika's phone back—and to Ichika's surprise, the stones on her cell phone charm have changed colors and now allow her to borrow the power of the 12 Djinn that watch over the world.

Uta Kata is a tale of a young girl who will realize new things through her interactions with these spirits. As the Djinn show her overwhelming sights, they will soon also bring to her overwhelming thoughts...


[Written by MAL Rewrite]"	['Uta∽Kata', 'Uta∽Kata: Shotou no Futanatsu']	['Tachibana, Ichika', 'Kuroki, Manatsu', 'Toudou, Kai', 'Toudou, Sei', 'Munakata, Michiru', 'Hinata, Michiko', 'Maki', 'Shirasaka, Shiho', 'Nakano, Tooru', 'Munakata, Rumiko']	['Honda, Youko', 'Asano, Masumi', 'Canna, Nobutoshi', 'Tobita, Nobuo', 'Tamura, Yukari', 'Nagata, Ryoko', 'Kakazu, Yumi', 'Hiramatsu, Akiko', 'Sasanuma, Akira', 'Honda, Takako']	[['Gotou, Keiji', 'Director, Episode Director, Storyboard, Key Animation, Principle Drawing'], ['Aketagawa, Jin', 'Sound Director'], ['Sokuza, Makoto', 'Episode Director'], ['Itou, Tatsufumi', 'Episode Director, Storyboard']]
