animeTitle	animeType	animeNumEpisode	releaseDate	endDate	animeNumMembers	animeScore	animeUsers	animeRank	animePopularity	animeDescription	animeRelated	animeCharacters	animeVoices	animeStaff
Alien 9	OVA	4	2001-06-25	2002-02-25	30749	6.69	13022	5145	3245	"Soon after entering middle school, Yuri Otani is coerced into joining the ""Alien Party,"" a single-minded group with one goal: capture any alien attempting to enter school grounds. Terrified of aliens her entire life, Otani is anything but thrilled, and to make matters worse, her kit includes a ""Borg""—an alien-like creature tasked with ensuring her safety. Despite this, she finds solace in her two partners: the independent and reliable Kumi Kawamura, and the smart and energetic Kasumi Tomine.


As the Alien Party works to fend off extraterrestrial threats, will their roller blades and lacrosse sticks be enough to overcome the dire challenges ahead, or will they succumb to fear and suffer the grim consequences of defeat?


[Written by MAL Rewrite]"	['Alien 9']	['Otani, Yuri', 'Kawamura, Kumi', 'Tomine, Kasumi', 'Borg', 'Knife, Yellow', 'Hisakawa, Megumi', 'Otani, Satoko', 'Hironaka, Tomoya', 'Namiki, Manabu', 'Iwanami, Hiroshi']	['Ihata, Juri', 'Shimizu, Kaori', 'Shitaya, Noriko', 'Nakao, Ryusei', 'Ishida, Akira', 'Hisakawa, Aya', 'Katou, Yuuko', 'Sakuma, Rei', 'Sanpei, Yuuko']	[['Irie, Yasuhiro', 'Director'], ['Fujimoto, Jirou', 'Director, Episode Director, Storyboard'], ['Iwanami, Yoshikazu', 'Sound Director'], ['Minakami, Seishi', 'Script']]
