animeTitle	animeType	animeNumEpisode	releaseDate	endDate	animeNumMembers	animeScore	animeUsers	animeRank	animePopularity	animeDescription	animeRelated	animeCharacters	animeVoices	animeStaff
Nobunagun	TV	13	2014-01-05	2014-03-30	61553	6.69	27204	5127	2227	"Shio Ogura is a Japanese high school student, who is visiting Taiwan on a school trip when she is suddenly attacked by monsters. Agents known as ""E-Gene Holders"" from the government agency DOGOO also arrive, who wield weapons infused with the spirits of historical figures. Shio is revealed to also be an E-Gene Holder when the soul of Oda Nobunaga awakens after she tries to rescue a friend.


(Source: Wikipedia)"	['Nobunagun']	['Ogura, Shio', 'Muirhead, Adam', 'Beckham, Jess', 'Mirza, Mahesh', 'Dogoo', 'Oda, Nobunaga', 'Saint-Germain', 'Gaudí, Antoni', 'Anush', 'Galilei, Galileo']	['Mutou, Shiori', 'Suzuki, Tatsuhisa', 'Asakawa, Yuu', 'Shimazaki, Nobunaga', 'Watanabe, Akeno', 'Tobita, Nobuo', 'Yusa, Kouji', 'Murase, Ayumu', 'Tsuda, Kenjirou', 'Uesaka, Sumire']	[['Kondou, Nobuhiro', 'Director, Storyboard'], ['Tsuchiya, Masaki', 'Sound Director'], ['Uesaka, Sumire', 'Theme Song Performance'], ['Asakawa, Yuu', 'Theme Song Performance']]
