animeTitle	animeType	animeNumEpisode	releaseDate	endDate	animeNumMembers	animeScore	animeUsers	animeRank	animePopularity	animeDescription	animeRelated	animeCharacters	animeVoices	animeStaff
Seiken no Blacksmith	TV	12	2009-10-03	2009-12-19	161551	6.7	74301	5112	1096	"Forty-four years ago, the surviving nations of the Valbanil War declared peace and forbade the use of the devastating demon contracts that ravaged the land. Now, inexperienced knight Cecily Cambell is eager to follow the example of her family and protect the people of the city using the sword she inherited from her father.


Her first challenge arises in the market. A crazed swordsman wreaks havoc upon civilians and Cecily jumps into action to restore order. Overwhelmed, her weapon shatters, but a skilled stranger wielding a strange-looking sword intervenes. With the situation diffused, Cecily heads to a local blacksmith in an effort to restore her family heirloom. However, she finds out that her savior—the blacksmith Luke Ainsworth—may be the only person capable of such intricate repairs. Determined to have her treasured sword repaired, she seeks out the man who rescued her.


However, a group of bandits suddenly attack a convoy headed for the city. The assailants look inhuman, and an ice demon appears. Luke suspects the use of a demon contract and calls upon a sacred power to defeat them. Meanwhile, a shadowy hooded figure lurks, watching from a distance. Who is this mysterious evildoer, and what does his appearance mean for the pair?


[Written by MAL Rewrite]
"	['Seiken no Blacksmith']	['Ainsworth, Luke', 'Cambell, Cecily', 'Lisa', 'Aria', 'Elsa', 'Siegfried', 'Margot', 'Evadne', 'Penelope', 'Doris']	['Okamoto, Nobuhiko', 'Fujimura, Ayumi', 'Toyosaki, Aki', 'Toyoguchi, Megumi', 'Shintani, Ryouko', 'Okiayu, Ryoutarou', 'Chihara, Minori', 'Yukino, Satsuki', 'Takahashi, Mikako', 'Sawashiro, Miyuki']	[['Kouchiyama, Takashi', 'Producer'], ['Hidaka, Masamitsu', 'Director'], ['Yano, Satoshi', 'Sound Director'], ['Deai, Kotomi', 'Episode Director, Storyboard']]
