animeTitle	animeType	animeNumEpisode	releaseDate	endDate	animeNumMembers	animeScore	animeUsers	animeRank	animePopularity	animeDescription	animeRelated	animeCharacters	animeVoices	animeStaff
Nobunaga no Shinobi: Nobunaga to Minarai Shinobi	Special	1	2016-03-25		4139	6.7	2284	5106	7544	"Oda Nobunaga saves a girl from drowning one day. She clumsily tells him that she's a shinobi. Instead of attempting to kill him, she swears to serve him one day after hearing his plans to unify Japan.


(Source: Crunchyroll)"	['Nobunaga no Shinobi']	['Chidori', 'Oda, Nobunaga', 'Narration']	['Minase, Inori', 'Hatano, Wataru']	[['Masuda, Toshio', 'Music'], ['Shigeno, Naoki', 'Original Creator']]
