animeTitle	animeType	animeNumEpisode	releaseDate	endDate	animeNumMembers	animeScore	animeUsers	animeRank	animePopularity	animeDescription	animeRelated	animeCharacters	animeVoices	animeStaff
Meiken Jolie	TV	52	1981-04-07	1982-06-22	2461	6.7	884	5103	8901	"After befriending a white Pyrenees dog he names Belle, Sebastian sets out on a journey to find the mother he knows is still alive. 


(Source: ANN)"		['Sebastian', 'Angelina', 'Mendoza', 'Toros, Munyo', 'Cavallo, Johan', 'Maria', 'Rena', 'Policeman Martin', 'Commissioner', 'Berg, Prim']	['Ohara, Noriko', 'Yokozawa, Keiko', 'Imanishi, Masao', 'Mine, Eken', 'Nomoto, Reizou', 'Matsuoka, Youko', 'Ichiryuusai, Harumi', 'Tsumura, Takashi', 'Kimotsuki, Kaneta', 'Nishio, Toku']	"[['Okuda, Seiji', 'Storyboard'], ['Horie, Mitsuko', 'Theme Song Performance'], [""D'Avena, Cristina"", 'Theme Song Performance'], ['Ichiba, Mamoru', 'Theme Song Performance, Inserted Song Performance']]"
