animeTitle	animeType	animeNumEpisode	releaseDate	endDate	animeNumMembers	animeScore	animeUsers	animeRank	animePopularity	animeDescription	animeRelated	animeCharacters	animeVoices	animeStaff
Bakuman. 2nd Season Special	Special	1	2012-09-26		14244	6.69	5731	5146	4609	"Salaryman Rakko 11-gou encounters a prowler scolding Rie and Naho for bumping into him. The passerby attempts to mediate, but he ends up insulted when his half-human, half-otter appearance is brought up.


[Written by MAL Rewrite]"	['Bakuman. 2nd Season']			[['Obata, Takeshi', 'Original Character Design'], ['Ohba, Tsugumi', 'Original Creator']]
