animeTitle	animeType	animeNumEpisode	releaseDate	endDate	animeNumMembers	animeScore	animeUsers	animeRank	animePopularity	animeDescription	animeRelated	animeCharacters	animeVoices	animeStaff
Smile Precure!	TV	48	2012-02-05	2013-01-27	33731	6.69	14921	5137	3114	"To teenager Miyuki Hoshizora, fairy tales are a world of wondrous encounters and happy endings. Inspired by her love for these stories, she lives every day searching for happiness. While running late on her first day of school as a transfer student, Miyuki meets Candy—a mysterious fairy from the world of fairy tales, Märchenland. However, when Candy disappears as quickly as she appeared, Miyuki is left believing the encounter was only a dream.


After an eventful first day, Miyuki finds a mysterious library at school. While combing through the bookshelves, she is transported next to Candy, who claims to be searching for the so-called legendary warriors, Precure. When forced to protect Candy's and everyone else's happiness, Miyuki transforms into ""Cure Happy,"" one of the Precure warriors! As Cure Happy, Miyuki is now tasked with finding the other legendary warriors and protecting the world from destruction, all while possibly discovering her very own happy ending.


[Written by MAL Rewrite]"	"['Smile Precure!', 'Futari wa Precure', 'Futari wa Precure: Splash☆Star', 'Futari wa Precure: Max Heart', 'Yes! Precure 5', 'Yes! Precure 5 GoGo!', 'Fresh Precure!', 'Heartcatch Precure!', 'Suite Precure♪', 'Dokidoki! Precure', 'Happiness Charge Precure!', 'Go! Princess Precure', 'Mahoutsukai Precure!', 'Kirakira☆Precure A La Mode', 'Hug tto! Precure', 'Star☆Twinkle Precure', ""Healin' Good♡Precure"", 'Tropical-Rouge! Precure', 'Precure All Stars Movie New Stage: Mirai no Tomodachi', 'Precure All Stars Movie New Stage 2: Kokoro no Tomodachi', 'Precure Dream Stars! Movie', 'Smile Precure! Movie: Ehon no Naka wa Minna Chiguhagu!']"	['Kise, Yayoi', 'Hoshizora, Miyuki', 'Aoki, Reika', 'Hino, Akane', 'Midorikawa, Nao', 'Candy', 'Wolfrun', 'Joker', 'Pop', 'Kashimoto, Mayuka']	['Kanemoto, Hisako', 'Fukuen, Misato', 'Nishimura, Chinami', 'Tano, Asami', 'Inoue, Marina', 'Ootani, Ikue', 'Shimura, Tomoyuki', 'Mitsuya, Yuuji', 'Sakaguchi, Daisuke', 'Fujii, Yukiyo']	[['Umezawa, Atsutoshi', 'Producer'], ['Ootsuka, Takashi', 'Director, Episode Director'], ['Shida, Naotoshi', 'Episode Director, Key Animation'], ['Ikehata, Hiroshi', 'Episode Director, Storyboard']]
