animeTitle	animeType	animeNumEpisode	releaseDate	endDate	animeNumMembers	animeScore	animeUsers	animeRank	animePopularity	animeDescription	animeRelated	animeCharacters	animeVoices	animeStaff
Moero! Top Striker	TV	49	1991-10-10	1992-09-24	3802	6.69	1927	5126	7773	"Hikaru Kicker is a 13-year-old boy who loves football. He has grown up playing with a football at all times ever since his father's friend gave him one when he was still only a baby.

Hikaru goes to Italy to learn the sport. He first joins a strong team at Genova, but soon quits this team to join an extremely weak team named ""Columbus"" with his female friend Anna.

Experiencing many hardships and difficulties, their team gradually becomes stronger and stronger, and finally they defeat Margerita, one of the strongest soccer teams in Genova.

Soon Hikaru hears that Genova will stage its first soccer tournament. Throughout the tournament, Hikaru and his teammates confront many rivals and develop increasing maturity.

Can Hikaru score a goal and which team will win the championship?

(Source: Nippon Animation)"		['Kicker, Hikaru', 'Santis, Mario', 'Julian', 'Cesare']	['Ikura, Kazue', 'Orikasa, Ai', 'Matsumoto, Rica', 'Yamazaki, Takumi']	[['Yasumura, Ryou', 'Director'], ['Yamada, Etsuji', 'Sound Director'], ['Ishidou, Hiroyuki', 'Episode Director'], ['Kuriyama, Yoshihide', 'Episode Director, Storyboard']]
