animeTitle	animeType	animeNumEpisode	releaseDate	endDate	animeNumMembers	animeScore	animeUsers	animeRank	animePopularity	animeDescription	animeRelated	animeCharacters	animeVoices	animeStaff
Captain Tsubasa: Asu ni Mukatte Hashire!	Movie	1	1986-03-15		4297	6.69	2003	5150	7448	"The third Captain Tsubasa movie is basically about a training match of the All Japan Boy Soccer Team, but most of the time you see flashbacks of former matches, for instance the final match Nankatsu vs. Toho or when Wakabayashi challenges team captains of different sports.


(Source: ANN)"	['Captain Tsubasa']	['Oozora, Tsubasa', 'Wakabayashi, Genzou', 'Misaki, Tarou', 'Nakazawa, Sanae']		[['Takahashi, Yoichi', 'Original Creator'], ['Okayasu, Hajime', 'Editing'], ['Nagao, Hitoshi', 'Art Director']]
