animeTitle	animeType	animeNumEpisode	releaseDate	endDate	animeNumMembers	animeScore	animeUsers	animeRank	animePopularity	animeDescription	animeRelated	animeCharacters	animeVoices	animeStaff
Puka Puka Juju	Movie	1	2012-03-19		5050	6.69	2607	5130	6965	"Mika dreams of the day when she can visit the beach with her father. Already overburdened by his day-to-day responsibilities, it seems like her father gets called in to do last-minute work every weekend. Even if he somehow manages a break, his crippling fear of the ocean would prevent him from truly enjoying the beach with his daughter.


After yet another postponement, Mika plays in a kiddie pool alone, with only Juju, an inflatable dugong, to keep her company. But things take a turn for the bizarre when Juju comes to life and tells Mika that he will take her to the ocean in her father's place. As Mika hangs on to Juju for dear life, she wonders if her trip is more than what she bargained for.


[Written by MAL Rewrite]"	['Buta', 'Wasurenagumo', 'Shiranpuri (Movie)']	['Turtle', 'Mama', 'Papa', 'Mika', 'Juju', 'Mimika']	['Okamura, Akemi', 'Miyake, Kenta', 'Katou, Emiri', 'Umeda, Kikumi', 'Mizuhashi, Kaori']	[['Kiso, Yukari', 'Producer'], ['Kawamata, Hiroshi', 'Director'], ['Seyama, Takeshi', 'Editing'], ['Tsuchiya, Kenichi', 'Key Animation']]
