animeTitle	animeType	animeNumEpisode	releaseDate	endDate	animeNumMembers	animeScore	animeUsers	animeRank	animePopularity	animeDescription	animeRelated	animeCharacters	animeVoices	animeStaff
Terra e... (TV) Specials	Special	3	2007-01-01	2008-01-01	2662	6.7	922	5116	8705	"Episode list:

1: Episode 00 - Pilot Movie

2: TYPE BLUE -the ORIGIN-

3: Epilogue


Music video Coming Home to Terra isn't included in the entry as it doesn't contain any new scenes. Recap episode, also known as episode 6.5, is actually a fan-made picture drama; thus, it's also not included."	['Terra e...', 'Terra e... (TV)']	['Soldier Blue', 'Shin, Jomy Marquis', 'Anyan, Keith', 'Physis']	['Sugita, Tomokazu', 'Saiga, Mitsuki', 'Koyasu, Takehito', 'Kobayashi, Sanae']	[['Takanashi, Yasuharu', 'Music'], ['Takemiya, Keiko', 'Original Creator'], ['Yuuki, Nobuteru', 'Character Design'], ['Izubuchi, Yutaka', 'Mechanical Design']]
