animeTitle	animeType	animeNumEpisode	releaseDate	endDate	animeNumMembers	animeScore	animeUsers	animeRank	animePopularity	animeDescription	animeRelated	animeCharacters	animeVoices	animeStaff
Shuffle! Prologue	OVA	1	2005-05-27		16702	6.7	6514	5113	4335	"Shuffle! Prologue is a short OVA teaser for the Shuffle! anime series based on the visual novel of the same name. While some of the animation was reused for the first episode of the anime series, most of Shuffle! Prologue is unique animation not repeated in the series, although the story itself is retold. 


(Source: Wikipedia)"	['Shuffle!']	['Shigure, Asa', 'Fuyou, Kaede', 'Primula', 'Eustoma, Lisianthus', 'Nerine', 'Tsuchimi, Rin', 'Thyme, Mayumi', 'Eustoma', 'Benibara, Nadeshiko', 'Midoriba, Itsuki']	['Itou, Miki', 'Gotou, Yuuko', 'Hitomi', 'Aoki, Sayaka', 'Nagami, Haruka', 'Sugita, Tomokazu', 'Inoue, Miki', 'Kosugi, Juurouta', 'Oda, Mari', 'Ogihara, Hideki']	[['Yuria', 'Theme Song Performance'], ['Suzuhira, Hiro', 'Original Character Design'], ['Nishimata, Aoi', 'Original Character Design'], ['Navel', 'Original Creator']]
