animeTitle	animeType	animeNumEpisode	releaseDate	endDate	animeNumMembers	animeScore	animeUsers	animeRank	animePopularity	animeDescription	animeRelated	animeCharacters	animeVoices	animeStaff
Seton Doubutsuki: Kuma no Ko Jacky	TV	26	1977-06-07	1977-12-16	1822	6.69	826	5134	9678	"One day a native American boy named Lan meets two little bears at the foot of the Sierra Nevada, where he lives with his father.

Lan names the brother bear ‘Jacky’ and the sister bear ‘Jill’. As Lan plays with the two bears, they become good friends. However their happiness doesn’t last for long. Lan’s father accidentally shoots the two little bears’ mother to death. Feeling sorry for them, Lan decides to take Jackie and Jill back home to live with him.


(Source: AniDB)"	['Seton Doubutsuki']	['Keruyan', 'Jacky', 'Ran', 'Jill', 'Rocky Ojii-san', 'Alice']	['Hazumi, Jun', 'Tsukase, Noriko', 'Matsuo, Yoshiko', 'Yokozawa, Keiko', 'Nagai, Ichiro', 'Inoue, You']	[['Kuroda, Yoshio', 'Director'], ['Nakanishi, Ryuuzou', 'Script'], ['Okuda, Seiji', 'Storyboard'], ['Saitou, Hiroshi', 'Storyboard']]
