animeTitle	animeType	animeNumEpisode	releaseDate	endDate	animeNumMembers	animeScore	animeUsers	animeRank	animePopularity	animeDescription	animeRelated	animeCharacters	animeVoices	animeStaff
Tsukumogami Kashimasu	TV	12	2018-07-23	2018-10-15	15389	6.69	3863	5141	4484	"The series is set during the Edo period, in the Fukagawa ward of old Edo (present-day Tokyo). Because the area is prone to fire and flooding, residents rent everyday items like pots, futons, and clothing from shops instead of purchasing them, so as not to impede them when they flee. Obeni and Seiji, an older sister and younger brother, run one such rental shop called Izumoya. However, mixed in with their inventory are tsukumogami, objects that have turned into spirits after a hundred years of existence. The siblings sometimes lend these sentient items to customers. Both Obeni and Seiji can see and talk to these spirits, and other tsukumogami often come to the store after hearing of the famed siblings. 


(Source: ANN)"		['Okou', 'Seiji', 'Tsukuyomi', 'Ohime', 'Usagi', 'Goi', 'Notetsu', 'Sanae', 'Satarou']	['Komatsu, Mikako', 'Enoki, Junya', 'Nakano, Yutaka', 'Akesaka, Satomi', 'Iguchi, Yuka', 'Hirakawa, Daisuke', 'Nara, Tooru', 'Mikami, Shiori', 'Sakurai, Takahiro']	[['Murata, Masahiko', 'Director'], ['Ebina, Yasunori', 'Sound Director'], ['Shimoyama, Kento', 'Script, Series Composition'], ['Urasawa, Yoshio', 'Script']]
