animeTitle	animeType	animeNumEpisode	releaseDate	endDate	animeNumMembers	animeScore	animeUsers	animeRank	animePopularity	animeDescription	animeRelated	animeCharacters	animeVoices	animeStaff
Souten no Ken	TV	22	2006-10-05	2007-03-15	10467	6.7	2858	5114	5211	"A mysterious man known as ""the King of Death"" roams the streets of pre-war Shanghai in this action-packed prequel to Fist of the North Star.


Shanghai in the 1930s is a dangerous place. Foreign governments and Chinese factions have carved the city into different quarters, each with its own laws and government, and all rife with corruption. As the major powers vie for political control, the streets are left to local gangs. Life is cheap, and death is always near.


In days past, one man walked these mean streets battling the forces of evil. He was known only as Yan Wang, ""the King of Death."" Few knew who he really was, but many knew that he was a master of Hokuto Shinken - Fist of the North Star - a lethal martial art. He disappeared years ago after dispatching the city's worst gangsters, and is now rumored to be in Japan. Various people have come to Japan in search of him, but who will find him first?"	['Souten no Ken', 'Souten no Ken Specials', 'Souten no Ken: Regenesis']	['Kasumi, Kenshirou', 'Ryuuken', 'de Guise, Charles', 'Zhang, Taiyan', 'Mang, Kuangyun', 'Pan, Guanglin', 'Kitaoji, Aya', 'Ye, Ziying', 'Pan, Yuling']	['Yamadera, Kouichi', 'Kondou, Takashi', 'Kusunoki, Taiten', 'Ootsuka, Houchuu', 'Yanada, Kiyoyuki', 'Terasoma, Masaki', 'Hisakawa, Aya', 'Satou, Yuudai']	[['Honda, Yasunori', 'Sound Director'], ['Imagawa, Yasuhiro', 'Script'], ['Egami, Kiyoshi', 'Storyboard'], ['Aiuchi, Rina', 'Theme Song Performance']]
